Autor,Titulo,Año de publicación,Volumen,Pagina-inicio,Pagina-fin,No páginas,No referencias,Referentes,URL,DOI,PDF,Idioma,Tipo de documento,Área temática/campo,Notas,Edición,Tomo,Número,ISBN
"Acosta, Joseph de","Historia natural y moral de las indias en que se tratan las cosas notables del cielo, elementos, metales, plantas y animales de ellas; y los ritos, ceremonias, leyes, gobierno y guerras de los indios",1792,1,1,306,306,,HistoriaNatural; Indias; metales ; plantas ; animales ; ritos ; ceremonias; leyes; gobierno; guerras,https://www.biodiversitylibrary.org/item/82308#page/9/mode/1up,,Sí,Español,Monografia,Ciencias de la vida,,6,1,,
Adams,A short account of the american aloe,,,,,,,Account; American aloe,,,No,Inglés,,Ciencias de la vida,,,,,
"Georg Agardh, Jacob",Nya alger fran Mexico,1847,1,1,13,13,,Alger; México,https://books.google.com.mx/books?id=MTpiNAAACAAJ&dq=Nya+alger+fran+Mexico&hl=es-419&sa=X&ved=2ahUKEwjejLeyz6XsAhXSZs0KHZy3DIcQ6AEwAHoECAEQAQ,,No,,Monografia,Ciencias de la vida,,,,,
"Aiton Townsend, William",Hortus Kewensis or a catalogue of the plants cultivated in the royal botanic garden at kew,1789,1,2,496,496,,Hortus Kewensis; catalog plants; royal botanic garden at kew,https://www.biodiversitylibrary.org/item/23432#page/1/mode/1up,https://doi.org/10.5962/bhl.title.4504,Sí,Inglés,Fuente secundaria de información,Ciencias de la vida,,2,,,
"Albarrán y Beiza, Agustin",Apuntes para el estudio del Tabaquillo.,1890,,1,24,24,,Estudio;Tabaquillo,https://books.google.com.mx/books?id=DcoAoQEACAAJ&dq=Apuntes+para+el+estudio+del+Tabaquillo&hl=es-419&sa=X&ved=2ahUKEwit6sOrv6bsAhVGL6wKHeekBgUQ6AEwAHoECAIQAQ,,No,Español,Monografia,Ciencias de la vida,,,,,
"Alcázar, Bartolomé de",Observaciones sobre el Achiote o Campeche,1704,,,,,,Observaciones; Achiote; Campeche,,,No,Español,,Ciencias de la vida,,,,,
"Alamán y Escalada, Lúcas",Apuntes para el estudio del Tabaquillo,,,,,,,Apuntes; tabaquillo,,,No,Español,,Ciencias de la vida,,,,,
"Alamán y Escalada, Lúcas","Varias notas botánicas y plantas secas remitidas a Ginebra a De Candolle, como se patentiza en el Produmus",,,,,,,Notas botánicas; plantas secas,,,No,Español,,Ciencias de la vida,,,,,
"Alamán y Escalada, Lúcas",Observaciones sobre el Achiote o Campeche,,,,,,,Observaciones; Achiote; Campeche,,,No,Español,,Ciencias de la vida,,,,,
"Alcedo y Bejarano, Antonio","Diccionario geográfico-histórico de las Indias Occidentales o América: es á saber: de los reinos del Peru, Nueva España, Tierra-Firme, Chile, y Nuevo Reyno de Granada. Con la descipción de sus provincias,naciones, ciudades, villas, pueblos, rios,montes, costas, puertos, islas, arzobispados, obispados, audiencias, virreynatos, gobiernos,corregimientos y fortalezas, frutos y producciones: con expresión de sus descubridores, conquistadores y fundadores: conventos y religiones: erección de sus catedralesy obispos que ha habido en ellas: y noticia de los sucesos más notables de varios lugares: incendios, terremotos, sitios, é invasiones que han experimentado: y hombres ilustres que han producido.",1788,,,,,,Diccionario geografico; indias occidentales; América; Nueva España; provincias; ríos; montes,http://cdigital.dgb.uanl.mx/la/1020133454/1020133454_001.pdf,,Sí,Español,Fuente secundaria,Ciencias de la vida,,,3,,
"Alcocer, Gabriel",El bosque de Chapultepec: proyecto de un Jardin Botánico,1886,,318,323,6,,Chapultepec; Jardin botánico; Proyecto,https://www.biodiversitylibrary.org/item/121643#page/343/mode/1up,,Sí,Español,Articulo,Ciencias de la vida,,,7,,
"Alcocer, Pascual",Estudios de algunos principios astringentes vegetales,1876,,1,23,23,,Estudios; astrigentes vegetales,https://books.google.com.mx/books/about/Estudio_de_algunos_principios_astringent.html?id=qffboAEACAAJ&redir_esc=y,,No,Español,Monografia,Ciencias de la vida,,,,,
"Alconedo Rodríguez, Luis","Plantas, estudios y dibujos de ellas que nunca se publicaron",,,,,,,Plantas; estudios; dibujos,,,No,Español,,Ciencias de la vida,,,,,
Aldinus T. y Castelli P.,Hortus Farnesianus,1625,,,,,,Hortus Farnesianus,,,No,Latín,,Ciencias de la vida,,,,,
"Alfaro, Ramón",Del Cihoapatli o Zoapatle,1866,2,47,48,2,,Cihoapatli; Zoapatle,https://babel.hathitrust.org/cgi/pt?id=mdp.39015046999432&view=2up&seq=52,,Si,Español,Articulo,Ciencias de la vida,,,2,3,
"Alas, Alberto V.","Descripción y análisis del Tlanchinole o Hanchinol, Heimia syphilitica",,,,,,,Tlanchinole; Hanchinol,,,No,Español,Articulo,Ciencias de la vida,,,1,9,
"Almodavar Fr, Lúcas",Farmacopea prontuaria,,,,,,,Farmacopea prontuaris,,,No,Español,Monografía,Ciencias de la vida,,,,,
"Altamirano, Manuel",Disertación acerca de los hongos,1839,,375,389,15,,Disertación; Hongos,,,No,Español,Articulo,Ciencias de la vida,1a serie,4,4,,
"Altamirano, Manuel",Cartilla botánica dispuesta por M. Altamirano,,,1,16,16,,Cartilla botánica,,,No,Español,,Ciencias de la vida,,,,,
"Altamirano, Manuel",Algunas nociones de botánica en versos por M. Altamirano,,,,,,,Botánica; versos,,,No,Español,,Ciencias de la vida,,,,,
"Altamirano, Federico",El zoapatle,1871,,212,214,3,,Zoapatle; Sinhuapaste,https://www.biodiversitylibrary.org/item/120585#page/234/mode/1up,,Si,Español,Articulo,Ciencias de la vida,,,2,,
"Altamirano, Fernando",Sobre efectos de Guau,1868,,149,151,3,,Efectos; Guau,,,No,Español,Articulo,Ciencias de la vida,,,1,,
"Altamirano, Fernando",El árbol del Mamey,1874,,138,144,7,,Árbol; Mamey,https://www.biodiversitylibrary.org/item/49853#page/152/mode/1up,,Sí,Español,Articulo,Ciencias de la vida,,,3,,
"Altamirano, Fernando",Catálogo de la colección de productos naturales indigenas remitidos por la sociedad de Historia Natural a la Exposicion internacional de Filadelfia,1874,,382,392,11,,Productos naturales; catálogo,https://www.biodiversitylibrary.org/item/49853#page/404/mode/1up,,Si,Español,Articulo,Ciencias de la vida,,,3,,
"Altamirano, Fernando",Discurso en la sesión dedicada a la memoria del Sr. Dr D. Lauro Jiménez,1874,,375,381,7,,Discurso; memoria; Lauro Jimenez,https://www.biodiversitylibrary.org/item/49853#page/397/mode/1up,,Si,Español,Discurso,Ciencias de la vida,,,3,,
"Altamirano, Fernando",Del colorín,1877,12,77,91,14,,Colorín,https://babel.hathitrust.org/cgi/pt?id=mdp.39015046999515&view=1up&seq=85,,Si,Español,Articulo,Ciencias de la vida,,,12,5,
"Altamirano, Fernando",Tabaquillo,1878,13,21,22,2,,Tabaquillo,https://babel.hathitrust.org/cgi/pt?id=uc1.$b214456&view=1up&seq=27,,Si,Español,Articulo,Ciencias de la vida,,,13,,
"Altamirano, Fernando",Leguminosas indigenas medicinales. Contribución al estudio de la farmacología nacional,1878,,1,55,55,,Leguminosas indígenas; farmacología nacional,https://collections.nlm.nih.gov/ext/dw/101637046/PDF/101637046.pdf,,Si,Español,Monografia,Ciencias de la vida,,,,,
"Altamirano, Fernando",Apuntes para el estudio de los medicamentos irritantes indígenas,1880,,505,510,6,,Estudio; medicamentos indígenas; irritantes,,,No,Español,Apuntes,Ciencias de la vida,,,15,,
"Altamirano, Fernando",Algunas observaciones sobre dos plantas medicinales indigenas Cascalote y Lentejilla,1882,,49,57,9,,Observaciones; plantas medicinales; Cascalote; Lentejilla,https://drfernandoaltamirano.blogspot.com/2016/01/algunas-observaciones-sobre-dos-plantas.html,,Sí,Español,Apuntes,Ciencias de la vida,,,17,4,
"Altamirano, Fernando",Clasificación botanica y aplicaciones útiles de las plantas remitidas por el ministro de fomento,1882,,230,236,7,,Clasificación Botanica; plantas; ministro de fomento,,,No,Español,Articulo,Ciencias de la vida,,,19,,
"Altamirano, Fernando",Apuntes para el estudio de la cocaina,1885,,107,151,44,,Apuntes; estudio; cocaina,https://drfernandoaltamirano.blogspot.com/2016/01/apuntes-para-el-estudio-de-la-cocaina-7.html,,Sí,Español,Apuntes,Ciencias de la vida,Dividida en 2 partes,,20,6 y 8,
"Altamirano, Fernando",La uretana,1886,,25,29,5,,Uretana,https://drfernandoaltamirano.blogspot.com/2015/10/la-uretana-articulo-escrito-en-octubre.html,,Sí,Español,Articulo,Ciencias de la vida,,,22,,
"Altamirano, Fernando",Texcalama,1887,,118,122,5,,Texcalama,https://drfernandoaltamirano.blogspot.com/2015/12/texcalama-22-de-diciembre-de-1886.html,,Sí,Español,Articulo,Ciencias de la vida,,,22,7,
"Altamirano, Fernando",Nuevos apuntes para el estudio del colorin,1888,,370,392,22,,Apuntes; estudio; colorín,https://drfernandoaltamirano.blogspot.com/2015/12/diciembre-de-1877-nuevos-apuntes-para.html,,Sí,Español,Apuntes,Ciencias de la vida,,,23,18,
"Altamirano, Fernando","Axocopaque o Axocopaconi de Hernández. Ericáceas, Gautheria ovata. D.C",1889,,14,16,3,,Axocopaque ; Axocopaconi,https://drfernandoaltamirano.blogspot.com/2019/08/10-de-junio-de-1889-axocopaque-o.html?utm_source=feedburner&utm_medium=feed&utm_campaign=Feed:+DrFernandoAltamirano+(Dr.+Fernando+Altamirano)&m=1,,Sí,Español,Articulo,Ciencias de la vida,Primera parte del artículo,,1,1,
"Altamirano, Fernando",Segundo articulo sobre el Axocopaque o Axocopaconi de Hernández,1889,,29,32,4,,Axocopaque ; Axocopaconi,https://drfernandoaltamirano.blogspot.com/2019/08/17-de-junio-de-1889-segunda-parte-del.html,,Sí,Español,Articulo,Ciencias de la vida,Segunda parte del articulo,,1,2,
"Altamirano, Fernando",El Chahuax,1889,,44,46,3,,Chahuax,https://drfernandoaltamirano.blogspot.com/2019/08/24-de-junio-de-1889-el-chahuax.html,,Sí,Español,Articulo,Ciencias de la vida,,,1,3,
"Altamirano, Fernando",La yerba del chicle [Asclepias lanuginosa],1890,,177,179,3,,Yerba del chicle,https://drfernandoaltamirano.blogspot.com/2019/08/13-de-marzo-de-1890-la-yerba-del-chicle.html,,Sí,Español,Articulo,Ciencias de la vida,,,2,12,
"Altamarino, Fernando",Breve informe acerca de los trabajos hechos en el Instituto Médico Nacional para el diseño de la planta llamada Matarique . Ccacalia Decomposita,1890,,81,86,6,,Informe; planta Matarique,https://drfernandoaltamirano.blogspot.com/2016/08/breve-informe-acerca-de-los-trabajos.html,,Sí,Español,Informe,Ciencias de la vida,,,3,6,
"Altamirano, Fernando",Reseña de una expedición científica al Estado de Michoacán,1890,,62,65,4,,Reseña; expedición científica; Michoacan,https://drfernandoaltamirano.blogspot.com/2015/12/resena-de-una-expedicion-cientifica-al.html,,Sí,Español,Reseña,Ciencias de la vida,,,4,2,
"Altamirano, Fernando",Apuntes para el estudio de la acción fisiologica y terapéutica de la Lobelia Laxifolia H. B. K.: var angustifolia,1891,,12,15,4,,Apuntes; acción fisiologica; acción terapeutica,https://drfernandoaltamirano.blogspot.com/2019/09/abril-1891-apuntes-para-el-estudio-de.html,,Sí,Español,Apuntes,Ciencias de la vida,,,4,1,
"Altamirano, Fernando",Datos para el estudio de la producción del Chicle,1892,,251,254,4,,Datos; Producción del chicle,https://drfernandoaltamirano.blogspot.com/2019/09/7-de-enero-de-1892-datos-para-el.html,,Sí,Español,Articulo,Ciencias de la vida,,,4,8,
"Altamirano, Fernando",Lista de las plantas recogidas en la expedición a las Mixtecas de Oaxaca en el mes de enero de 1893,1893,,452,452,1,,Lista de plantas ; expedición; Oaxaca,,,No,Español,Articulo,Ciencias de la vida,,,4,,
"Altamirano, Fernando",Algunos datos farmacológicos acerca de catorce plantas mexicanas,1893,3,215,215,1,,Datos farmacológicos; plantas mexicanas,,,No,Español,Articulo,Ciencias de la vida,Año 3,,,,
"Altamirano, Fernando",Proyecto para formar una Farmacopea Panamericana presentado al Congreso Panamericano,1893,3,237,237,1,,Proyecto; Farmacopea; congreso Panamericano,,,No,Español,Articulo,Ciencias de la vida,Año 3,,,,
"Altamirano, Fernando",Datos para las aplicaciones medicas del Indigo,1894,,74,76,3,,Datos; aplicaciones medicas; Indigo,https://drfernandoaltamirano.blogspot.com/2016/02/datos-para-las-aplicaciones-medicas-del.html,,Sí,Español,Articulo,Ciencias de la vida,,,1,2,
"Altamirano, Fernando",El Pañete: plumbago pulchella- plumbagíneas,1894,,79,94,15,,Datos; Pañete; materia medica mexicana,https://www.biodiversitylibrary.org/item/256613#page/87/mode/1up,,Sí,Español,Articulo,Ciencias de la vida,1a parte,,,,
"Altamirano, Fernando",El Matarique: cacalia decomposita- compuestas,1894,,193,200,7,,Informe; Matarique,https://www.biodiversitylibrary.org/item/256613#page/215/mode/1up,,Sí,Español,Articulo,Ciencias de la vida,1a parte,,,,
"Altamirano, Fernando",La Atanasia amarga: bickelia cavanillesii- compuestas,1894,,269,280,11,,Atanasia amarga,https://www.biodiversitylibrary.org/item/256613#page/303/mode/1up,,Sí,Español,Articulo,Ciencias de la vida,1a parte,,,,
"Altamarino, Fernando","El simonillo: conyza filaginoides, D.C",1894,,295,312,17,,Simonillo,https://www.biodiversitylibrary.org/item/256613#page/335/mode/1up,,Sí,Español,Articulo,Ciencias de la vida,1a parte,,,,
"Altamirano, Fernando",El añil: indigofera anil- leguinosas,1894,,313,340,27,,Añil,https://www.biodiversitylibrary.org/item/256613#page/355/mode/1up,,Sí,Español,Articulo,Ciencias de la vida,1a parte,,,,
"Altamirano, Fernando",Lista de los nombres vulgares y botánicos de arboles y arbustos propios para repoblar los bosques de la República acompañados de la indicación de los climas en que vegetan y de la manera de propagarlos,1894,,1,17,17,,Lista; nombres; árboles; arbustos; República,https://archive.org/details/listadenombresv00alta/page/n3/mode/2up,,Sí,Español,Monografia,Ciencias de la vida,,,,,
"Altamirano, Fernando",Descripción de todas las drogas,1895,,,,,,Descripción; drogas,,,No,Español,Articulo,Ciencias de la vida,,4,,,
"Altamirano, Fernando","Ligeros apuntes de la flora del camino entre México, Tulancingo y Huauchinango",1890-1891,,123,130,8,,Apuntes; flora ; México; Tulancingo; Huauchinango,https://drfernandoaltamirano.blogspot.com/2016/04/ligeros-apuntes-de-la-flora-del-camino.html,,Sí,Español,Apuntes,Ciencias de la vida,,,4,,
"Altamirano, Fernando",Apuntes sobre el Huicicialtemetl,,,49,52,4,,Apuntes;Huicicialtemetl,,,No,Español,Apuntes,Ciencias de la vida,,,15,,
"Altamirano, Fernando",Repertorio de plantas medicinales indígenas,,,,,,,Plantas medicinales indígenas,,,No,Español,Monografia,Ciencias de la vida,,,,,
"Altamirano, Fernando",Plantas de Nueva España,,,,,,,Plantas ; Nueva España,,,No,Español,Monografia,Ciencias de la vida,,,,,
"Alvarado y Rivera, Ignacio",Breve estudio sobre el Cintul,1882,,1,15,15,,Estudio;Cintul,,,No,Español,Monografia,Ciencias de la vida,,,,,
"Alzate Ramirez, José Antonio","Método para sembrar, podar y sacar fruto de las moreras",1793,,,,,,Método; sembrar; fruto; moreras,https://gazetademexico.colmex.mx/items/show/12456,,No,Español,Articulo,Ciencias de la vida,,,,20,
"Alzate Ramirez, José Antonio",Repulsa a lo publicado por D. Joseph de Vazquez,1831,1,107,112,6,,Repulsa; publicado,https://books.google.com.mx/books?id=gKpLAQAAMAAJ&pg=PT3&dq=Repulsa+a+lo+publicado+por+D.+Joseph+de+Vazquez+jose+alzate&hl=es-419&sa=X&ved=2ahUKEwit9tSl0brsAhXMW80KHfdYA54Q6AEwAHoECAQQAg#v=onepage&q=Repulsa%20a%20lo%20publicado%20por%20D.%20Joseph%20de%20Vazquez%20jose%20alzate&f=false,,Si,Español,Artículo,Ciencias de la vida,,,1,,
"Alzate Ramirez, José Antonio",Botánica,1831,1,20,27,8,,Botánica; nomenclatura; clasificación,https://books.google.com.mx/books?id=rP24AAAAIAAJ&printsec=frontcover&source=gbs_ge_summary_r&cad=0#v=onepage&q&f=false,,Sí,Español,Artículo,Ciencias de la vida,,,1,,
"Alzate Ramirez, José Antonio",Observaciones sobre el cura del gálico,1831,1,34,36,3,,Observaciones; cura del gálico,https://books.google.com.mx/books?id=rP24AAAAIAAJ&printsec=frontcover&source=gbs_ge_summary_r&cad=0#v=onepage&q&f=false,,Si,Español,Artículo,Ciencias de la vida,,,1,,
"Alzate Ramirez, José Antonio",Memorias acerca del ambar amarillo,1831,1,61,65,5,,Memorias; ambar amarillo,https://books.google.com.mx/books?id=rP24AAAAIAAJ&printsec=frontcover&source=gbs_ge_summary_r&cad=0#v=onepage&q&f=false,,Si,Español,Artículo,Ciencias de la vida,,,1,,
"Alzate Ramirez, José Antonio",Memoria acerca del cultivo del añil,1831,1,194,202,9,,Memoria; cultivo; añil,https://books.google.com.mx/books?id=gKpLAQAAMAAJ&pg=PA194&dq=Memoria+acerca+del+cultivo+del+a%C3%B1il&hl=es-419&sa=X&ved=2ahUKEwic8Pie7ZztAhUXCM0KHZIIAL4Q6AEwAXoECAYQAg#v=onepage&q=Memoria%20acerca%20del%20cultivo%20del%20a%C3%B1il&f=false,,Si,Español,Artículo,Ciencias de la vida,,,1,,
"Alzate Ramirez, José Antonio",Sobre la agricultura y principalmente tocante al Añil,1831,2,133,141,9,,Agricultura; añil,https://books.google.com.mx/books?id=q9AEAAAAYAAJ&printsec=frontcover&source=gbs_ge_summary_r&cad=0#v=onepage&q=A%C3%B1il&f=false,,Sí,Español,Artículo,Ciencias de la vida,,,2,,
"Alzate Ramirez, José Antonio","Un articulo referente a la obra examen de una sustancia gelatinosa, colectada por M. Domber en Nopal por Mr. Sage",1831,2,162,167,7,,Artículo; sustancia gelatinosa,https://books.google.com.mx/books?id=q9AEAAAAYAAJ&printsec=frontcover&source=gbs_ge_summary_r&cad=0#v=onepage&q=A%C3%B1il&f=false,,Sí,Español,Artículo,Ciencias de la vida,,,2,,
"Alzate Ramirez, José Antonio",Sobre la planta de Moictle,1831,2,167,167,1,,Planta; Moictle,https://books.google.com.mx/books?id=q9AEAAAAYAAJ&printsec=frontcover&source=gbs_ge_summary_r&cad=0#v=onepage&q=A%C3%B1il&f=false,,Sí,Español,Artículo,Ciencias de la vida,,,2,,
"Alzate Ramirez, José Antonio",Sobre la Yuca,1831,2,318,324,7,,Yuca,https://books.google.com.mx/books?id=q9AEAAAAYAAJ&printsec=frontcover&source=gbs_ge_summary_r&cad=0#v=onepage&q=A%C3%B1il&f=false,,Sí,Español,Artículo,Ciencias de la vida,,,2,,
"Alzate Ramirez, José Antonio",Sobre el Chayote,1831,2,328,333,6,,Chayote,https://books.google.com.mx/books?id=q9AEAAAAYAAJ&printsec=frontcover&source=gbs_ge_summary_r&cad=0#v=onepage&q=A%C3%B1il&f=false,,Sí,Español,Artículo,Ciencias de la vida,,,2,,
"Alzate Ramirez, José Antonio",Memoria acerca de la hierba del pollo,1831,2,343,349,7,,Memoria; hierba del pollo,https://books.google.com.mx/books?id=q9AEAAAAYAAJ&printsec=frontcover&source=gbs_ge_summary_r&cad=0#v=onepage&q=pollo&f=false,,Sí,Español,Memoria,Ciencias de la vida,,,2,,
"Alzate Ramirez, José Antonio",Memoria sobre agricultura,1831,2,382,399,18,,Memoria; agricultura,https://books.google.com.mx/books?id=q9AEAAAAYAAJ&printsec=frontcover&source=gbs_ge_summary_r&cad=0#v=onepage&q=pollo&f=false,,Sí,Español,Memoria,Ciencias de la vida,,,2,,
"Alzate Ramirez, José Antonio",Sobre el arbol de las cuentas de Xabon,1831,3,630,630,1,,Árbol; cuentas de Xabon,,,Sí,Español,Artículo,Ciencias de la vida,,,3,,
"Alzate Ramirez, José Antonio",Sobre el pochote,1831,3,333,,,,Pochote,,,No,Español,Artículo,Ciencias de la vida,,,3,,
"Alzate Ramirez, José Antonio",Tinta,1831,4,236,238,3,,Tinta; sustancia vegetales,https://books.google.com.mx/books?id=6_64AAAAIAAJ&printsec=frontcover&source=gbs_ge_summary_r&cad=0#v=onepage&q&f=false,,Si,Español,Articulo,Ciencias de la vida,,,4,,
"Alzate Ramirez, José Antonio",Medicina botánica,1831,4,245,246,2,,Medicina botánica; Chauhtli,https://books.google.com.mx/books?id=6_64AAAAIAAJ&printsec=frontcover&source=gbs_ge_summary_r&cad=0#v=onepage&q=medicina%20botanica&f=false,,Si,Español,Articulo,Ciencias de la vida,,,4,,
"Alzate Ramirez, José Antonio",Remedio contra la rabia. Es el árbol de la Margarita,1831,4,331,332,2,,Rabia; Árbol; Margarita,https://books.google.com.mx/books?id=6_64AAAAIAAJ&printsec=frontcover&source=gbs_ge_summary_r&cad=0#v=onepage&q=rabia&f=false,,Sí,Español,Articulo,Ciencias de la vida,,,4,,
"Alzate Ramirez, José Antonio",Industrias ó arbitros económicos para el tiempo calamitoso a beneficio publico,1831,4,383,384,1,,Industrias; Arbitros económicos,https://books.google.com.mx/books?id=6_64AAAAIAAJ&printsec=frontcover&source=gbs_ge_summary_r&cad=0#v=onepage&q&f=false,,Sí,Español,Articulo,Ciencias de la vida,,,4,,
"Alzate Ramirez, José Antonio",Modo de alimentar puercos con bellota,1831,4,386,386,1,,Modo; puercos; bellota,https://books.google.com.mx/books?id=6_64AAAAIAAJ&printsec=frontcover&source=gbs_ge_summary_r&cad=0#v=onepage&q&f=false,,Sí,Español,Articulo,Ciencias de la vida,,,4,,
"Alzate Ramirez, José Antonio",Sobre el uso de la arnica,1831,4,388,389,2,,Uso de la arnica,https://books.google.com.mx/books?id=6_64AAAAIAAJ&printsec=frontcover&source=gbs_ge_summary_r&cad=0#v=onepage&q&f=false,,Sí,Español,Articulo,Ciencias de la vida,,,4,,
"Alzate Ramirez, José Antonio",Preservativo contra los insectos en las coelcciones de Historia Natural: La cebadilla,1831,4,432,433,2,,Preservativo; insectos; Historia Natural; Cebadilla,https://books.google.com.mx/books?id=6_64AAAAIAAJ&pg=PT3&lpg=PT3&dq=gaceta+de+mexico+industrias+o+arbitrios+economicos+por+tiempo+calamitoso&source=bl&ots=oF9iVgeVkG&sig=ACfU3U2a-xogucgOiQj2CJI4PvhN4F7w-Q&hl=es-419&sa=X&ved=2ahUKEwipoJfn8rfsAhXQhK0KHVhoDygQ6AEwA3oECAgQAg#v=onepage&q=gaceta%20de%20mexico%20industrias%20o%20arbitrios%20economicos%20por%20tiempo%20calamitoso&f=false,,Sí,Español,Articulo,Ciencias de la vida,,,4,,
"Alzate Ramirez, José Antonio",Consejos utiles para socorrer a la necesidad en tiempo que escasean los comestibles,1831,4,166,175,10,,Consejos: necesidad; comestibles,https://books.google.com.mx/books?id=6_64AAAAIAAJ&printsec=frontcover&source=gbs_ge_summary_r&cad=0#v=onepage&q&f=false,,Sí,Español,Articulo,Ciencias de la vida,,,4,,
"Alzate Ramirez, José Antonio",Continuación del papel que con el título de consejos y con un sumplemento al papel que con el título de consejos,1831,4,177,182,5,,Título de consejos,https://books.google.com.mx/books?id=6_64AAAAIAAJ&printsec=frontcover&source=gbs_ge_summary_r&cad=0#v=onepage&q&f=false,,Sí,Español,Articulo,Ciencias de la vida,,,4,,
"Alzate Ramirez, José Antonio",Cultivo y beneficios del añil,1831,4,110,115,6,,Cultivo; beneficios del añil,https://books.google.com.mx/books?id=6_64AAAAIAAJ&printsec=frontcover&source=gbs_ge_summary_r&cad=0#v=onepage&q=a%C3%B1il&f=false,,Si,Español,Artículo,Ciencias de la vida,,,4,,
"Alzate Ramirez, José Antonio",Sobre el maíz,1831,4,425,426,2,,Maiz,https://books.google.com.mx/books?id=6_64AAAAIAAJ&printsec=frontcover&source=gbs_ge_summary_r&cad=0#v=onepage&q=maiz&f=false,,Si,Español,Artículo,Ciencias de la vida,,,4,,
"Alzate Ramirez, José Antonio",Agricultura,1831,4,209,213,5,,Agricultura,https://books.google.com.mx/books?id=6_64AAAAIAAJ&printsec=frontcover&source=gbs_ge_summary_r&cad=0#v=onepage&q&f=false,,Si,Español,Artículo,Ciencias de la vida,,,4,,
"Alzate Ramirez, José Antonio",Receta para hacer tortillas con olote mezclado con maíz,1831,4,384,385,2,,Receta;tortillas; olote; maíz,https://books.google.com.mx/books?id=6_64AAAAIAAJ&printsec=frontcover&source=gbs_ge_summary_r&cad=0#v=onepage&q&f=false,,Si,Español,Artículo,Ciencias de la vida,,,4,,
"Alzate Ramirez, José Antonio",Modo de hacer tortillas,1831,4,385,385,1,,Modo; tortillas,https://books.google.com.mx/books?id=R9EEAAAAYAAJ&printsec=frontcover&source=gbs_ge_summary_r&cad=0#v=onepage&q&f=false,,Si,Español,Artículo,Ciencias de la vida,,,4,,
"Alzate Ramirez, José Antonio",Modo de hacer tortillas con la cabeza del maguey,1831,4,387,387,1,,Modo; tortillas; cabeza de maguey,https://books.google.com.mx/books?id=6_64AAAAIAAJ&printsec=frontcover&source=gbs_ge_summary_r&cad=0#v=onepage&q&f=false,,Si,Español,Artículo,Ciencias de la vida,,,4,,
"Alzate Ramirez, José Antonio",Sobre los jardineros de Europa,1831,4,393,393,1,,Jardineros; Europa,https://books.google.com.mx/books?id=R9EEAAAAYAAJ&pg=PA393&dq=sobre+los+jardineros+de+europa+jose+alzate&hl=es-419&sa=X&ved=2ahUKEwj5jJvExbnsAhUTX80KHU9HB44Q6AEwAHoECAAQAg#v=onepage&q=sobre%20los%20jardineros%20de%20europa%20jose%20alzate&f=false,,Si,Español,Artículo,Ciencias de la vida,,,4,,
"Alzate Ramirez, José Antonio",Sobre la goma lacca,1831,4,396,396,1,,Goma lacca,https://books.google.com.mx/books?id=6_64AAAAIAAJ&printsec=frontcover&source=gbs_ge_summary_r&cad=0#v=onepage&q&f=false,,Si,Español,Artículo,Ciencias de la vida,,,4,,
"Alzate Ramirez, José Antonio",Carta satisfactoria a un literato.,1831,4,399,413,14,,Carta; literato,https://books.google.com.mx/books?id=6_64AAAAIAAJ&pg=PT3&lpg=PT3&dq=gaceta+de+mexico+industrias+o+arbitrios+economicos+por+tiempo+calamitoso&source=bl&ots=oF9iVgeVkG&sig=ACfU3U2a-xogucgOiQj2CJI4PvhN4F7w-Q&hl=es-419&sa=X&ved=2ahUKEwipoJfn8rfsAhXQhK0KHVhoDygQ6AEwA3oECAgQAg#v=onepage&q=gaceta%20de%20mexico%20industrias%20o%20arbitrios%20economicos%20por%20tiempo%20calamitoso&f=false,,Si,Español,Artículo,Ciencias de la vida,,,4,,
"Alzate Ramirez, José Antonio",Sobre Cuapinole,1831,4,417,418,2,,Cuapinole,https://books.google.com.mx/books?id=6_64AAAAIAAJ&pg=PT3&lpg=PT3&dq=gaceta+de+mexico+industrias+o+arbitrios+economicos+por+tiempo+calamitoso&source=bl&ots=oF9iVgeVkG&sig=ACfU3U2a-xogucgOiQj2CJI4PvhN4F7w-Q&hl=es-419&sa=X&ved=2ahUKEwipoJfn8rfsAhXQhK0KHVhoDygQ6AEwA3oECAgQAg#v=onepage&q=gaceta%20de%20mexico%20industrias%20o%20arbitrios%20economicos%20por%20tiempo%20calamitoso&f=false,,Si,Español,Artículo,Ciencias de la vida,,,4,,
"Alzate Ramirez, José Antonio",Sobre el trigo,1831,4,420,420,1,,Trigo,https://books.google.com.mx/books?id=6_64AAAAIAAJ&pg=PT3&lpg=PT3&dq=gaceta+de+mexico+industrias+o+arbitrios+economicos+por+tiempo+calamitoso&source=bl&ots=oF9iVgeVkG&sig=ACfU3U2a-xogucgOiQj2CJI4PvhN4F7w-Q&hl=es-419&sa=X&ved=2ahUKEwipoJfn8rfsAhXQhK0KHVhoDygQ6AEwA3oECAgQAg#v=onepage&q=gaceta%20de%20mexico%20industrias%20o%20arbitrios%20economicos%20por%20tiempo%20calamitoso&f=false,,Si,Español,Artículo,Ciencias de la vida,,,4,,
"Alzate Ramirez, José Antonio",Siguen los trigos,1831,4,422,425,4,,Trigos,https://books.google.com.mx/books?id=6_64AAAAIAAJ&pg=PT3&lpg=PT3&dq=gaceta+de+mexico+industrias+o+arbitrios+economicos+por+tiempo+calamitoso&source=bl&ots=oF9iVgeVkG&sig=ACfU3U2a-xogucgOiQj2CJI4PvhN4F7w-Q&hl=es-419&sa=X&ved=2ahUKEwipoJfn8rfsAhXQhK0KHVhoDygQ6AEwA3oECAgQAg#v=onepage&q=gaceta%20de%20mexico%20industrias%20o%20arbitrios%20economicos%20por%20tiempo%20calamitoso&f=false,,Si,Español,Artículo,Ciencias de la vida,,,4,,
"Alzate Ramirez, José Antonio",Sobre el maíz,1831,4,425,426,2,,Maiz,https://books.google.com.mx/books?id=6_64AAAAIAAJ&pg=PT3&lpg=PT3&dq=gaceta+de+mexico+industrias+o+arbitrios+economicos+por+tiempo+calamitoso&source=bl&ots=oF9iVgeVkG&sig=ACfU3U2a-xogucgOiQj2CJI4PvhN4F7w-Q&hl=es-419&sa=X&ved=2ahUKEwipoJfn8rfsAhXQhK0KHVhoDygQ6AEwA3oECAgQAg#v=onepage&q=gaceta%20de%20mexico%20industrias%20o%20arbitrios%20economicos%20por%20tiempo%20calamitoso&f=false,,Si,Español,Artículo,Ciencias de la vida,,,4,,
"Alzate Ramirez, José Antonio",Remedio contra las lombrices y para conservar la dentadura,1831,4,436,438,3,,Remedio; lombrices; dentadura,https://books.google.com.mx/books?id=R9EEAAAAYAAJ&pg=PA436&lpg=PA436&dq=Remedio+contra+las+lombrices+y+para+conservar+la+dentadura;+la+cebadilla+jose+alzate&source=bl&ots=CsJRXKubZj&sig=ACfU3U18-bHJ7l-H1GFKNjkfUH8qbNIbOA&hl=es-419&sa=X&ved=2ahUKEwjMy4u1vbrsAhVRL6wKHQAkBC4Q6AEwAXoECAEQAg#v=onepage&q=Remedio%20contra%20las%20lombrices%20y%20para%20conservar%20la%20dentadura%3B%20la%20cebadilla%20jose%20alzate&f=false,,Si,Español,Artículo,Ciencias de la vida,,,4,,
"Alzate Ramirez, José Antonio",Utilidad de la yerba de carbonero,1831,4,439,440,2,,Utilidad; yerba de carbonero,https://books.google.com.mx/books?id=6_64AAAAIAAJ&printsec=frontcover&source=gbs_ge_summary_r&cad=0#v=onepage&q&f=false,,Si,Español,Artículo,Ciencias de la vida,,,4,,
"Alzate Ramirez, José Antonio",Noticia de la impresión de la obra de Hernández,1831,4,441,444,4,,Noticia; obra; Hernández,https://books.google.com.mx/books?id=6_64AAAAIAAJ&printsec=frontcover&source=gbs_ge_summary_r&cad=0#v=onepage&q&f=false,,Si,Español,Artículo,Ciencias de la vida,,,4,,
"Alzate Ramirez, José Antonio",Otro alimento para el socorro de los pobres enfermos y sanos,1831,4,182,186,5,,Alimento; pobres; enfermos; sanos,https://books.google.com.mx/books?id=R9EEAAAAYAAJ&pg=PA182&dq=Otro+alimento+para+el+socorro+de+los+pobres+enfermos+y+sanos+jose+alzate&hl=es-419&sa=X&ved=2ahUKEwiZm6jEzrrsAhVId6wKHeInBzYQ6AEwAHoECAMQAg#v=onepage&q=Otro%20alimento%20para%20el%20socorro%20de%20los%20pobres%20enfermos%20y%20sanos%20jose%20alzate&f=false,,Si,Español,Artículo,Ciencias de la vida,,,4,,
"Alzate Ramirez, José Antonio",Memoria sobre el beneficio y cultivo del cacao,1831,4,35,40,6,,Memoria; beneficio; cultivo; cacao,https://books.google.com.mx/books?id=6_64AAAAIAAJ&printsec=frontcover&source=gbs_ge_summary_r&cad=0#v=onepage&q=cacao&f=false,,Si,Español,Memoria,Ciencias de la vida,,,4,,
"Alzate Ramirez, José Antonio","Memoria sobre la naturaleza, cultivo y beneficio de la grana",,,1,250,250,,Memoria; naturaleza; cultivo; beneficio; grana,https://books.google.com.mx/books/about/Memoria_sobre_la_naturaleza_cultivo_y_be.html?id=Z2seAQAAIAAJ&redir_esc=y,,No,Español,Monografia,Ciencias de la vida,,,,,
"Alzate Ramirez, José Antonio",Descipción de una máquina muy sencilla y muy util para deshuesar el algodón,,,389,399,10,,Descripción; máquina; algodón,https://www.academia.edu/8308682/Jos%C3%A9_Antonio_ALZATE_introducci%C3%B3n_a_sus_escritos,,No,Español,Artículo,Ciencias de la vida,,1,,,
"Alzate Ramirez, José Antonio",Sobre la planta de raíz de Xalapa,,,86,,,,Planta; raiz; Xalapa,,,No,Español,Artículo,Ciencias de la vida,2a suscripción,,,11,
"Alzate Ramirez, José Antonio",Sobre la jicama,,,,,,,Jicama,,,No,Español,Articulo,Ciencias de la vida,,,,,
"Alzate Ramirez, José Antonio",Sobre el Tlalpopotl,,,,,,,Tlalpopotl,,,No,Español,Articulo,Ciencias de la vida,,,,,
"Alzate Ramirez, José Antonio",Sobre el Coxticxochitl,,,,,,,Coxticxochitl,,,No,Español,Articulo,Ciencias de la vida,,,,,
"Alzate Ramirez, José Antonio",Yerba de las cucarachas,,,,,,,Yerba; cucarachas,,,No,Español,Artículo,Ciencias de la vida,,,,,
"Alzate Ramirez, José Antonio","Memorias sobre la seda silvestre de Nueva España, descripción de los gusanos de ella y de los arboles en que trabajan",,,,,,,Memorias; seda silvestre; Nueva España; gusanos; árboles,,,No,Español,Monografia,Ciencias de la vida,,,,,
"Alzate Ramirez, José Antonio",Ensayo de la siembra y el cultivo del lino y del cáñamo en la Nueva España,,,,,,,Ensayo; siembra; cultivo; lino; cáñamo; Nueva España,,,No,Español,Monografia,Ciencias de la vida,,,,,
"Alzate Ramirez, José Antonio","Noticia de las pasiones, usos e inclinaciones de los indios",,,17,24,8,,Noticia; pasiones; usos; inclinaciones; indios,,,No,Español,Noticias,Ciencias de la vida,,,,3,
"Allionnii, Caroli",Rarioum pedemontii stirpium specimen primum,1755,,1,55,55,,Pedemontii; specimen,https://www.biodiversitylibrary.org/bibliography/159713#/summary,https://doi.org/10.5962/bhl.title.159713,Si,Latín,Monografia,Ciencias de la vida,,,,,
"Allionnii, Caroli",Flora pedemontana,1785,,1,344,344,,Flora pedemontana,https://bibdigital.rjb.csic.es/viewer/13173/?offset=#page=3&viewer=picture&o=bookmark&n=0&q=,,Si,Latín,Monografia,Ciencias de la vida,,,1,,
Ambrosi Francesco,Flora Tyroliae Australis,1857,2,,,,,Flora; Australis,,,No,Latín,,Ciencias de la vida,,4,,,
"Ampére, Jean Jacques",Promenade en Amerique,1855,1,1,846,846,,Promenade; Amerique,https://books.google.com.mx/books?id=LcOgugEACAAJ&dq=Promenade+en+Amerique+Ampere+jean&hl=es-419&sa=X&ved=2ahUKEwi9y_bAlrzsAhVJXKwKHWaSC5kQ6AEwBXoECAQQAQ,,No,Francés,Monografia,Ciencias de la vida,,,,,
"Ancona Albertos, Joaquin",Industria agraria: el algodonero,1863,,174,177,4,,Industria ; algodonero,https://babel.hathitrust.org/cgi/pt?id=hvd.tz1qgt&view=1up&seq=214,,Si,Español,Artículo,Ciencias de la vida,,,,,
"Andrade, Agustin",Tratamiento del Coriza o Catarro nasal por la atropina administrada interiormente,1866,2,188,190,3,,Tratamiento; Coriza; Catarro nasal,https://babel.hathitrust.org/cgi/pt?id=mdp.39015046999432&view=1up&seq=194,,Si,Español,Artículo,Ciencias de la vida,,,2,,
"Andrade, José",Memoria sobre el cultivo del algodón y de los gastos para situarlo en los puertos por el socio honorario D. Jose Andrade,1865,,1,43,43,,Memoria; cultivo del algodón; puertos,http://biblioteca.culturaypatrimonio.gob.ec/cgi-bin/koha/opac-detail.pl?biblionumber=58335,,No,Español,Monografia,Ciencias de la vida,,,,,
"Anderson, W.J",Plantae Scandinavie,1852,,,,,,Plantae Seandinave,,,No,Latín,,Ciencias de la vida,,,,8,
"Anderson, W.J",Ueber die Vegetation der Galapagos,1862,,,,,,Vegetation; Galapagos,,,No,Alemán,,Ciencias de la vida,,,,8,
Andre Michaux Francois,"Description des quatre parties du Monde: Europe, Asie, Afrique, Amerique",1832,,,,,,Description; Europe; Asie; Afrique; Amerique,,,No,Francés,,Ciencias de la vida,,,,,
Anonimo,El puntero apuntado con apuntales breves. para que no sea corto en la fábrica de la tinta añil o tinta annal.,1641,,1,20,20,,Puntero; fábrica; tinta; añil; annal,,,No,Español,Monografía,Ciencias de la vida,,8,,,
Anonimo,"Historie naturalle du cacao el du sucre divisée en deux traitez contiennent plusieurs faits nounveaux, et beaucoup dóbservation egalemnet curieu u utiles",1719,,1,227,227,,Historie naturalle; cacao; sucre,http://www.manioc.org/gsdl/collect/patrimon/archives/SCH13253.dir/SCH13253.pdf,,Si,Francés,Monografía,Ciencias de la vida,,,,,
Anonimo,Versuch einer poetischen Beschreibung zweier amerikanischen aloen,1745,,1,24,24,,Poetischen; amerikanischen ; aloen,https://www.biodiversitylibrary.org/bibliography/112501#/summary,https://doi.org/10.5962/bhl.title.112501,Si,Alemán,Monografía,Ciencias de la vida,,,,,
Anonimo,Modo facil de beneficiar las malvas y sacar de llas generosas semejantes al cáñamo y no solo para hacer de ellas cuerdas y cable sino tambien ropa para beneficio de las gentes especialmente de los pobres,1779,,1,8,8,,Malvas; cáñamo,,,No,Español,,Ciencias de la vida,,,,4,
Anonimo,Tortillas de maguey,1835,1,375,376,2,,Tortillas; maguey,https://books.google.com.mx/books?id=CmVTAAAAcAAJ&pg=PA363&dq=tortillas+de+maguey+periodico+cientifico+literario&hl=es-419&sa=X&ved=2ahUKEwieg82f6sPsAhWFLc0KHU8oCz8Q6AEwAHoECAAQAg#v=onepage&q=tortillas%20de%20maguey%20periodico%20cientifico%20literario&f=false,,Si,Español,Artículo,Ciencias de la vida,,,1,1,
Anonimo,Quina naranjada,1843,2,34,34,1,,Quina naranjada,https://babel.hathitrust.org/cgi/pt?id=uiug.30112018364940&view=1up&seq=40&q1=naranjada,,Sí,Español,Artículo,Ciencias de la vida,,,2,,
Anonimo,De las hojas de los vegetales,1843,2,479,480,2,,Hojas; vegetales,https://babel.hathitrust.org/cgi/pt?id=uiug.30112018364940&view=1up&seq=521,,Sí,Español,Artículo,Ciencias de la vida,,,2,,
Anonimo,Del Ceroxilo o palmero de cera,1843,2,120,120,1,,Ceroxilo; palmero de cera,https://babel.hathitrust.org/cgi/pt?id=uiug.30112018364940&view=1up&seq=134&q1=ceroxilo,,Sí,Español,Artículo,Ciencias de la vida,,,2,,
Anonimo,Una planta mostruosa,1843,2,375,375,1,,Planta mostruosa,https://babel.hathitrust.org/cgi/pt?id=uiug.30112018364940&view=1up&seq=411&q1=monstruosa,,Sí,Español,Artículo,Ciencias de la vida,,,2,,
Anonimo,Jardines antiguos de México.,1844,1,40,46,7,,Jardines antiguos; México,https://babel.hathitrust.org/cgi/pt?id=ucm.490034090x&view=1up&seq=44,,Si,Español,Artículo,Ciencias de la vida,,,1,,
Anonimo,El papayo,1844,1,280,280,1,,Papayo,https://babel.hathitrust.org/cgi/pt?id=ucm.490034090x&view=1up&seq=280,,Si,Español,Artículo,Ciencias de la vida,,,1,,
Anonimo,"La hortensia, el jazmin, la dahalia y la peonia",1844,3,414,416,3,,Hortensia;Jazmin Dahalia; Peonia,https://babel.hathitrust.org/cgi/pt?id=ucm.4900340928&view=1up&seq=420,,Si,Español,Artículo,Ciencias de la vida,,,3,,
Anonimo,La flor de las manitas,1844,3,280,281,2,,Flor; manitas,https://babel.hathitrust.org/cgi/pt?id=ucm.4900340928&view=1up&seq=286,,Si,Español,Artículo,Ciencias de la vida,,,3,,
Anonimo,Ciencias agriciolas (agricultura),1845,,455,456,2,,Ciencias; agricolas; agricultura,http://www.hndm.unam.mx/consulta/publicacion/visualizar/558075be7d1e63c9fea1a40c?intPagina=478&tipo=publicacion&anio=1845&mes=01&dia=01,,Sí,Español,Artículo,Ciencias de la vida,,,1,,
Anonimo,Investigaciones sobre las plantas de cultivo en México,1846,,117,120,4,,Indagaciones; plantas; cultivo; México,http://www.hndm.unam.mx/consulta/publicacion/visualizar/558075be7d1e63c9fea1a40c?intPagina=670&tipo=publicacion&anio=1845&mes=01&dia=01,,Sí,Español,Artículo,Ciencias de la vida,,,2,,
Anonimo,Las flores animadas,1849,1,10,11,2,,Flores animadas,https://books.google.com.mx/books?id=T2I-AQAAMAAJ&pg=PA9-IA1&dq=ALBUM+MEXICANO+FLORES+ANIMADAS&hl=es-419&sa=X&ved=2ahUKEwiLy9vp2sPsAhUGEawKHS_BBGYQ6AEwAHoECAEQAg#v=onepage&q=ALBUM%20MEXICANO%20FLORES%20ANIMADAS&f=false,,Si,Español,Artículo,Ciencias de la vida,,,1,,
Anonimo,Fenómenos de la vegetación,1849,1,606,608,3,,Fenómenos; vegetación,https://books.google.com.mx/books?id=T2I-AQAAMAAJ&pg=PA607&dq=ALBUM+MEXICANO+Fen%C3%B3menos+de+la+vegetaci%C3%B3n&hl=es-419&sa=X&ved=2ahUKEwjqy-Wb3cPsAhURK80KHSSKA1sQ6AEwAHoECAMQAg#v=onepage&q=ALBUM%20MEXICANO%20Fen%C3%B3menos%20de%20la%20vegetaci%C3%B3n&f=false,,Si,Español,Artículo,Ciencias de la vida,,,1,,
Anonimo,Jardin botánico,1849,2,524,524,1,,Járdin botánico,https://books.google.com.mx/books?id=ZbIsAAAAYAAJ&printsec=frontcover&dq=ALBUM+MEXICANO+volumen+2&hl=es-419&sa=X&ved=2ahUKEwjMj8-zsKTtAhXkAp0JHRRZBCgQ6AEwAHoECAEQAg#v=onepage&q=ALBUM%20MEXICANO%20volumen%202&f=false,,Si,Español,Artículo,Ciencias de la vida,,,2,,
Anonimo,Nociones elementales de la botánica,1849,2,141,144,4,,Nociones; botánica,https://books.google.com.mx/books?id=ZbIsAAAAYAAJ&printsec=frontcover&dq=ALBUM+MEXICANO+volumen+2&hl=es-419&sa=X&ved=2ahUKEwjMj8-zsKTtAhXkAp0JHRRZBCgQ6AEwAHoECAEQAg#v=onepage&q=ALBUM%20MEXICANO%20volumen%202&f=false,,Si,Español,Artículo,Ciencias de la vida,,,2,,
Anonimo,Floricultura,1854,,64,,,,Floricultura,,,No,Español,Artículo,Ciencias de la vida,,,,8,
Anonimo,Manzanilla,1854,,47,,,,Manzanilla,,,No,Español,Artículo,Ciencias de la vida,,,,,
Anonimo,Breves instrucciones para colectar plantas,1875,,,,,,Instrucciones; plantas,,,No,Español,,Ciencias de la vida,,,,,
Anonimo,"Philadelphia International Exhibition, 1876, Mexican Section: Special Catalogue and Explanatory Notes",1876,,1,123,123,,Philadelphia; Exhibition; Mexican Section; catalogue,https://books.google.com.mx/books/about/Philadelphia_International_Exhibition_18.html?id=oF8tAAAAYAAJ&redir_esc=y,,No,Inglés,Fuente secundaria,Ciencias de la vida,,,,,
Anonimo,Noticias sobre las propiedades febrífugas y antipalúdicas del pambotano (Calliandria Hustoni).,1890,,1,20,20,,Noticias; propiedades; pambotano,,,No,Español,Monografía,Ciencias de la vida,,,,4,
Anonimo,Catálogo de frutas que produce el Estado de Jalisco,1890,,1,143,143,,Catálogo; frutas; Jalisco,,,No,Español,Fuente secundaria,Ciencias de la vida,,,,4,
Anonimo,Estudio fisico-quimico de la grasa del yoyote,1894,1,13,27,14,,Estudio; físico; químico; yoyote,https://archive.org/details/analesdelinstitu01inst/page/n19/mode/2up,,Si,Español,Artículo,Ciencias de la vida,,,1,,
Anonimo,Acción del chilillo,,,2,,,,Chilillo,,,No,Español,Artículo,Ciencias de la vida,,,2,,
Anonimo,Apuntes sobre algunas plantas medicinales de Zacatecas,,,,,,,Apuntes; plantas medicinales; Zacatecas,,,No,Español,Monografía,Ciencias de la vida,,,,,
"Antoine, Franz",Atlas zur Phyto iconographie der bromeliaccen des k.k. Hofburg- Gartens,1884,,1,51,51,,Ikonographie; Bromeliaceae; Hofburg Garten,https://archive.org/details/phytoiconograph00anto/page/2/mode/2up,,Sí,Alemán,Monografía,Ciencias de la vida,Todo el documento es ilustrado.,,,,
"Antuñano, Esteban de","Documentos para la historia de las indutria algodonera de México, en lo fabril y en lo agrícola ó sea narración y calculos estadisticos sobre ella",1843,,1,14,14,,Documentos; historia; industria algodonera; México; fabril; agrícola,,,No,Español,Monografía,Ciencias de la vida,,,,4,
"Arcangeli, Giovanni",Compendio de la flora italiana,1894,,1,836,836,,Compendio; flora italiana,http://bibdigital.rjb.csic.es/ing/Libro.php?Libro=910,,Si,Italiano,Monografía,Ciencias de la vida,,2,,,
"Aranda Díaz, Pedro",Contribución al estudio de la esparteina,1889,,1,46,46,,Contribución; estudio; esparteina,https://collections.nlm.nih.gov/bookviewer?PID=nlm:nlmuid-101636499-bk#page/2/mode/2up,,Si,Español,Monografía,Ciencias de la vida,,,,,
"Arévalo, Ricardo",Estudio sobre la corteza de Copalchi,1887,,1,25,25,,"Estudio, corteza; Copalchi",https://collections.nlm.nih.gov/bookviewer?PID=nlm:nlmuid-101636536-bk#page/14/mode/2up,,Si,Español,Monografía,Ciencias de la vida,,,,,
"Armendariz, Eduardo",Un nuevo reactivo para la investigación de los álcalis,1891,,424,426,3,,Investigación; álcalis,https://www.biodiversitylibrary.org/item/122422#page/60/mode/1up,,Sí,Español,Artículo,Ciencias de la vida,2a serie y parte 2,,2,,
"Armendariz, Eduardo",Una nueva aplicación de la fotografía,1892,2,324,324,1,,Aplicación; fotografía,https://www.biodiversitylibrary.org/item/122571#page/500/mode/1up,,Si,Español,Artículo,Ciencias de la vida,2a serie,,2,,
"Armendariz, Eduardo",Apuntes acerca de una contrahierba de México,1893,2,380,382,3,,Apuntes; contrahierba; México,https://www.biodiversitylibrary.org/item/122571#page/584/mode/1up,,Si,Español,Artículo,Ciencias de la vida,2a serie,,2,,
"Armendariz, Eduardo",Estudio quimico del Zoapatli,1894,1,11,27,16,,Estudio; Zoapatli,https://archive.org/details/analesdelinstitu01inst/page/n17/mode/2up,,Si,Español,Artículo,Ciencias de la vida,,,1,,
"Armendariz, Eduardo",Estudio de los ejemplares remitidos con el nombre de cera vegetal,1894,1,3,7,5,,Estudio; cera vegetal,https://archive.org/details/analesdelinstitu01inst/page/n9/mode/2up,,Si,Español,Artículo,Ciencias de la vida,,,1,,
"Armendariz, Eduardo",Dosificación aproximada de la Clorofila,1894,2,382,383,2,,Dosificación; Clorofila,https://www.biodiversitylibrary.org/item/122571#page/586/mode/1up,,Sí,Español,Artículo,Ciencias de la vida,2a serie,,2,,
"Armendariz, Eduardo",Analisis de las semillas del Yoloxochitl,,,248,,,,Análisis; semillas; Yoloxochitl,,,No,Español,Artículo,Ciencias de la vida,,,4,,
"Armendariz, Eduardo",Análisis de la bocconia,,,471,,,,Análisis; bocconia,,,No,Español,Artículo,Ciencias de la vida,,,4,,
"Artigas, Gustavo R.",Estudios sobre la flor de noche buena,1880,,1,24,24,,Estudios; flor; noche buena,https://collections.nlm.nih.gov/bookviewer?PID=nlm:nlmuid-101636530-bk#page/1/mode/2up,,Si,Español,Monografía,Ciencias de la vida,,,,,
"Arriaga, José Joaquín",La ciencia recreativa. Publicación dedicada a los niños de clases trabajadoras,1876,,1,41,41,,Ciencia recreativa; niños; trabajadores,https://www.iberlibro.com/primera-edicion/Ciencia-Recreativa-Publicacion-Dedicada-Ni%C3%B1os-Clases/7208810210/bd,,No,Español,Monografía,Ciencias de la vida,,1,,,
"August Ascherson, Paul Friedich",Uber Euchlaena Mexicana Schard,1876,,75,80,6,,Euchlaena; Mexicana,https://www.biodiversitylibrary.org/item/249251#page/1/mode/1up,https://doi.org/10.5962/bhl.title.148287,Si,Alemán,Monografía,Ciencias de la vida,,,,,
"August Ascherson, Paul Friedich y Augustus Kanitz","Catalogus cormophytorum et anthophylorum serbie, bosniae, Herzegovian, Montes Scodri, Albaniae hucusque cognitorum",1877,,5,108,108,,Catalogus; montes scodri; Albaniae,https://babel.hathitrust.org/cgi/pt?id=hvd.32044106460769&view=1up&seq=5,,Si,Alemán,Fuente secundaria de información,Ciencias de la vida,,,,,
"Atristain, Federico",Cultivo y explotación del naranjo,1894,,1,51,51,,Cultivo; explotación; naranjo,https://www.biodiversitylibrary.org/item/256002#page/1/mode/1up,https://doi.org/10.5962/bhl.title.152335,Si,Español,Monografía,Ciencias de la vida,,,,,
"Audubon, John Woodhouse",Illustrad notes of an Expedition through Mexico and California,1852,,1,84,84,,Illustrad; notes; Expedition; México; California,https://books.google.com.mx/books/about/Illustrated_Notes_of_an_Expedition_Throu.html?id=CLt55X6C81cC&redir_esc=y,,No,Inglés,Monografía,Ciencias de la vida,,,,,9.78141E+12
"Avelerya Ramón, N",Sustitución de algunas drogas indígenas,1885,7,169,177,9,,Sustitución; drogas; indígenas,https://www.biodiversitylibrary.org/item/121643#page/181/mode/1up,,Si,Español,Artículo,Ciencias de la vida,,,7,,
"Avila, Miguel",Pequeños estudios sobre el Mispatle o Quixmipatle,1882,,1,4,4,,Estudiios; Mispatle; Quixmipatle,https://collections.nlm.nih.gov/bookviewer?PID=nlm:nlmuid-101636491-bk#page/1/mode/2up,,Si,Español,Monografía,Ciencias de la vida,,,,,
"Avila, Miguel",Chapuz y Chapuzina. breve estudio sobre su acción fisiologica,1887,,,,,,Estudio; Chapuz; Chapuzina,,,No,Español,,Ciencias de la vida,,,,,
"Aznar Barbachano, Tomás",La caña de azúcar en Yucatán,1850,18,1,106,106,,Caña; azúcar; Yucatán,https://books.google.com.mx/books?id=oIc8vwEACAAJ&dq=La+ca%C3%B1a+de+azucar+en+Yucat%C3%A1n+Tomas+Aznar&hl=es-419&sa=X&ved=2ahUKEwibvMPXm8bsAhUESK0KHYezCM0Q6AEwAHoECAUQAQ,,No,Español,Monografía,Ciencias de la vida,Volumen de la publicación: Banco Nacional de Crédito Agrícola y Ganadero,,,,
"Aznar Barbachano, Tomás",El coco.,1870,,565,569,5,,Coco,https://www.biodiversitylibrary.org/item/224105#page/643/mode/1up,https://doi.org/10.5962/bhl.title.129471,Si,Español,Artículo,Ciencias de la vida,,,,,
"Badillo, Eulalio R.",Apuntes sobre el cultivo del chile,1885,,,,,,Apuntes; cultivo; chile,https://agris.fao.org/agris-search/search.do?recordID=US201300199254,,No,Español,Monografía,Ciencias de la vida,,,,,
"Badillo, Perfecto",Manual para el cultivo del algodonero en el territorio del Carmen,1863,10,463,468,6,,Manual; cultivo; algodonero; Carmen,https://babel.hathitrust.org/cgi/pt?id=uc1.b2941311&view=1up&seq=499,,Si,Español,Artículo,Ciencias de la vida,,,10,,
"Bauhin, Johann; Heinrich Cherler, Johann; y Graffenried, Franz Ludwig von","Historia plantarum universalis nova et absolutussuma, cum consensu et dissensu circa esa.",1651,3,1,1074,1074,,Historia plantarum; universalis; summa,https://books.google.es/books?id=Hc8_AAAAcAAJ&printsec=frontcover&hl=es&source=gbs_ge_summary_r&cad=0#v=onepage&q&f=false,,Si,Latín,Monografía,Ciencias de la vida,,,3,,
"Bahuino, Gaspar; y Deville, Nicolas","Histoire des plantes de l'Europe, et des plus usitées qui viennent d'Asie, d'Afrique, & d'Amérique. : Où l'on voit leurs figures, leurs noms, en quel tems elles fleurissent, & le lieu où elles croissent. Avec un abregé de leurs qualitez, & de leurs vertus specifiques.",1670,2,1,866,866,,Histoire; plantes; Europe; Asie; Afrique; Amérique,https://www.biodiversitylibrary.org/item/214265#page/7/mode/1up,https://doi.org/10.5962/bhl.title.122802,Si,Francés,Monografía,Ciencias de la vida,,,2,,
"Bahuino, Gaspar",De solanum Mexicanum,1678,,91,,,,Solanum; Mexicanum,,,No,Latín,,Ciencias de la vida,Pertenece al libro: Theatri botanici in quo plantae supra sexcente ab ispo primum descriptae cum plurimis figuris.,,,,
"Bahuino, Gaspar",De Bryonia Mechoacana nigricans,1678,,135,,,,Mechoacana; nigricans,,,No,Latín,,Ciencias de la vida,Pertenece al libro: Theatri botanici in quo plantae supra sexcente ab ispo primum descriptae cum plurimis figuris.,,,,
"Bailey, Liberty Hyde (Jr.)","A preliminar synopsis of North American Carices including those of Mexico, Central America and Greenland, whith de American bibliography of the Genus",1886,,59,153,94,,Synopsis; North American Carices; México; Central América; Greenland,https://www.biodiversitylibrary.org/item/22121#page/73/mode/1up,,Si,Inglés,,Ciencias de la vida,Cuenta con 2 volumenes; serie nueva 14 y serie completa 22,,,,
"Baillon, Henri Ernest",Histoire des plantes,1869,1,1,13,13,,Histoire: plantes,https://books.google.com.mx/books/about/Histoire_des_plantes.html?id=1lFgwgEACAAJ&redir_esc=y,,No,Francés,Monografía,Ciencias de la vida,,,,,
"Baillon, Henri Ernest",Dictionnaire de botanique,1876,4,1,340,340,,Dictionnaire; botanique,https://books.google.com.mx/books/about/Dictionnaire_de_botanique.html?id=exxfvgEACAAJ&hl=en&output=html_text&redir_esc=y,,No,Francés,Fuente secundaria,Ciencias de la vida,,,,,
"Baker, John Gilbert",The genus agave,1877,7,171,171,1,,Genus agave,https://www.biodiversitylibrary.org/item/84215#page/185/mode/1up,,Si,Inglés,Artículo,Ciencias de la vida,,,,,
"Baker, John Gilbert",Succinto della Monographia delle Agave,1879,,,,,,Monographia; Agave,,,No,Italiano,,Ciencias de la vida,Traducido al italiano por V.Ricasoli,,,,
"Baker, John Gilbert",The species of fourcroya,1879,11,623,624,2,,Species; fourcroya,https://www.biodiversitylibrary.org/item/84273#page/639/mode/1up,,Si,Inglés,Artículo,Ciencias de la vida,,,,,
"Baker, John Gilbert",A synopsis of aloinae and Yuccoideae,1881,18,148,241,93,,Synopsis; Aloinae; Yuccoideae,https://www.biodiversitylibrary.org/item/8373#page/155/mode/1up,,Si,Inglés,Artículo,Ciencias de la vida,,,,,
"Baker, John Gilbert","Handbook of the fern-allies: a synopsis of the genera and species of the natural orders, Equisetaceae, Selaginellaceae, Lycopodiaceae, Rhizocarpeae.",1887,,1,159,159,,Handbook ; synopsis; genera; species; natural orders,https://www.biodiversitylibrary.org/item/99563#page/1/mode/1up,https://doi.org/10.5962/bhl.title.45995,Si,Inglés,Fuente terciaria de información,Ciencias de la vida,,,,,
"Baker, John Gilbert","Handbook of the Amarylidae, including the Alstroemicae and Agaveae",1888,,1,203,203,,Handbook; Amarylidae; Alstroemicae; Agaveae,https://www.biodiversitylibrary.org/item/52710#page/1/mode/1up,https://doi.org/10.5962/bhl.title.15516,Si,Inglés,Fuente terciaria,Ciencias de la vida,,,,,
"Baker, John Gilbert",Handbook of the bromeliaceae,1889,,1,243,243,,Handbook; bromeliaceae,https://www.biodiversitylibrary.org/item/110102#page/1/mode/1up,https://doi.org/10.5962/bhl.title.51681,Si,Inglés,Fuente terciaria de información,Ciencias de la vida,,,,,
"Balbontin, Manuel",Los bosques,1873,,144,,,,Bosques,AHCM:MEX0-0038.1.144,,Sí,Español,,Ciencias de la vida,3a época,,6,,
"Balmis Berenguer, Xavier Antonio","Demostracion de las eficaces virtudes nuevamente descubiertas en las raices de dos plantas de Nueva-España, especies de Ágave y de Begónia, para la curacion del vicio venéreo y escrofuloso, y de otras graves enfermedades que resisten al uso del Mercurio, y demas remedios conocidos",1794,,1,347,347,,Demostración; eficaces; virtudes,https://bibdigital.rjb.csic.es/records/item/16110-redirection,,Sí,Español,Monografía,Ciencias de la vida,,,,,
"Ballcke, C.M",Die Ananas und ihre Kultur. Nach eigenen Erfahrungen hearb,1879,,,,,,Ananas; Kultur,,,No,Alemán,,Ciencias de la vida,,,,,
"Banda, Longinos","De la yuca, considerada como un medio muy importante de alimentación para las familias pobres",,,555,561,7,,Yuca; alimetación; familias pobres,,,No,Español,Artículo,Ciencias de la vida,2a época,,2,,
"Barcena y Ramos, Mariano Santiago de Jesús de la",El marañón. Sus caracteres y propiedades. Su aclimatación en Jalisco.,1869,1,335,337,3,,Marañón; caracteres; propiedades; aclimatación; Jalisco,https://www.biodiversitylibrary.org/item/123566#page/419/mode/1up,,Sí,Español,Artículo,Ciencias de la vida,1a serie,,1,,
"Barcena y Ramos, Mariano Santiago de Jesús de la",Aclimatación de plantas en la República,1871,2,141,148,8,,Aclimatación; plantas; República,https://www.biodiversitylibrary.org/item/120585#page/163/mode/1up,,Sí,Español,Artículo,Ciencias de la vida,1a serie,,2,,
"Barcena y Ramos, Mariano Santiago de Jesús de la",El árbol de manitas,1874,3,114,117,4,,Árbol; manitas,https://www.biodiversitylibrary.org/item/49853#page/126/mode/1up,,Sí,Español,Artículo,Ciencias de la vida,1a serie,,3,,
"Barcena y Ramos, Mariano Santiago de Jesús de la",Viaje a la caverna de Cacahuamilpa datos para la geología y la flora de los Estados de Morelos y Guerrero,1874,,1,31,31,,Viaje; caverna; Cacahuamilpa; geología; flora; Morelos; Guerrero,https://www.iberlibro.com/primera-edicion/Viaje-caverna-Cacahuamilpa-datos-geolgia-florade/10217411335/bd,,No,Español,Monografía,Ciencias de la vida,,,,,
"Barcena y Ramos, Mariano Santiago de Jesús de la",Observaciones de plantas características de climas y terrenos. Descripción de la Bygnonia Viminalis,1875,2,173,177,5,,Observaciones; plantas; climas; terrenos; descripción; Bygnonia Viminalis,https://www.biodiversitylibrary.org/item/120585#page/195/mode/1up,,Sí,Español,Artículo,Ciencias de la vida,,,2,,
"Barcena y Ramos, Mariano Santiago de Jesús de la",La Hauya elegans,1876,3,305,307,3,,Hauya elegans,https://www.biodiversitylibrary.org/item/49853#page/327/mode/1up,,Sí,Español,Artículo,Ciencias de la vida,,,3,,
"Barcena y Ramos, Mariano Santiago de Jesús de la","Descripción de una nueva planta Mexicana, (Gaudichaudia Enrico-Martinezii)",1877,3,149,153,5,,Descripción; planta; Mexicana,https://www.biodiversitylibrary.org/item/183523#page/189/mode/1up,,Si,Español,Artículo,Ciencias de la vida,,,3,,
"Barcena y Ramos, Mariano Santiago de Jesús de la",Las flores nocturnas,1880,1,14,,,,Flores nocturnas,AHCM:MEX0-0101.1:433,,Sí,Español,Artículo,Ciencias de la vida,,,1,5,
"Barcena y Ramos, Mariano Santiago de Jesús de la",La flor de san Juan,1880,1,8,,,,Flor; San Juan,AHCM:MEX0-0101.1.335,,Sí,Español,Artículo,Ciencias de la vida,,,1,2,
"Barcena y Ramos, Mariano Santiago de Jesús de la",Fenómenos periódicos de la vegetación : estudio correspondiente al año de 1879,1881,,1,21,21,,Fenómenos; vegetación,https://www.biodiversitylibrary.org/item/130130#page/7/mode/1up,https://doi.org/10.5962/bhl.title.64044,Si,Español,Monografía,Ciencias de la vida,,,,,
"Barcena y Ramos, Mariano Santiago de Jesús de la",Calendario botánico del Valle de México. Noticia de algunas plantas que caracterizaron la floracion en el año de 1879,1882,5,183,198,16,,Calendario botánico,https://www.biodiversitylibrary.org/item/121642#page/195/mode/1up,,Si,Español,Artículo,Ciencias de la vida,,,5,,
"Barcena y Ramos, Mariano Santiago de Jesús de la",EL jardín botánico y de aclimatación de Guadalajara,1891,1,433,436,4,,Jardin botánico,https://www.biodiversitylibrary.org/item/121657#page/523/mode/1up,,Sí,Español,Artículo,Ciencias de la vida,2a serie,,1,,
"Barcena y Ramos, Mariano Santiago de Jesús de la",Selvicultura: breves consideraciones sobre explotación y formación de los bosques,1892,,1,56,56,,Selvicultura; explotación; formación; bosques,https://books.google.com.mx/books/about/Selvicultura.html?id=qvQyAQAAMAAJ&redir_esc=y,,No,Español,Monografía,Ciencias de la vida,,,,,
"Barcena y Ramos, Mariano Santiago de Jesús de la",El Bosque de Chapultepec. Informe relativo á las causas que originan la destrucción de su arbolado,1897,2,193,198,6,,Bosque; Chapultepec; destrucción; arbolado,https://www.biodiversitylibrary.org/item/122571#page/341/mode/1up,,Si,Español,Artículo,Ciencias de la vida,2a serie,,2,,
"Barcena y Ramos, Mariano Santiago de Jesús de la",Coamecate,,2,305,305,1,,Coamecate,,,No,Español,Artículo,Ciencias de la vida,,,2,,
"Barradas, Francisco",Breves apuntes sobre la familia de las leguminosas,1887,1,130,138,9,,Apuntes; familia; leguminosas,https://www.biodiversitylibrary.org/item/88933#page/148/mode/1up,,Si,Español,Artículo,Ciencias de la vida,,,1,,
"Barradas, Francisco",Estudio sobre la ambrosia Artemisaefolia,1887,,,,,,Estudio; Artemisoefolia,,,No,Español,Monografía,Ciencias de la vida,,,,,
"Barragán, José",El criptococcus del Pulque,1870,1,228,233,6,,Criptococcus; Pulque,https://www.biodiversitylibrary.org/item/123566#page/282/mode/1up,,Si,Español,Artículo,Ciencias de la vida,,,1,,
"Barriga, José T.",Apuntes para el estudio del Tlanepaquelite,1889,,1,28,28,,Apuntes; estudio; Tlanepaquelite,https://collections.nlm.nih.gov/ext/dw/101636625/PDF/101636625.pdf,,Si,Español,Monografía,Ciencias de la vida,,,,,
"Barrios, Juan de","Verdadera Medicina, astrología y cirugía",1607,1,1,647,647,,Medicina; astrología; cirugía,http://resource.nlm.nih.gov/2542040R,,Sí,Español,Monografía,Ciencias de la vida,,,,,
"Barinaga, Hermenegildo",Cultivo de la vida,1885,,,,,,Cultivo; vida,,,No,Español,,Ciencias de la vida,,,,,
"Bartling, Friedrich GottliebTheophil",De Galphimiis mexicanis annotationes.,1839,13,549,558,9,,Galphimiis; mexicanis; annotationes,https://www.biodiversitylibrary.org/item/109747#page/557/mode/1up,,Si,Alemán,Artículo,Ciencias de la vida,,,,,
"Barroso, Francisco",Apuntes sobre la vegetación del Istmo de Tehuantepec,1877,3,309,330,21,,Apuntes; vegetación; Tehuantepec,https://www.biodiversitylibrary.org/item/183523#page/351/mode/1up,,Si,Español,Artículo,Ciencias de la vida,,,3,,
"Barnard, John Gross",The isthmus of Tehuantepec: being the results of a survey for a bailroad to connect the Atlantic and Pacific Oceans,1852,,1,295,295,,Isthmus; Tehuantepec,https://www.biodiversitylibrary.org/item/158866#page/11/mode/1up,https://doi.org/10.5962/bhl.title.83541,Si,Inglés,Monografía,Ciencias de la vida,,,,,
"Bartlett, John Russell",Maiz or Indian Corn. Its Advantages as e Cheap and Nutritions article of use,1846,,1,24,24,,Maíz; Indian corn; nutririons,,,No,Inglés,Monografía,Ciencias de la vida,,,,12,
"Bartolache y Diaz de Posada, José Ignacio",Usos y abusos del pulque para curar enfermedades,1772,,76,83,8,,Usos; abusos; pulque; enfermedades,https://books.google.com.mx/books?id=7J96-n2pfFYC&pg=PA76&lpg=PA76&dq=Usos+y+abusos+del+pulque+para+curar+enfermedades&source=bl&ots=V4TAONNgD9&sig=ACfU3U27cv4nm8QNRoN2_4JyVkthYUWhBQ&hl=es-419&sa=X&ved=2ahUKEwjOku-Oq8vsAhUHi6wKHS9BCTUQ6AEwAXoECAgQAg#v=onepage&q=Usos%20y%20abusos%20del%20pulque%20para%20curar%20enfermedades&f=false,,No,Español,Artículo,Ciencias de la vida,"Reimpreso por la UNAM en el volumen101 de ""Biblioteca del estudiante universitario"".",,,8,9.78968E+12
"Bartolache y Diaz de Posada, José Ignacio",Opúsculo Guadalupano,1790,1,1,105,105,,Opúsculo Guadalupano,https://books.google.com.mx/books?id=y52xwwEACAAJ&printsec=frontcover&hl=es&source=gbs_ge_summary_r&cad=0#v=onepage&q&f=false,,Si,Español,Artículo,Ciencias de la vida,,,1,53,
"Brailsford, Edward","An experimental dissertation on the chemical and medical properties of the nicotiana tabacum of Linnaeus, commonly known by the name of tobacco",1799,,1,77,77,,Dissertation; Chemical; Medical,https://collections.nlm.nih.gov/catalog/nlm:nlmuid-2544008R-bk,,Si,Inglés,Monografía,Ciencias de la vida,,,,,
"Bassols Batalla, Narciso",Diccionario de Agricultura y economía rural o la casa rústica mexicana,1870,,1,847,847,,Diccionario; agricultura; economía rural,https://www.biodiversitylibrary.org/item/224105#page/9/mode/1up,https://doi.org/10.5962/bhl.title.129471,Si,Español,Fuente secundaria,Ciencias de la vida,,,,,
"Basurto Larraingar, Andrés",La Scorzonera Hispánica,1892,,18,19,2,,Scorzonera; Hispánica,,,No,Español,Artículo,Ciencias de la vida,,,,12,
"Basurto Larraingar, Andrés",La caña agria,1893,,46,59,13,,Caña,68.2,,Si,Español,Artículo,Ciencias de la vida,Año 3,,,2,
"Basurto Larraingar, Andrés",Instrucciones para cultivar la Sacalina,1894,,,,,,Instrucciones; cultivar; Sacalina,,,No,Español,,Ciencias de la vida,,,,,
"Bateman, James",The orchidaceae of México and Guatemala,1837,,1,12,12,,Orchidaceae; México; Guatemala,https://www.biodiversitylibrary.org/item/15471#page/2/mode/1up,,Si,Inglés,Monografía,Ciencias de la vida,,,,,
"Bateman, James",A monograph of Odontoglossum,1874,,1,30,30,,Monograph; Odontoglossum,https://www.biodiversitylibrary.org/item/5973#page/8/mode/1up,https://doi.org/10.5962/bhl.title.205,Si,Inglés,Monografía,Ciencias de la vida,,,,,
"Baud, Pierre Célestin Victor","La Zéide, substance alimentaire extraite du maís",1865,,1,46,46,,Zéide; substance; maís,https://gallica.bnf.fr/ark:/12148/bpt6k9615857n/f1.item.texteImage,,Si,Francés,Monografía,Ciencias de la vida,,,,,
"Baz, Agustín","Opúsculo sobre la Valeriana, presentado a la Escuela de Medicina, en el concurso a la agregación de la cátedra de Farmacia",1851,,1,19,19,,Opúsculo; Valeriana; Escuela de Medicina,,,No,Español,,Ciencias de la vida,,,,4,
"Baz, Gustavo A.",Apuntes para el cultivo de las Dunas en México,1884,,1,72,72,,Apuntes; cultivo; Dunas; México,http://simurg.bibliotecas.csic.es/viewer/image/CSIC000077392/1/#topDocAnchor,,Sí,Español,Monografía,Ciencias de la vida,,,,,
"Beaufoy, Mark","Mexican ilustrations & insterspersed with occasional remarks upon the climate, produce and antiquites of the country.",1828,,1,310,310,,Mexican ilustrations; remarks; climate; produce; antiquites; country,https://books.google.com.mx/books?id=CEVXAAAAcAAJ&dq=mexican+illustrations+mark+beaufoy&source=gbs_navlinks_s,,Si,Inglés,Monografía,Ciencias de la vida,,,,,
"Beer, Johann Georg","Praktische Studien an der Familie der Orchideen, nebst Kulturanweisungen und Beschreibung aller schonblühenden tropischen Orchideen.",1854,,1,322,322,,Studien; familie der Orchi; tropischen Orchideen,https://archive.org/details/praktischestudie1854beer/page/n3/mode/2up,,Si,Alemán,Monografía,Ciencias de la vida,,,,,
"Beer, Johann Georg",Die Familie der Bromeliaceen. Nach ihrem habituellen Charakter bearbeitet mit besonderer Berücksichtigung der Ananassa,1857,,1,271,271,,Familie; Bromeliaceen,https://books.google.com.mx/books?id=Z61WAAAAcAAJ&q=Die+Familie+der+Bromeliaceen.+Nach+ihrem+habituellen+Charakter+bearbeitet+mit+besond&dq=Die+Familie+der+Bromeliaceen.+Nach+ihrem+habituellen+Charakter+bearbeitet+mit+besond&hl=es-419&sa=X&ved=2ahUKEwi37rCtoMzsAhVphq0KHVsHAigQ6AEwAHoECAAQAg,,No,Alemán,Monografía,Ciencias de la vida,,,,,
"Beer, Johann Georg",Beiträge zur morphologie und biologie der familie der orchideen.,1863,,1,44,44,,Beitrage; biologie; morphgologie; orchideen.,https://www.biodiversitylibrary.org/bibliography/41518#/summary,,Si,Alemán,Monografía,Ciencias de la vida,,,,,
"Becher, Carl Christian",México in erei gnissoolen Jahre,1834,,1,559,559,,México; gnissoolen,,,No,Alemán,Monografía,Ciencias de la vida,,,,8,
"Beltrán y Puga, Guillermo",Reseña de la topografía y geología de la Sierra de Guadalupe,1888,2,25,32,8,,Reseña; topografía; geología; Sierra de Guadalupe,https://www.biodiversitylibrary.org/item/87766#page/31/mode/1up,,Sí,Español,Artículo,Ciencias de la vida,,,2,,
"Beltrán y Puga, Guillermo","Reseña de una excursión a la caverna de Cacahuamilpa y a la gruta ""Carlos Pacheco""",1892,,1,112,112,,Reseña; excursión; Cacahuamilpa; gruta; Carlos Pacheco,https://books.google.com.mx/books/about/Rese%C3%B1a_de_una_excursi%C3%B3n_%C3%A1_la_Caverna.html?id=dT8zAQAAIAAJ&redir_esc=y,,No,Español,Monografía,Ciencias de la vida,,,,,
Beni Carlo,Pulque dei Messicani,1883,XVIII,,,,,Pulque; Messicani,,,No,Italiano,Artículo,Ciencias de la vida,,,,XIII,
"Benavides, Alfonso de","Relatio quam Philippo IV. catholico Hispaniarum, & c. regiper modum memorialis, sive libelli supplicis exhibuit Reverendiss",1634,,1,158,158,,Relatio; memorialis,https://archive.org/details/relatioquamphili00bena/page/n5/mode/2up,,Si,Latín,Monografía,Ciencias de la vida,,,,,
"Benavides, Pedro Arias de",Secretos de Chirurgia especial de las enfermedades de Morbo gálico y Lamparones y Mirrarchia y asi mismo la manera como se curan los Indios de llagas y heridas y otras pasiones en las Indias,1567,,1,330,330,,Chirurgia; enfermedades; Morbo gálico; Lamparones; Mirrarchia; indios; llagas; heridas,https://books.google.com.mx/books/about/Secretos_de_Chirurgia_especial_de_las_en.html?id=uRsmvwEACAAJ&redir_esc=y,,No,Español,Monografía,Ciencias de la vida,,,,,
"Bentham, George",Plantas Hartwegianas: imprimis mexicanas adjectis nonnullis Grahamianis enumerat novasque describit,1839,,1,393,393,,Plantas Hartwegianas; mexicanas; Grahamianis; describit,https://www.biodiversitylibrary.org/item/9561#page/2/mode/1up,https://doi.org/10.5962/bhl.title.437,Si,Latín,Monografía,Ciencias de la vida,,,,,
"Bentham, George",The Boyany of the Voyage of H.M.S,1844,,1,195,195,,Botany; Voyage,https://www.biodiversitylibrary.org/item/15490#page/2/mode/1up,https://doi.org/10.5962/bhl.title.908,Si,Inglés,Monografía,Ciencias de la vida,,,,,
"Bentham, George",Notes on Loganiaceae,1856,1,52,96,44,,Notes; Loganiaceae,https://academic.oup.com/botlinnean/article-abstract/1/2/52/2927416,https://doi.org/10.1111/j.1095-8339.1856.tb00636.x,Si,Inglés,Artículo,Ciencias de la vida,,,,2,
"Bentham, George",A synopsis of the Dalbergiane.A Tribe of the Leguminosae,1860,4,1,134,134,,Synopsis; Dalbergiane,https://books.google.com.mx/books/about/A_Synopsis_of_Dalbergieae.html?id=Hz60HAAACAAJ&redir_esc=y,,No,Inglés,Monografía,Ciencias de la vida,,,,,
"Bentham, George",Genera plantarum ad exemplaria imprimis in herbariis Kewensibus servata definita,1862,1,1,454,454,,Genera plantarum; herbariis Kewensibus,https://www.biodiversitylibrary.org/item/14680#page/1/mode/1up,https://doi.org/10.5962/bhl.title.747,Si,Latín,Monografía,Ciencias de la vida,3 volumenes en total,,,,
"Bentham, George","On the Genera Swetia, Glycinae",1865,8,259,266,8,,Genera Swetia; Glycinae,https://www.biodiversitylibrary.org/item/8358#page/263/mode/1up,,Si,Inglés,Artículo,Ciencias de la vida,,,8,,
"Bentham, George",Revision of the Genus Cassia,1871,27,503,591,591,,Revision; Genus Cassia,https://www.biodiversitylibrary.org/item/87717#page/574/mode/1up,,Si,Inglés,Artículo,Ciencias de la vida,Describe varias especies de México y contiene índice,,27,,
"Bentham, George",Revision of the suborder mimeseae,1874,30,335,668,333,,Revision; suborder; mimeseae,https://www.biodiversitylibrary.org/page/27558194#page/407/mode/1up,,Sí,Inglés,Artículo,Ciencias de la vida,,,30,,
"Bentham, George",Notes on Euphorbiaceae,1878,17,185,267,82,,Notes; Euphorbiaceae,https://academic.oup.com/botlinnean/article-abstract/17/100/185/2907624,https://doi.org/10.1111/j.1095-8339.1878.tb00657.x,Si,Inglés,Artículo,Ciencias de la vida,,,17,100,
"Bentham, George",Notes on Cyperaceae,1881,18,360,367,7,,Notes; Cyperaceae,https://academic.oup.com/botlinnean/article/18/110/360/2911382,https://doi.org/10.1111/j.1095-8339.1881.tb01259.x,Si,Inglés,Artículo,Ciencias de la vida,,,18,110,
"Bentham, George",Notes on Orchideae,1881,18,281,360,79,,Notes; Orchideae,https://academic.oup.com/botlinnean/article/18/110/281/2911381,https://doi.org/10.1111/j.1095-8339.1881.tb01258.x,Si,Inglés,Artículo,Ciencias de la vida,,,18,110,
"Bentham, George",Notes on Gramineae,1881,19,14,134,120,,Notes; Gramineae,https://academic.oup.com/botlinnean/article/19/115-116/14/2911400,https://doi.org/10.1111/j.1095-8339.1881.tb00355.x,Si,Inglés,Artículo,Ciencias de la vida,,,19,115,
"Berg, Otto Karl",Revisio myrtacearum Americae,1857,29,207,264,57,,Revisio myrtacearum; Amercae,https://www.biodiversitylibrary.org/item/10873#page/212/mode/1up,,Si,Alemán,Artículo,Ciencias de la vida,1a parte,,,,
"Berg, Otto Karl","Ad myrtacearum Americanaru, Aequinoxialium recisionem Mantissae",1859,30,647,713,66,,Myrtacearum; Americanaru,https://www.biodiversitylibrary.org/item/10874#page/650/mode/1up,,Si,Alemán,Artículo,Ciencias de la vida,2a parte,,,,
"Berlandiere, Jean-Louis ; Chovel Rafael",Diario del Viaje de la Comision de limites que puso el gobierno de la República bajo la dirección del Exmo. Sr. General de División D. Manuel de Mier y Terán.,1850,,1,298,298,,Diario; viaje; República,http://cdigital.dgb.uanl.mx/la/1080012475/1080012475.PDF,,Si,Español,Monografía,Ciencias de la vida,,,,,
"Berlandiere, Jean-Louis",Expedición científica del General Terán a Texas,1857,5,125,133,9,,Expedición; Texas,https://babel.hathitrust.org/cgi/pt?id=mdp.39015008360482&view=1up&seq=531,,Si,Español,Artículo,Ciencias de la vida,1a época,,5,,
"Bernon, E.",Étude de l´ecorce de Sapotillier,1884,6,312,322,11,,Étude; Sapotillier,https://www.biodiversitylibrary.org/item/121644#page/332/mode/1up,,Si,Español,Artículo,Ciencias de la vida,Es una traducción,,6,,
"Bermúdez de Castro, Juan",Sobre el uso medicinal de la Cebadilla,,3,37,37,1,,Uso; Cebadilla,,,No,Español,Artículo,Ciencias de la vida,,,3,,
"Bermúdez de Castro, Juan",Otra sobre el mismo asunto,,3,85,89,5,,Mismo asunto,,,No,Español,Artículo,Ciencias de la vida,,,3,,
"Bertoloni, Antonio","Flora italica, sistens plantas in Italia et insulis circumstantibus sponte nascentes",1833,1,1,882,882,,Flora italica; Italia; nascentes,https://www.biodiversitylibrary.org/item/29537#page/7/mode/1up,https://doi.org/10.5962/bhl.title.6611,Si,Latín,Monografía,Ciencias de la vida,10 volumenes en total,,,,
"Bescherelle, Émile",Note sur les mousses du Méxique,1870,17,22,27,5,,Note; Mousses; Mexique,https://www.biodiversitylibrary.org/page/58910637#page/42/mode/1up,,Si,Francés,Artículo,Ciencias de la vida,,,17,,
"Bescherelle, Émile",Prodromus bryologiae mexicanae ou enumeration des mousses du Mexique avec description des espéces nouvelles,1871,,145,158,13,,Prodromus; mexicanae; enumeration; description; espéces,https://www.biodiversitylibrary.org/item/188896#page/155/mode/1up,,Si,Francés,Artículo,Ciencias de la vida,2a serie,,16 y 6,,
"Bescherelle, Émile",Mexicanas Plantas: Musci,1872,1,7,58,51,,Mexicanas Plantas,https://www.biodiversitylibrary.org/item/9729#page/10/mode/1up,,Si,Francés,Artículo,Ciencias de la vida,,,,,
"Betancourt, Rómulo",Estudio sobre el ahuacate,1887,7,214,228,15,,Estudio; ahuacate,https://www.biodiversitylibrary.org/item/121643#page/228/mode/1up,,Sí,Español,Artículo,Ciencias de la vida,1a serie,,7,,
"Beulloch, William","Le Mexique en 1823, ou relation d´un voyage dans la Nouvelle-Espagne: : contenant des notions exactes et peu connues sur la situation physique, morale et politique de ce pays.",1824,2,1,366,366,,Mexique; relation; Espange; physique; morale; politique,https://books.google.com.mx/books?id=eWQOAAAAQAAJ&printsec=frontcover&source=gbs_ge_summary_r&cad=0#v=onepage&q&f=false,,Si,Francés,Monografía,Ciencias de la vida,,,2,,
"Biart, Lucien",Aventuras de una naturalista en Méjico,1869,,1,236,236,,Aventuras; naturalista; Méjico,89.2,,Si,Español,Monografía,Ciencias de la vida,,,,,
"Biart, Lucien",La terre chaude; scénes de moeurs Mexicaines,1879,,1,311,311,,"Terre chaude, Mexicaines",https://gallica.bnf.fr/ark:/12148/bpt6k99757w.texteImage,,Sí,Francés,Monografía,Ciencias de la vida,,,,,
"Biart, Lucien",La terre trempereé,,,,,,,Terre trempereé,,,No,Francés,,Ciencias de la vida,,,,,
"Bigelow, Jacob","American medical botany: being a collection of the native medicinal plants of the United States, containing their botanical history and chemical analysis, and properties and uses in medicine, diet and the arts, with coloured engravings",1817,1,1,197,197,,American medical botany; botanical history ; chemical analysis; coloured engravings,https://collections.nlm.nih.gov/catalog/nlm:nlmuid-2543055RX1-mvpart,,Si,Inglés,Monografía,Ciencias de la vida,3 volumenes en total//6 partes,,,,
"Bigelow, Jacob",Botanice profil representing the geographical distribution of the Forest Trees aling a route fron Ar-kansas to Mexico.,1856,,,,,,Botanice; representing; geographical; Forest Trees; Mexico,,,No,Inglés,,Ciencias de la vida,,,,,
"Boissier, Pierre Edmond de",Voyage botanique dans le midi de l´Éspagne pedant l´année 1837,1839-1845,1,1,241,241,,Voyage botanique; Éspange,http://www.juntadeandalucia.es/medioambiente/portal_web/web/temas_ambientales/biodiversidad/0_conservacion_biodiversidad/planes_conservacion_recuperacion/pinsapo/pinsateca/botanica/descripcion/282_voyage/282.pdf,,Si,Francés,Monografía,Ciencias de la vida,,,1,,
"Blásquez, Pedro; Blásquez, Ignacio",Memoria sobre el Maguey mexicano (agave maximilianea),1865,,1,32,32,,Memoria; Maguey mexicano,https://babel.hathitrust.org/cgi/pt?id=chi.26585897&view=thumb&seq=1,,Si,Español,Monografía,Ciencias de la vida,,,,,
"Blásquez, Ignacio",Nosología de las plantas. El chahuistle,1869,1,195,198,4,,Nosología; plantas; Chahuistle,https://www.biodiversitylibrary.org/item/123566#page/241/mode/1up,,Sí,Español,Artículo,Ciencias de la vida,,,1,,
"Blásquez, Pedro; Blásquez, Ignacio",El maguey considerado como planta productora del suelo mexicano,1870,,688,718,30,,Maguey; productora; suelo mexicano,https://www.biodiversitylibrary.org/item/224105#page/746/mode/1up,https://doi.org/10.5962/bhl.title.129471,Si,Español,Artículo,Ciencias de la vida,,,,,
"Blásquez, Ignacio",Catálogo de las especies y variedades de Maguey que se cultivan en los Llanos de Apam y figura en perfil de sus pencas,1870,,719,721,3,,Catálogo; especies; Maguey; Llanos; Apam,https://www.biodiversitylibrary.org/item/224105#page/779/mode/1up,https://doi.org/10.5962/bhl.title.129471,Si,Español,Catálogo,Ciencias de la vida,,,,,
"Blásquez, Pedro",Noches de verano o estudios familiares sobre la Historia Natural,1873,,1,167,167,,Noches; verano; estudios; Historia Natural,,,No,Español,Monografía,Ciencias de la vida,,,,8,
Boeckeler Johann Otto,Ueber die von Liebmann in Mexico gesammelten Cyperaceen,1881,1,362,364,3,,Liebmann; Mexico; Cyperaceen,https://www.biodiversitylibrary.org/item/659#page/382/mode/1up,,Si,Alemán,Artículo,Ciencias de la vida,,,1,,
"Bocquillon Limousin, Henri",Les plantes alexitéres de l´Amérique.,1891,,1,104,104,,Plantes; alexitéres; Amérique,https://gallica.bnf.fr/ark:/12148/bpt6k5818766v/f5.image.texteImage,,Sí,Francés,Monografía,Ciencias de la vida,,,,,
Bois Desire Georges Jean Marie,Las cactaceas útiles,1891,1,270,277,8,,Cactaceas,https://www.biodiversitylibrary.org/item/121657#page/348/mode/1up,,Sí,Español,Artículo,Ciencias de la vida,2a serie,,1,,
"Bolaños, Juan N.",Maiz.,1838,2,50,50,1,,Maíz.,,,No,Español,Artículo,Ciencias de la vida,,,2,,
"Bolaños, Juan N.",Zumaque,1838,2,227,227,1,,Zumaque,,,No,Español,Artículo,Ciencias de la vida,,,2,,
"Bolaños, Juan N.",Árbol de Santa María del Tule en el departamento de Oajaca,1857,5,363,366,4,,Árbol; Santa María; Tule,https://babel.hathitrust.org/cgi/pt?id=umn.31951001470346z&view=1up&seq=379,,Sí,Español,Artículo,Ciencias de la vida,,,5,,
Bolduc,"Análisis del Mechoacan, de Nueva España.",1714,,,,,,Mechoacan; Nueva España,,,No,Español,,Ciencias de la vida,,,,4,
"Bompland, Aimé Jaques Alexandre ; Freiherr von Humboldt, Friedrich Wilhelm Heinrich Alexander","Plantes e?quinoxiales recueillies au Mexique : dans l'i?le de Cuba, dans les provinces de Caracas, de Cumana et de Barcelone, aux Andes de la Nouvelle Grenade, de Quito et du Pe?rou, et sur les bords du rio-Negro de Ore?noque et de la rivie?re des Amazones.",1808,1,1,234,234,,Plantes e?quinoxiales ; Mexique; Cuba; Caracas; Barcelone; Pe?rou;,https://www.biodiversitylibrary.org/item/9696#page/8/mode/1up,https://doi.org/10.5962/bhl.title.460,Si,Francés,Monografía,Ciencias de la vida,2 volumenes en total,,1,,
"Bompland, Aimé Jaques Alexandre ; Freiherr von Humboldt, Friedrich Wilhelm Heinrich Alexander ; Kunth, Karl Sigismund",Mimosées et autres plantes légumineuses dunouveau continent,1819,,1,223,223,,Mimosées; légumineuses; nouveau continent,https://www.e-rara.ch/zuz/nagezh/content/titleinfo/18425066,,Si,Francés,Monografía,Ciencias de la vida,,,,,
"Bompland, Aimé Jaques Alexandre ;Freiherr von Humboldt, Friedrich Wilhelm Heinrich Alexander","Monographie des melastomacées, comprenant toutes les plantes de cet ordre récueillies jusqu'à ce jour, et notamment au Mèxique, dans l'Ile de Cuba, dans les provinces de Caracas, de Cumana, et de Barcèlone, aux Andes de la Nouvelle-Grenade, de Quito et du Pérou, et sur les bords du Rio-Negro, de l'Orénoque et de la rivière des Amazones",1833,1,1,106,106,,Monographie; melastomacées; Mèxique; Cuba; Cumana; Barcèlone; Pérou,https://www.biodiversitylibrary.org/bibliography/162868#/summary,https://doi.org/10.5962/bhl.title.162868,Si,Francés,Monografía,Ciencias de la vida,2 volumenes en total,,,,
"Bonafous, Matthieu","Histoire naturelle, agricole et economique du maís",1836,,1,181,181,,Histoire naturelle; agricole; economique; maís,https://books.google.com.mx/books/about/Histoire_naturelle_agricole_et_%C3%A9conomiq.html?id=kw06OAAACAAJ&redir_esc=y,,No,Francés,Monografía,Ciencias de la vida,,,,,
"Bonelli, Giorgio","Hortus Romanus, juxta systema Tournefortianum",1780,6,1,18,18,,Hortus Romanus; Tournefortianum,https://www.biodiversitylibrary.org/item/191355#page/5/mode/1up,https://doi.org/10.5962/bhl.title.107603,Sí,Latín,Monografía,Ciencias de la vida,8 volumenes en total,,6,,
Boreau Alexandre,"Notice sur l´agave Americana, suivie de la description de quelques plantes nouvelles ou peu connues.",1849,20,249,265,16,,Agave Americana; description; plantes nouvelles ; peu conues,"https://books.google.com.mx/books?id=TDE1AAAAMAAJ&pg=RA1-PA249&dq=Sur+l%27agave+Americana,+suivie+de+la+description+de+quelques+plantes+nouvelles+ou+peu+conues.&hl=es-419&sa=X&ved=2ahUKEwirnvy_uNXsAhXFF80KHY4nBjoQ6AEwAXoECAIQAg#v=onepage&q=Sur%20l'agave%20Americana%2C%20suivie%20de%20la%20description%20de%20quelques%20plantes%20nouvelles%20ou%20peu%20conues.&f=false",,Si,Francés,Artículo,Ciencias de la vida,,,20,,
Borre. A. de,Monographie des Agavées.,,,,,,,Monographie; Agavées,,,No,Francés,,Ciencias de la vida,,,,,
"Bournouf, Eugenio",Excursión en la Huasteca y en la costa.,1871,1,,,,,Excursión; Huasteca,,,No,Español,Artículo,Ciencias de la vida,,,1,,
"Boussingault, Jean Baptiste Joseph Dieudonné","Memoire sur la composition du Pulque, boisson fermentée, préparée avec la seve du Maguey (Agave Americana) 
",1865,1,209,224,15,,Memoire; Pulque; Maguey,https://babel.hathitrust.org/cgi/pt?id=mdp.39015027956831&view=1up&seq=225,,Sí,Francés,Artículo,Ciencias de la vida,,,1,,
"Brassetti, Francisco U.",Del Kousso,1870,5,95,100,6,,Kousso,https://babel.hathitrust.org/cgi/pt?id=mdp.39015046999465&view=1up&seq=111,,Si,Español,Artículo,Ciencias de la vida,,,5,,
"Brassetti, Francisco U.","Investigaciones sobre la naturaleza del Oidium abortifaciens, la ergotización de las plantas y el ergotismo animal",1870,5,8,14,7,,Investigaciones; naturaleza; Oidium arbotifaciens; ergotización; plantas; ergotismo; animal,https://babel.hathitrust.org/cgi/pt?id=mdp.39015046999465&view=1up&seq=16,,Sí,Español,Artículo,Ciencias de la vida,,,,,
"Bravo, Francisco","Opera Medicinalia, in quibus quam plurima extant scitu medico necessaria : in 4 libros digesta, que pagina versa c?ntinentur",1570,,1,303,303,,Opera medicinaba; medico necessaria,https://repositorioinstitucional.buap.mx/handle/20.500.12371/4448,,Si,Latín,Monografía,Ciencias de la vida,,,,,
"Brenner, Sophia Elizabeth",Minne ófver den Amerikanika Aloen huilken uppa Noor begynte blomstras,1708,,,,,,Minne; Amerikanske Alien,,,No,Sueco,,Ciencias de la vida,,,,,
"Breyne, Jakob","Exoticarum aliarumque minus cognitarum plantarum centuria prima, cum figuris aeneis summo studio elaboratis",1678,,1,195,195,,Exoticarum ; centuria prima.,http://bibdigital.rjb.csic.es/spa/Libro.php?Libro=1510,,Sí,Latín,Monografía,Ciencias de la vida,,,,,
"Breyne, Jakob",De Tacamahaca Liqvida.,1681,,444,444,1,,Tacamahaca Liqvida.,,,No,Alemán,,Ciencias de la vida,,,,,
"Bry, Johann Theodor de","Florilegium Renovatum Et Auctum: Das ist: Vernewertes und vermehrtes Blumenbuch: Von mancherley Gewächsen, Blumen un Pflantzen . Die hierinnen auffs zierlichste und fleissigste, dem Leben nach in Kupffer gebracht",1641,,1,144,144,,Florilegium; Vernewertes; Gewächsen; Blumen; Pflantzen,https://books.google.com.mx/books?id=Z7RZAAAAcAAJ&printsec=frontcover&source=gbs_ge_summary_r&cad=0#v=onepage&q&f=false,,Si,Alemán,Monografía,Ciencias de la vida,,,,,
"Brizuela, José",Escolios al Libro de Medicina del V. Gregorio López.,1672,,,,,,Escolios; libro; medicina,,,No,Español,,Ciencias de la vida,,,,4,
"Brizuela, José","Disertación sobre si el trigo llamado blanquillo, es o no perjudicial para la salud",1677,,,,,,Disertación; trigo; blanquillo; salud,,,No,Español,,Ciencias de la vida,,,,,
"Brongniart, Adolphe Theodore",Note sur un nouveau genre del Cycadées du mexique.,1846,5,5,9,5,,Note; nouveau genre; Cycadées; mexique,https://books.google.com.mx/books?id=x3dGAQAAMAAJ&pg=PA5&lpg=PA5&dq=Note+sur+un+nouveau+genre+del+Cycad%C3%A9es+du+mexique.&source=bl&ots=DskZ7GGAMB&sig=JlrjUUx0emfB36lH5lHqKDIMLKk&hl=es&sa=X&ved=2ahUKEwim5Ir_x_zcAhXk5IMKHTBLDQMQ6AEwCHoECAgQAQ#v=onepage&q=Note%20sur%20un%20nouveau%20genre%20del%20Cycad%C3%A9es%20du%20mexique.&f=false,,Si,Francés,Artículo,Ciencias de la vida,,,5,,
"Brotero Avellar, Felix de","Flora lusitanica, seu, Plantarum, quae en Lusitania vel sponte crescunt, vel frecuentius coluntur, ex florum praesertim sexubus systematice distributarum, sinopsis.",1804,1,1,607,607,,Flora Lusitanica; plantarum,https://www.biodiversitylibrary.org/item/97935#page/7/mode/1up,https://doi.org/10.5962/bhl.title.45110,Sí,Latín,Monografía,Ciencias de la vida,2 volumenes en total,,,,
"Browne, Daniel Jay",The Trees of America,1846,,1,520,520,,Trees; America,https://ia800207.us.archive.org/6/items/treesamericanat02browgoog/treesamericanat02browgoog.pdf,,Sí,Inglés,Monografía,Ciencias de la vida,,,,,
"Bruckmann, Franz Ernest","Relatio histórico-Botánico Medica de Avella Mexicana, vulgo Cacao",1728,,1,44,44,,Relatio; histórico botánico; Avellana Mexicana; cacao,https://ia800207.us.archive.org/15/items/relatiobrevishis00brkm/relatiobrevishis00brkm.pdf,,Sí,Alemán,Monografía,Ciencias de la vida,,2,,,
"Brulley, Augustin Jean","Essais sur la cochenille et le nopal, pour servia à l'histoire de l'établissement de la prèmiere nopalerie française dans l'ile de Saint-Domingue.",1796,,1,69,69,,Essais; cochenille; nopal; nopalerie française; Saint-Domingue,https://archive.org/details/essaisurlacochen00brul/page/n3/mode/2up,,Sí,Francés,Monografía,Ciencias de la vida,,,,,
"Brutio, Luis",Cartilla para la cría de los gusanos de seda y cultivo de la morera.,1869,,848,876,28,,Cartilla; cría; gusanos de seda; cultivo; morera,https://babel.hathitrust.org/cgi/pt?id=mdp.39015008360623&view=1up&seq=890,,Sí,Español,Artículo,Ciencias de la vida,2a época,,1,,
"Buchenau, Franz",Ueber einige von Liebmann in Mexiko gesamelte Pflanzen.,1873,3,339,350,11,,Pflanzen; Liebmann; Mexiko,https://www.biodiversitylibrary.org/item/106127#page/347/mode/1up,,Si,Alemán,Artículo,Ciencias de la vida,,,3,,
"Buchner, Johann Gottfried",De Aloe americana floretee—De Aloe americana allisque plantis exoticis in Voigtlandia florentibus.,1743,,,,,,Aloe americana; plantis exoticis,,,No,Latín,,Ciencias de la vida,,,,,
"Buchoz, Pierre Joseph","Dissertation sur le Roccoulier, sur sa culture en Europe et en Amérique",1788,,1,5,5,,Dissertation; Roccoulier; culture; Europe; Amérique,https://gallica.bnf.fr/ark:/12148/bpt6k441673f.texteImage,,Sí,Francés,Monografía,Ciencias de la vida,,,,,
"Burkart, Joseph
",Aufenthalt und Reisen in Mexico in den Jahren 1825 bis 1834,1836,1,1,392,392,,Aufenthalt; reisen; Mexico,https://archive.org/details/aufenthaltundre00burkgoog/page/n6/mode/2up,,Sí,Alemán,Monografía,Ciencias de la vida,2 volumenes en total,,,,
"Bustamante y Septiem, Miguel",Sobre el género Corallophillum del Sr. Kunth.,1832,1,131,134,4,,Género; Corallophillum,https://books.google.com.mx/books?id=SmRFAAAAYAAJ&pg=PA130-IA1&lpg=PA130-IA1&dq=Sobre+el+g%C3%A9nero+Corallophillum+del+Sr.+Kunth.&source=bl&ots=hv1zKtxH3V&sig=ACfU3U077NK-gJTnddX5mzL-NAqZpGSmJA&hl=es-419&sa=X&ved=2ahUKEwighbjj6tfsAhUOKqwKHYG0CFwQ6AEwAHoECAgQAg#v=onepage&q=Sobre%20el%20g%C3%A9nero%20Corallophillum%20del%20Sr.%20Kunth.&f=false,,Si,Español,Artículo,Ciencias de la vida,,,,,
"Bustamante y Septiem, Miguel",Sobre el Guaco.,1835,1,182,183,2,,Guaco,https://books.google.com.mx/books?id=CmVTAAAAcAAJ&pg=PA284&dq=Sobre+el+Guaco.+Miguel+Bustamante&hl=es-419&sa=X&ved=2ahUKEwi07vKJ7NfsAhV0Ap0JHa4sA8YQ6AEwAHoECAEQAg#v=onepage&q=Sobre%20el%20Guaco.%20Miguel%20Bustamante&f=false,,Si,Español,Artículo,Ciencias de la vida,,,1,1,
"Bustamante y Septiem, Miguel",Memoria instructiva para colectar y preparar para su trasporte los objetos de Historia Natural,1839,,1,29,29,,Memoria instructiva; transporte; objetos; Historia Natural,,,No,Español,Monografía,Ciencias de la vida,,,,8,
"Bustamante y Septiem, Miguel",Curso de Botánica elemental. Parte teórica,1841,,1,81,81,,Curso; botánica; teórica,https://www.biodiversitylibrary.org/item/197891#page/5/mode/1up,https://doi.org/10.5962/bhl.title.113618,Si,Español,Monografía,Ciencias de la vida,,,,,
"Bustamante y Septiem, Miguel",Marfil vegetal,1843,1,456,456,1,,Marfil vegetal,https://books.google.com.mx/books?id=T1Y-AAAAYAAJ&pg=PA456&dq=Marfil+vegetal+Miguel+Bustamante&hl=es-419&sa=X&ved=2ahUKEwjYtZLW7NfsAhWHKM0KHTMYCtIQ6AEwAHoECAMQAg#v=onepage&q=Marfil%20vegetal%20Miguel%20Bustamante&f=false,,Si,Español,Artículo,Ciencias de la vida,,,1,,
"Bustamante y Rocha, Pío","Discurso expositivo que leyó en los Actos de Botánica, el Profesor de este ramo",1845,,,,,,Discurso; actos; Botánica,,,No,Español,,Ciencias de la vida,,,,,
"Bustamante y Rocha, Pío ; Bustamante y Septiem, Benigno","Nuevo Curso elemental de Botánica, escrito en el orden que se enseñó este ramo, en el Jardin del Palacio Nacional,",1846,,1,414,414,,Curso; botánica; Jardin; Palacio Nacional,https://catalogo.iib.unam.mx/F/-/?func=find-b&find_code=SYS&local_base=bndm&format=999&request=000629613,,Si,Español,Monografía,Ciencias de la vida,,,,,
"Bustamante y Rocha, Pío","Introducción á la geografía, considerada con relación á la Historia Natural, según Bory de SaintVicent, y redactado en español, con ligeras modificaciones por P. B. R. para uso de la cátedra de Botánica de México.",1847,,1,14,14,,Geografía; HIstoria Natural,,,No,Español,,Ciencias de la vida,,,,8,
"Bustamante y Rocha, Pío",Las Papas.,1849,2,6,9,4,,Papas,https://books.google.com.mx/books?id=ZbIsAAAAYAAJ&printsec=frontcover&dq=Album+mexicano&hl=es-419&sa=X&ved=2ahUKEwiiv6nb9tfsAhUFYKwKHZNpAKcQ6AEwAHoECAMQAg#v=onepage&q=Album%20mexicano&f=false,,Si,Español,Artículo,Ciencias de la vida,,,2,,
"Bustamante y Rocha, Pío","Las familias naturales de las plantas ó resumen de sus principales caracteres, arregladas según Boitard, á la clasificación de Antonio Lorenzo Jussieu.",1851,,1,88,88,,Familias naturales; plantas; caracteres,,,No,Español,Monografía,Ciencias de la vida,,,,8,
"Bustamante y Rocha, Pío","Breve instrucción sobre el cultivo y conservación de los bosques y arbolado; extractado de los agricultores de la mejor nota, para uso del Seminario Nacional de Minería.",1852,2,16,36,20,,Instrucción; cultivo; conservación; bosques; arbolado,,,No,Español,Artículo,Ciencias de la vida,,,2,,
"Bustamante y Rocha, Pío",Discurso sobre el movimiento de las plantas,1853,3,31,34,4,,Discurso; movimiento; plantas,https://babel.hathitrust.org/cgi/pt?id=umn.31951000746074h&view=1up&seq=39,,Si,Español,Artículo,Ciencias de la vida,,,3,,
"Bustamante y Rocha, Pío","Nuevas lecciones de Botánicas, puestas al alcance de toda clase de personas; y con algunas reflexiones morales, deducidas de los admirables fenómenos que se observan en el desarrollo de las plantas",1853,,1,165,165,,Lecciones; botánicas; reflexiones;,https://www.biodiversitylibrary.org/item/208045#page/5/mode/1up,https://doi.org/10.5962/bhl.title.119288,Si,Español,Monografía,Ciencias de la vida,,,,,
"Bustamante y Rocha, Pío","Catálogo de las plantas contenidas en el Herbario perteneciente al Sur de México: que comprende los nombres genéricos, específicos y de familia, con las descripciones de las especies.",1854,4,133,143,11,,Catálogo; plantas; herbario; Sur de México,https://babel.hathitrust.org/cgi/pt?id=umn.31951000746075f&view=1up&seq=149,,Si,Español,Artículo,Ciencias de la vida,,,4,,
"Bustamante y Rocha, Pío",Dictamen sobre la planta llamada vulgarmente Cuitlacoche.,1865,,181,184,4,,Dictamen; planta; Cuitlacoche,,,No,Español,Artículo,Ciencias de la vida,,,,,
"Bustamante y Rocha, Pío",Discurso sobre la importancia de la Historia Natural,1865,,218,222,5,,Discurso; importancia; HIstoria Natural,,,No,Español,Artículo,Ciencias de la vida,,,,,
"Bustamante y Rocha, Pío","Principios generales de Agricultura, puestos al alcance de toda clase de personas.",1872,4,195,207,13,,Principios; Agricultura: personas,https://babel.hathitrust.org/cgi/pt?id=mdp.39015008360607&view=1up&seq=203,,Sí,Español,Artículo,Ciencias de la vida,2a época,,4,,
"Bustamante y Rocha, Pío","Descripción de la nueva especie del género Escobedia, denominada Angustifolia",,,370,370,1,,Descripción; especie; Escobedia; Angustifolia,,,No,Español,Artículo,Ciencias de la vida,,,2,,
Bussy,Comunication faites a la Comission.,,1,341,346,6,,Comunication; comission,,,No,Francés,Articulo,Ciencias de la vida,,,,,
Bustillos y Tricio Francisco,Breve estudio sobre el Cheilanthes elegan,1892,,1,20,20,,Estudio; Cheilanthes elegan,,,No,Español,Monografía,Ciencias de la vida,,,,,
Bustillos Francisco,Contrayerba blanca ó de México. Psoralea Pentaphylla,1892,,,,,,Contrayerba blanca; México; Psoralea Pentaphylla,,,No,Inglés,,Ciencias de la vida,,,,,
C,Coppie de la flevr de la passion qvi crois dans les Indes Occidentales.,1637,,,,,,Coppie; flevr; passion; Indes Occidentales.,,,No,Francés,,Ciencias de la vida,,,,,
C.P.C,Importante á los agricultores,1871,3,255,256,2,,Importante; agricultores,https://babel.hathitrust.org/cgi/pt?id=mdp.39015008360615&view=1up&seq=293,,Sí,Español,Artículo,Ciencias de la vida,2a época,,3,,
"Caballero Fray, Juan",Historia de muchas plantas que crecen en la Provincia de Oaxaca.,,,,,,,Historia; plantas; Oaxaca,,,No,Español,,Ciencias de la vida,,,,,
"Cabrera, Antonio J.",La Huasteca Potosina,1876,,1,133,133,,Huasteca Potosina,https://books.google.com.mx/books?id=op7I6B85JC0C&printsec=copyright&redir_esc=y#v=onepage&q&f=true,,No,Español,Monografía,Ciencias de la vida,,1,,,
"Cabrera, Florencio",Dictamen sobre el Condurango y el Guaco,1872,4,58,61,4,,Dictamen; Condurango; Guaco,https://babel.hathitrust.org/cgi/pt?id=mdp.39015008360607&view=1up&seq=62,,Sí,Español,Artículo,Ciencias de la vida,2a época,,4,,
"Cadet de Gassicour, Charles Louis",Dissertation sur le Jalap,1817,,1,84,84,,Dissertation; Jalap,https://play.google.com/books/reader?id=e5IaAAAAYAAJ&hl=es_419&pg=GBS.PR3,,Sí,Francés,Monografía,Ciencias de la vida,,,,,
"Cagnato, Marsilio","Dos Disertaciones del Palo santo ó Guayaco, en sus Obras varias",1604,,,,,,Disertaciones; Palo; Guayaco,,,No,Latín,,Ciencias de la vida,,,,,
"Calderón, Esteban M.",Breve estudio sobre el cultivo del Maguey,1889,,1,45,45,,Estudio; cultivo; maguey,https://www.worldcat.org/title/breve-estudio-sobre-el-cultivo-del-maguey-trabajo-inaugural-que-para-el-examen-general-de-ingeniero-agronomo-presenta-al-jurado-calificador/oclc/651456948,,No,Español,Monografía,Ciencias de la vida,,,,,
"Calderón, Juan B",Estudio sobre el arbusto llamado Sinicuiche.,1897,2,36,42,7,,Estudio; arbusto; Sinicuiche,https://www.samorini.it/doc1/alt_aut/ad/calderon-estudio-sobre-el-arbusto-llamado-sinicuiche.pdf,,Si,Español,Artículo,Ciencias de la vida,,,2,,
Cal y Bracho Antonio de la,"Memoria sobre el cultivo y torcido de los cáñamos en la Capital del Estado de Puebla, con observaciones sobre la misma, por el Teniente Coronel D. Manuel Fernández Aguado",1832,1,231,264,33,,Memoria; cultivo; cáñamos; Puebla,https://archive.org/details/registrotrimestr12soci/page/230/mode/2up,,Si,Español,Artículo,Ciencias de la vida,,,1,,
Cal y Bracho Antonio de la,"Ensayo para la Materia Médica Mexicana, arreglado por una Comisión nombrada por la Academia Médico-Quirúrgica de esta Capital, quien ha dispuesto se imprima por considerarlo útil.",1832,,1,101,101,,Ensayo; Materia Médica,https://www.biodiversitylibrary.org/item/36337#page/1/mode/1up,https://doi.org/10.5962/bhl.title.8694,Si,Español,Monografía,Ciencias de la vida,,,,,
Cal y Bracho Antonio de la,Botánica. Syngenesia-Polygamia superflua.,1833,2,67,69,3,,Botánica; Syngenesia; Polygamia; superflua,https://archive.org/details/registrotrimestr12soci/page/66/mode/2up,,Si,Español,Artículo,Ciencias de la vida,,,2,,
Cal y Bracho Antonio de la,"Noticias é instrucciones sobre el cultivo del cáñamo y del lino, hasta ponerlo en estado de estopa.",,,,,,,Noticias; instrucciones:cultivo; cáñamo; lino,,,No,Español,Artículo,Ciencias de la vida,,,,,
Cal y Bracho Antonio de la,"Noticia sobre el modo de cultivar y preparar el cáñamo, hasta poderse hilar ó darle otros destinos útiles, con una insinuación de sus propiedades, las de los cañamones y sus usos, dando fin con los ensayos practicados en Puebla, y las observaciones deducidas de ellos.",,,,,,,Noticia; cultivar; preparar; cáñamo,,,No,Español,Monografía,Ciencias de la vida,,,,,
Cal Mariano de la,Plantas del antiguo camino de Puebla a México,1875,1,105,106,2,,Plantas; sociedad; Puebla,https://babel.hathitrust.org/cgi/pt?id=mdp.39015076562217&view=1up&seq=107,,Si,Español,Artículo,Ciencias de la vida,,,1,,
Pyrame de Candolle Agustin,Plantarum historia succulentarum. Histoire des Plantes grasses. Avec leurs figures en couleurs desinées par Redouté,1778,1,1,120,120,,Plantarum historia; Histoire; Plantes grasses; figures,https://gallica.bnf.fr/ark:/12148/bpt6k1523717j/f9.item,,Si,Latín,Monografía,Ciencias de la vida,2 volumenes en total,,,,
"Pyrame de Candolle Agustin; Lamarck, Jean Baptiste Pierre de Monet de","Flore française, ou descriptions succinctes de toutes les plantes qui croissent naturellement en France, Disposées selon une nouvelle Méthode d'Analyse, et précédées par un Exposé des Principes élémentaires de la Botanique",1805,1,1,224,224,,Flora française; descriptions; plantes; France; principes élémentaires; botanique,https://bibdigital.rjb.csic.es/idurl/1/9876,,Si,Latín,Monografía,Ciencias de la vida,5 tomos en total,3,1,,
"Pyrame de Candolle Agustin; Lamarck, Jean Baptiste Pierre de Monet de",Synopsis plantarum in Flora gallica descriptarum.,1806,,1,432,432,,Synopsis plantarum; Flora gallica; descriptarum,https://www.biodiversitylibrary.org/item/29347#page/6/mode/1up,https://doi.org/10.5962/bhl.title.6624,Si,Latín,Monografía,Ciencias de la vida,,,,,
Pyrame de Candolle Agustin; Pyrame de Candolle Alphonse Louis Pierre,"Prodromus systematis naturalis regni vegetabilis, sive, Enumeratio contracta ordinum generum specierumque plantarum huc usque cognitarium, juxta methodi naturalis, normas digesta",1824,1,1,745,745,,Systematis naturalis; specierumque; plantarum; cognitarum; methodi naturalis; normas,https://www.biodiversitylibrary.org/item/7150#page/4/mode/1up,https://doi.org/10.5962/bhl.title.286,Si,Latín,Monografía,Ciencias de la vida,17 volumenes en total (1824-1873),,,,
"Pyrame de Candolle Agustin; Duby, Jean Étienne","Botanicon gallicum, seu Synopsis plantarum in Flora gallica descriptarum.",1828,1,1,544,544,,Botanicon; plantarum; Flora gallica; descriptarum,https://www.biodiversitylibrary.org/item/29498#page/9/mode/1up,https://doi.org/10.5962/bhl.title.6352,Si,Francés,Monografía,Ciencias de la vida,2 partes en total,2,,,
Pyrame de Candolle Agustin,"Revue de la familie des Cactées, avec des observations sur leur végétation et leur culture ainsi que sur celles des autres plantes grasses.",1829,,1,119,119,,Revue; Cactées; végétation; culture,https://gallica.bnf.fr/ark:/12148/bpt6k98367v/f2.item,,Sí,Francés,Monografía,Ciencias de la vida,,,,,
Pyrame de Candolle Agustin,"Mémoires et souvenirs, écrits par lui-même et publiés par son fils.",1862,,1,599,599,,Mémoires; souvenirs,https://gallica.bnf.fr/ark:/12148/bpt6k5604254x/f4.item.texteImage,,Si,Francés,Monografía,Ciencias de la vida,,,,,
Pyrame de Candolle Agustin,Collection de memoires pour servir a l'histoire du regne vegetal: et plus specialment pour servir de complementar a quelques Parties du prodromus regni vegetabilis memoires un a dix,1828-1838,,1,22,22,,Collection; mémoires; histoire ; regne vegetal,https://www.biodiversitylibrary.org/item/196321#page/8/mode/1up,https://doi.org/10.5962/bhl.title.112394,Si,Francés,Monografía,Ciencias de la vida,,,,,
Pyrame de Candolle Anne Casimir; Pyrame de Candolle Alphonse Louis Pierre,Meliacées.,1878,1,399,418,19,,Meliacées,https://www.biodiversitylibrary.org/item/99450#page/405/mode/1up,,Si,Francés,Artículo,Ciencias de la vida,,,,,
Pyrame de Candolle Alphonse Louis Pierre,Origine des plantes cultivées.,1883,,1,377,377,,Origine; plantes cultivées,https://bibdigital.rjb.csic.es/viewer/14739/?offset=#page=1&viewer=picture&o=bookmark&n=0&q=,,Si,Francés,Monografía,Ciencias de la vida,,,,,
Pyrame de Candolle Alphonse Louis Pierre,"Géographie botanique raisonnée ou, Exposition des faits principaux et des lois concernant la distribution géographique des plantes de l'époque actuelle.",1855,2,608,1365,1365,,Géographie botanique; Exposition; distribution géographique; plantes; actuelle,https://www.biodiversitylibrary.org/item/73564#page/9/mode/1up,https://doi.org/10.5962/bhl.title.30020,Si,Francés,Monografía,Ciencias de la vida,2 volumenes en total,,,,
"Pyrame de Candolle Alphonse Louis Pierre; Mociño Losada, Jose Mariano; Sesse?, Marti?n",Calques des dessins de la Flore du Mexique de Mociño et Sessé qui ont servi de types d' Espe?ces dans le systema ou le prodromus.,1874,1,1,6,6,,Calques; dessins; Flore; Mexique; Espe?ces; systema ; prodromus,https://www.biodiversitylibrary.org/item/175033#page/7/mode/1up,https://doi.org/10.5962/bhl.title.96829,Si,Francés,Monografía,Ciencias de la vida,2 volumenes en total,,,,
Pyrame de Candolle Alphonse Louis Pierre,Smilacées,1878,1,1,38,38,,Smilacées,https://www.biodiversitylibrary.org/item/99450#page/7/mode/1up,https://doi.org/10.5962/bhl.title.45961,Sí,Francés,Artículo,Ciencias de la vida,,,,,
"Canseco, Juan Pablo",Carta a Alzate sobre el uso medicinal de la Cebadilla.,1831,3,89,96,7,,Carta: uso; Cebadilla,https://babel.hathitrust.org/cgi/pt?id=ucm.5324329663&view=1up&seq=95&q1=cebadilla,,Sí,Español,Artículo,Ciencias de la vida,,,3,,
"Cappellini, Giovanni","Ricordi di un viaggio scientifico nell'America Settentrionale, nell America Settentrionale",1867,,1,283,283,,Ricordi; viaggio scientifico ; America Settentrionale,https://ia800301.us.archive.org/19/items/ricordidiunviag00capegoog/ricordidiunviag00capegoog.pdf,,Sí,Italiano,Monografía,Ciencias de la vida,,,,,
"Cárdenas, Juan de; Ocharte Pedro",Primera parte de los Problemas y Secretos Maravillosos de las Indias. Compuesta por el Dr. Juan de Cárdenas,1591,,1,246,246,,Problemas; secretos; Indias,http://bdh.bne.es/bnesearch/detalle/2166930,,Sí,Español,Monografía,Ciencias de la vida,,,,,
"Carmona y Valle, Manuel",Paraplegia curada con la Morfina por el método endérmico,1867,3,73,78,6,,Paraplegia; Morfina; método endérmico,https://babel.hathitrust.org/cgi/pt?id=mdp.39015046999440&view=1up&seq=89,,Si,Español,Artículo,Ciencias de la vida,,,3,,
"Carmona y Valle, Manuel",Sobre el hongo de las Orinas de los enfermos de Vómito.,1881,16,389,389,1,,Hongo; orinas; enfermos,https://catalog.hathitrust.org/Record/000635467,,No,Español,Artículo,Ciencias de la vida,,,16,,
"Carpenter, William Benjamin","Travels and Adventures in Mexico in the course of Journeys of repwerd of 2500 miles, performed on foot. Giving an account of the Manners and Customes of the People, and the Agricultural and Mineral resources of that country.",1851,,1,300,300,,Travels; adventures; Mexico; 2500 miles; people; agricultural; mineral ; resources; country,https://books.google.ad/books?id=tggVAAAAYAAJ,,No,Inglés,Monografía,Ciencias de la vida,,,,,
"Capetillo y Martínez, José Ignacio",Estudio histórico acerca del tratamiento de la lues-venérea en México y cuestiones relativas á su curabilidad.,1871,,1,78,78,,Estudio; tratamiento; lues-venérea; México; curabilidad,https://catalogo.iib.unam.mx/F/-/?func=find-b&find_code=SYS&local_base=bndm&format=999&request=000532442,,Si,Español,Monografía,Ciencias de la vida,,,,,
"Carpió Hernández, Manuel Eulogio",Uso del centeno de Cuernecillo para facilitar el parto y la salida de las secundinas.,1836,1,39,47,9,,"Centeno, Cuernecillo; parto; salida; secundinas",https://archive.org/details/peridicodelaacad1183acad/page/38/mode/2up,,Sí,Español,Artículo,Ciencias de la vida,1a serie,,1,,
"Carpió Hernández, Manuel Eulogio",Usos del centeno de Cuernecillo en varios flujos de sangre.,1836,1,76,79,4,,Centeno; Cuernecillo; flujos; sangre,https://archive.org/details/peridicodelaacad1183acad/page/76/mode/2up,,Si,Español,Artículo,Ciencias de la vida,1a serie,,1,,
"Carpió Hernández, Manuel Eulogio",Uso de la Cainca en la hydropesía.,1836,1,177,178,2,,Cainca; hidropesía,https://archive.org/details/peridicodelaacad1183acad/page/176/mode/2up,,Si,Español,Artículo,Ciencias de la vida,1a serie,,1,,
"Carpió Hernández, Manuel Eulogio",Del Tanino en las hemorragias.,1837,2,65,66,2,,Tanino; hemorragias,https://archive.org/details/s1id13415310/page/64/mode/2up,,Si,Español,Artículo,Ciencias de la vida,1a serie,,,,
"Carpió Hernández, Manuel Eulogio",Añil en la epilepsia.,1838,3,75,75,1,,Añil; epilepsia,https://archive.org/details/s1id13415320/page/74/mode/2up,,Si,Español,Artículo,Ciencias de la vida,1a serie,,,,
"Carpió, Luis Hidalgo",Pústula maligna curada por la aplicación de las hojas frescas de Nogal.,1866,2,282,285,4,,Pústula; hojas; Nogal,https://babel.hathitrust.org/cgi/pt?id=mdp.39015046999432&view=1up&seq=298,,Si,Español,Artículo,Ciencias de la vida,,,2,,
"Carpió, Luis Hidalgo",Envenamiento de nueve personas por el bulbo de la Cebadilla,1872,1,,,,,Envenamiento; personas; bulbo; Cebadilla,,,No,Español,Artículo,Ciencias de la vida,,,1,,
"Carvajal, José María",Breves consideraciones sobre el método hipodérmico,1885,,1,56,56,,Consideraciones; método hipodérmico,,,No,Español,Monografía,Ciencias de la vida,,,,,
"Carrasco García, Felix",Reseña histórico-científica sobre el Eséré ó sea la Haba del Calabar.,1869,,1,45,45,,Reseña; Eséré; Haba del Calabar,https://www.biodiversitylibrary.org/item/186433#page/5/mode/1up,https://doi.org/10.5962/bhl.title.105363,Si,Español,Monografía,Ciencias de la vida,,,,,
"Carrillo, Pedro Antonio",Breve estudio sobre la Rosilla de Puebla.,1887,,1,22,22,,Estudio; Rosilla; Puebla,https://collections.nlm.nih.gov/ext/dw/101636794/PDF/101636794.pdf,,Si,Español,Monografía,Ciencias de la vida,,,,,
"Caruel, Theodoro","Prodromo della flora toscana, ossia, Catalogo metodico delle piante che nascono salvatiche in Toscana e nelle sue isole, o che vi sono estesamente coltivate, con la indicazione dei luoghi nei quali si trovano, del tempo della loro fioritura e fruttificazione, dei loro nomi volgari ed usi",1860,,2,767,767,,Prodromo; flora toscana; coltivate; nomi volgari,https://www.biodiversitylibrary.org/item/40230#page/7/mode/1up,https://doi.org/10.5962/bhl.title.9990,Si,Italiano,Fuente secundaria de información,Ciencias de la vida,,,,,
"Casas, Carlos",Raiz de Japala,1869,1,6,8,3,,Raíz; Jalapa,https://babel.hathitrust.org/cgi/pt?id=mdp.39015008360623&view=1up&seq=18,,Sí,Español,Artículo,Ciencias de la vida,2a época,,1,,
"Casas, Gonzalo de las",Libro intitulado arte para criar seda desde que rebieve una semilla hasta sacar otra.,1581,,1,223,223,,Libro; criar; semilla,http://simurg.bibliotecas.csic.es/viewer/image/CSIC000871895/6/#topDocAnchor,,Sí,Español,Monografía,Ciencias de la vida,,,,,
"Castelli, Prieto; Aldini, Tobia","Exactissima descriptio rariorum quarundam plantarum, que continenteur Roma en Horto Farnesiano",1625,,1,100,100,,Exactissima descriptio; plantarum; Farnesiano,https://www.biodiversitylibrary.org/item/111765#page/5/mode/1up,https://doi.org/10.5962/bhl.title.52209,Sí,Latín,Monografía,Ciencias de la vida,,,,,
"Castelli, Prieto",Hortus messaniensis,1640,,,,,,Hortus messaniensis,,,No,Latín,,Ciencias de la vida,,,,,
"Castillo, Juan Diego",Plantas descritas en el viaje de acapulco,,,,,,,Plantas; viaje; Acapulco,,,No,Español,Monografía,Ciencias de la vida,,,,,
C,Cátalogo delle Cactee coltiv da A Giocomelli in Treviso,1842,,1,25,25,,Cátalogo; Cactee,,,No,Italiano,Monografía,Ciencias de la vida,,,,,
"Cazzuola, Ferdinando",Dizionario de Botánica,1876,,1,718,718,,Dizionario; botánica,https://reader.digitale-sammlungen.de/de/fs1/object/display/bsb11337514_00005.html,,Sí,Italiano,Fuente secundaria de información,Ciencias de la vida,,,,,
"Cazzuola, Ferdinando","Le piante utili e nocive agli uomini e agli animali che crescono spontanee e coltivate in Italia con brevi cenni sopra la coltura, sopra i prodotti e sugli usi che se ne fanno ad uso di tutte le scuole del Regno d'Italia",1880,,1,217,217,,Piante utili; nocive; uomini ; animali; coltivate; Italia,https://books.google.com.mx/books/about/Le_piante_utili_e_nocive_agli_uomini_e_a.html?id=b9l0zQEACAAJ&redir_esc=y,,No,Italiano,Monografía,Ciencias de la vida,,,,,
"Cazzuola, Ferdinando",Il coltivatore di piante ornamentali tanto da serra quanto de aria aperta,1889,,1,462,462,,Coltivatore; piante; ornamentali,https://www.worldcat.org/title/coltivatore-di-piante-ornamentali-tanto-da-serra-quanto-de-aria-aperta/oclc/63604587,,No,Italiano,Monografía,Ciencias de la vida,,2,,,
"Cervantes, José María",Pepsina Vegetal,1880,5,253,253,1,,Pepsina Vegetal,,,No,Español,Artículo,Ciencias de la vida,,,5,,
"Cervantes Mendo, Vicente","Ejercicios públicos de botánica que tendría en esta Rl. y Pontificia Universidad el br. Josef Vicente de la Peña, Francisco Giles y Arellano y Dn. Jose Timoteo Arsinas dirigiéndolos Dn. Vicente Cervantes el jueves 11 de diciembre a las tres de la tarde. Programa de los ejercicios",1788,,,,,,Ejercicios públicos; botánica,https://books.google.com.mx/books/about/Ejercicios_p%C3%BAblicos_de_bot%C3%A1nica_que_te.html?id=_mmozQEACAAJ&redir_esc=y,,No,Español,Monografía,Ciencias de la vida,,,,,
"Cervantes Mendo, Vicente","Oración pronunciada el 2 de mayo de 1788, en la sala del nuevo Real Estudio de Botanica de México",1789,,,,,,Oración; Real Estudio de Botánica; México,,,No,Español,,Ciencias de la vida,,,,,
"Cervantes Mendo, Vicente","Exercicios públicos de Botánica, que tendrán en la Real y Pontificia Universidad de México Don Joseph Moziño Médico aprobado, Don Justo Pastor Torres Practicante de Farmacia, y Don Joseph Maldonado Practicante de Cirugía",1789,,1,6,6,,Exercicios públicos; botánica; Universidad de México,https://bibdigital.rjb.csic.es/records/item/16240-ejercicios-publicos-de-botanica,,Si,Español,Monografía,Ciencias de la vida,,,,,
"Cervantes Mendo, Vicente","Extracto de un discurso leido en la Sala del Real Estudio Botánico de México por el catedrático D. Vicente Cervantes, el dia 4 de mayo de 1789, sobre la utilidad del método en el estudio de las plantas",1790,XIX,502,510,9,,Extracto; discurso,https://books.google.com.mx/books?id=gWvtWZM2-nMC&pg=PA502&lpg=PA502&dq=Extracto+de+un+discurso+leido+el+4+de+mayo+de+1789&source=bl&ots=p06Mso5f9u&sig=ACfU3U3sOmrG_HxGAJenD_06Y2A2mhgSHA&hl=es-419&sa=X&ved=2ahUKEwjqiauah-fsAhVCEawKHT_jCsIQ6AEwBnoECAEQAg#v=onepage&q=Extracto%20de%20un%20discurso%20leido%20el%204%20de%20mayo%20de%201789&f=false,,Si,Español,Artículo,Ciencias de la vida,,,19,,
"Cervantes Mendo, Vicente","Ejercicios públicos, el Br Pedro Muñoz, Sebastián Gómez Morón, Br Manuel María Bernal y Br Francisco Peralta",1790,,1,8,8,,Ejercicios públicos,,,No,Español,,Ciencias de la vida,,,,4,
"Cervantes Mendo, Vicente",Ejercicios públicos,1793,,1,10,10,,Ejercicios públicos,,,No,Español,,Ciencias de la vida,,,,4,
"Cervantes Mendo, Vicente",Discurso de Dr. Vicente Cervantes. Trata del árbol de Hule y su clasificación,1794,7,18,33,15,,Árbol; hule; clasificación,https://www.biodiversitylibrary.org/item/121643#page/440/mode/1up,,Sí,Español,Artículo,Ciencias de la vida,1a serie,,,,
"Cervantes Mendo, Vicente","Ejercicios públicos de Botánica, que tendrán en la Real y Pontificia Universidad de México los Bachilleres en Medicina y Filosofia Don Joseph Fernandez Varela, Don Joseph Dionisio Larreategui, y Don Ignacio Leon y Perez Indio Cacique Aprobado en farmacia, presidiendolos Don Vicente Cervantes catedratico de Botánica de dicha Real Universidad, Alcalde Exâminador de Farmacia en el Real Tribunal del Proto-Medicato",1794,,1,10,10,,Ejercicios; botánica; Universidad de México,http://bibdigital.rjb.csic.es/ing/Libro.php?Libro=4207,,Sí,Español,Monografía,Ciencias de la vida,,,,,
"Cervantes Mendo, Vicente","De la violeta estrellada y de sus virtudes, discurso leido en México el día 3 junio 1798",1803,6,185,199,15,,Violeta estrellada; virtudes; México,https://books.google.com.mx/books?id=pWCHbEbhMR8C&printsec=frontcover&source=gbs_ge_summary_r&cad=0#v=onepage&q&f=false,,Si,Español,Artículo,Ciencias de la vida,,,6,16,
"Cervantes Mendo, Vicente",Mina lobata,1824,,3,4,2,,Mina lobata,https://babel.hathitrust.org/cgi/pt?id=hvd.32044106347115&view=1up&seq=15,,Sí,Latín,Artículo,Ciencias de la vida,Fascículo 1 y 2,,,,
"Cervantes Mendo, Vicente",Pancratium trichromum,1824,,20,20,1,,Pancratium trichromum,https://babel.hathitrust.org/cgi/pt?id=hvd.32044106347115&view=1up&seq=32,,Sí,Latín,Artículo,Ciencias de la vida,Fascículo 1 y 2,,,,
"Cervantes Mendo, Vicente",Perdicium cordatum,1824,,27,27,1,,Perdicium cordatum,https://babel.hathitrust.org/cgi/pt?id=hvd.32044106347115&view=1up&seq=39,,Sí,Latín,Artículo,Ciencias de la vida,Fascículo 1 y 2,,,,
"Cervantes Mendo, Vicente",Cacalia sinuata,1824,,29,29,1,,Cacalia sinuata,https://babel.hathitrust.org/cgi/pt?id=hvd.32044106347115&view=1up&seq=41,,Sí,Latín,Artículo,Ciencias de la vida,Fascículo 1 y 2,,,,
"Cervantes Mendo, Vicente",Anthemis lutescens,1824,,30,30,1,,Anthemis lutescens,https://babel.hathitrust.org/cgi/pt?id=hvd.32044106347115&view=1up&seq=42,,Sí,Latín,Artículo,Ciencias de la vida,Fascículo 1 y 2,,,,
"Cervantes Mendo, Vicente",Anthemis sinuata,1824,,30,30,1,,Anthemis sinuata,https://babel.hathitrust.org/cgi/pt?id=hvd.32044106347115&view=1up&seq=42,,Si,Latín,Artículo,Ciencias de la vida,Fascículo 1 y 2,,,,
"Cervantes Mendo, Vicente",Tagetes subulata,1824,,31,31,1,,Tagetes subulata,https://babel.hathitrust.org/cgi/pt?id=hvd.32044106347115&view=1up&seq=43,,Sí,Latín,Artículo,Ciencias de la vida,Fascículo 1 y 2,,,,
"Cervantes Mendo, Vicente",Coreopsis tetragona,1824,,31,31,1,,Coreopsis tetragona,https://babel.hathitrust.org/cgi/pt?id=hvd.32044106347115&view=1up&seq=43,,Si,Latín,Artículo,Ciencias de la vida,Fascículo 1 y 2,,,,
"Cervantes Mendo, Vicente",Nocca latifolia,1824,,31,32,2,,Nocca latifolia,https://babel.hathitrust.org/cgi/pt?id=hvd.32044106347115&view=1up&seq=43,,Si,Latín,Artículo,Ciencias de la vida,Fascículo 1 y 2,,,,
"Cervantes Mendo, Vicente",Calibrachoa procumbens,1824,,3,3,1,,Calibrachoa procumbens,https://babel.hathitrust.org/cgi/pt?id=hvd.32044106347115&view=1up&seq=53,,Sí,Latín,Artículo,Ciencias de la vida,Fascículo 1 y 2,,,,
"Cervantes Mendo, Vicente",Leonia salvifolia,1824,,6,6,1,,Leonia salvifolia,https://babel.hathitrust.org/cgi/pt?id=hvd.32044106347115&view=1up&seq=56,,Si,Latín,Artículo,Ciencias de la vida,Fascículo 1 y 2,,,,
"Cervantes Mendo, Vicente",Montañoa tormentosa,1824,,11,11,1,,Montañoa tormentosa,https://babel.hathitrust.org/cgi/pt?id=hvd.32044106347115&view=1up&seq=61,,Si,Latín,Artículo,Ciencias de la vida,Fascículo 1 y 2,,,,
"Cervantes Mendo, Vicente",Jalambicea repens,1824,,12,13,2,,Jalambicea repens,https://babel.hathitrust.org/cgi/pt?id=hvd.32044106347115&view=1up&seq=62,,Si,Latín,Artículo,Ciencias de la vida,Fascículo 1 y 2,,,,
"Cervantes Mendo, Vicente","Discurso pronunicado el 1 de junio de 1793 por el Br. Manuel María Bernal, en la apertura del curso de botánica en el Jardín de Palacio.",1831,3,158,164,7,,Discurso; curso; botánica ; Jardín; Palacio,https://babel.hathitrust.org/cgi/pt?id=ucm.5324329663&view=1up&seq=164,,Sí,Español,Artículo,Ciencias de la vida,,,3,,
"Cervantes Mendo, Vicente",Informe sobre la nueva especie de Helianto,1865,1,448,450,3,,Informe; especie; Helianto,https://babel.hathitrust.org/cgi/pt?id=mdp.39015046999424&view=1up&seq=456,,Si,Español,Artículo,Ciencias de la vida,,,1,27,
"Cervantes Mendo, Vicente","Géneros nuevos de Gramíneas, descubiertos por Sr. Vicente de Cervantes en los alrededores de México",1869,1,343,344,2,,Géneros; Gramíneas,https://www.biodiversitylibrary.org/item/123566#page/427/mode/1up,,Sí,Español,Artículo,Ciencias de la vida,1a serie,,1,,
"Cervantes Mendo, Vicente",Ensayo a la materia medica vegetal de México,1889,,1,47,47,,Ensayo; materia médica; México,https://www.worldcat.org/title/ensayo-a-la-materia-medica-vegetal-de-mexico/oclc/12816915,,No,Español,Monografía,Ciencias de la vida,"Edición de ""El estudio""",,,,
"Cervantes Mendo, Vicente","Discurso sobre las plantas medicinales que crecen en las cercanias de México, leído en la apertura del curso en el Jardín Botánico de la misma capital, el dia 28 de mayo de 1791",,,,,,,Discurso; plantas medicinales; México,,,No,Español,Monografía,Ciencias de la vida,,,,,
"Cervantes Mendo, Vicente",Lista de plantas oficinales que se hallan en el reino de México,,,,,,,Lista; plantas oficinales; reino; México,,,No,Español,Monografía,Ciencias de la vida,,,,,
"Cervantes Mendo, Vicente","Agrostigraphia mexicana sive enumeratiograminum, juancorun et cyperorum in Valle mexicana, et in montibus collibusque México vicinis crescentium",,,,,,,Agrostigraphia mexicana; Valle mexicana,,,No,Latín,Monografía,Ciencias de la vida,,,,,
"Cervantes Mendo, Vicente",Hortus mexicanus,,,,,,,Hortus mexicanus,,,No,Latín,Monografía,Ciencias de la vida,,,,,
"Cervantes, Julián",Tablas botánicas que para el más pronto y facíl estudio de esta ciencia,1825,,1,35,35,,Tablas botánicas; ciencia,https://www.biodiversitylibrary.org/item/220586#page/9/mode/1up,,Sí,Español,Monografía,Ciencias de la vida,,,,,
"Cerna, David",La thevetia iccotli y sus glucosidos,1880,5,218,227,10,,Thevia iccotli; glucosidos,https://www.biodiversitylibrary.org/item/121642#page/232/mode/1up,,Sí,Español,Artículo,Ciencias de la vida,,,5,,
"Ceruto, Benito; Chiocco, Andrés",El museo de Francisco Calceolario en que contienen muchas plantas de ambas,1622,,,,,,Museo; Francisco Calceolario; plantas,,,No,Español,,Ciencias de la vida,,,,,
"Cervera, José T",Agricultura e industria,1863,1,43,46,4,,Agricultura; industria,https://babel.hathitrust.org/cgi/pt?id=hvd.tz1qgt&view=1up&seq=67,,Sí,Español,Artículo,Ciencias de la vida,,,1,,
"Cervera, José T",El frijol,1863,1,321,324,4,,Frijol,https://babel.hathitrust.org/cgi/pt?id=hvd.tz1qgt&view=1up&seq=371,,Sí,Español,Artículo,Ciencias de la vida,,,1,,
"Aretini Caesalpini, Andreae",De plantis libri XVI,1583,,1,621,621,,Plantis libri,https://ia600606.us.archive.org/6/items/deplantislibrixv00cesa/deplantislibrixv00cesa.pdf,,Sí,Latín,Monografía,Ciencias de la vida,,,,,
Cesati Vicenzo; Gibelli Giuseppe; Passerini Giovanni,Compendio della flora italiana,1867,1,1,215,215,,Compendio; flora italiana,https://books.google.com.mx/books?id=4EI1jzmFaJgC&printsec=frontcover&source=gbs_book_other_versions_r&redir_esc=y,,No,Italiano,Monografía,Ciencias de la vida,2 volumenes en total,,,,
"Cesi, Federico","Tablas fitosoficas: en que declara la naturaleza, y eficacia de todas las plantas, y entre ellas las mexicanas.",,,,,,,Tablas fitosoficas; naturaleza; plantas; mexicanas,,,No,Español,,Ciencias de la vida,,,,,
"Clairville, Joseph Philippe de","Manuel d'herborisation en Suisse et en Valais, rédigé selon le systême de Linné, corrigé par ses propres principes. Avec l'indication d'un nouveau systême dérivé également des principes de ce grand maître.",1811,,1,382,382,,Manuel; herborisation; Suisse; Valais;,http://bibdigital.rjb.csic.es/ing/Libro.php?Libro=2135,,Sí,Francés,Fuente secundaria de información,Ciencias de la vida,,,,,
"Clavigero, Francesco Saverio y Goode, George Brown","Storia antica del Messico: cavata da 'migliori storici spagnuoli, e da' manoscritti, e dalle pitture antiche degl 'Indiani: divisa in dieci libri, e corredata di carte geografiche, e di varie figure: e disartazioni sulla terra, sugli animali, e sugli abitatori del Messico",1780-1781,3 y 4,1,591,591,,Storia; Messico; migliori storici; spagnuoli,https://www.biodiversitylibrary.org/item/159147#page/7/mode/1up,https://doi.org/10.5962/bhl.title.83665,Si,Italiano,Monografía,Ciencias de la vida,Esta dividido en 2 tomos,,3 y 4,,
"Clos, Domingo",Reserches sur línflorescence du mais et des dipsacus,1865,,,,,,Reserches; línflorescence; mais; dipsacus,,,No,Francés,,Ciencias de la vida,,,,,
"Clarker, C Benjamin",Comelinaceae,1881,3,113,324,211,,Comelinaceae,https://www.biodiversitylibrary.org/item/100120#page/116/mode/1up,,Si,Francés,Artículo,Ciencias de la vida,,,3,,
"L'Écluse, Charles de",Caroli Clusii .Aliquot notae in Garciae Aromatum historiam,1582,,1,43,43,,Apliquo; Garciae ; historiam,https://books.google.com.tj/books?id=uUK2B7iYSuMC&printsec=frontcover&hl=es&source=gbs_ge_summary_r&cad=0#v=onepage&q&f=false,,Si,Latín,Monografía,Ciencias de la vida,,,,,
"L'Écluse, Charles de","Rariorvm plantarvm historia. Quae accesserint, proxima pagina docebit",1601,,1,364,364,,Historia; Rariorvm plantarvm,http://bibdigital.rjb.csic.es/ing/Libro.php?Libro=4983&Pagina=1,,Sí,Latín,Monografía,Ciencias de la vida,Se divide en dos partes,,,,
"L'Écluse, Charles de","Caroli Clusii Atrebatis . Exoticorum libri decem: quibus animalium, plantarum, aromatum, aliorumque peregrinorum fructuum historiæ describuntur: item Petri Bellonii observationes, eodem Carolo Clusio interprete",1605,,1,242,242,,Exoticorum; libri; decem; animalium; plantarum; aromatum; aliorumque peregrinorum ;fructuum ; historiæ,https://books.google.es/books?id=CX6_6rDECBwC&printsec=frontcover&hl=es&source=gbs_ge_summary_r&cad=0#v=onepage&q&f=false,,Si,Latín,Monografía,Ciencias de la vida,,,,,
"L'Écluse, Charles de","Cvrae posteriores, sev Plurimarum non antè cognitarum, aut descriptarum stirpium, peregrinorum'que aliquot animalium novae descriptiones: Quibus & omnia ipsius Opera, aliáque ab eo versa augentur, aut illustrantur. Accesit seorsim Everardi Vorstii, Medicinae professoris Clarissimi de eiusdem Caroli Clvsii Vita & Obitu Oratio, aliarum'que Epicedia",1611,,1,173,173,,Plurimarum; cognitarum; peregrinorum; animalium; descriptiones,https://bibdigital.rjb.csic.es/records/item/13494-curae-posteriores,,Si,Latín,Monografía,Ciencias de la vida,Se divide en dos partes,,,,
"Cobo P, Bernabé",Historia del nuevo mundo,1890,1,1,530,530,,Historia; nuevo mundo,http://bibliotecadigital.aecid.es/bibliodig/es/consulta/registro.cmd?id=579,,Sí,Español,Monografía,Ciencias de la vida,4 volumenes en total,,1,,
"Cogniaux, Alfred",Notice sur es cucurbitacées austro-américaines de M.Ed André,1880,49,189,201,13,,Notice; cucurbitacées; austro-americaines,https://www.biodiversitylibrary.org/item/111248#page/196/mode/1up,,Sí,Francés,Artículo,Ciencias de la vida,Serie 2,,,,
"Cogniaux, Alfred; Theodor Harms, Hermann August",Cucurbitaceae,1924,3,325,951,600,,Cucurbitaceae,https://www.biodiversitylibrary.org/item/100120#page/328/mode/1up,,Sí,Francés,Artículo,Ciencias de la vida,,,3,,
"Coindet, León Alexande Hippolyte",Le mexique consideré au point de vue medicochirurgical,1867,,1,668,668,,Mexique; consideré; point de vue; medicochirurgical,https://archive.org/details/BIUSante_35476/page/n7,,Sí,Francés,Monografía,Ciencias de la vida,Se divide en dos partes,,1,,
"Coindet, León Alexande Hippolyte",La medicine au Mexique,,1,351,365,14,,Medicine; Mexique,,,No,Francés,Artículo,Ciencias de la vida,,,1,,
"Colla, Luigi Aloysius",Storia e deser del cactus seniis,1838,,1,10,10,,Storia; deser; cactus; seniis,,,No,Italiano,,Ciencias de la vida,,,,,
"Colla, Luigi Aloysius",Nuovas sp de Caloncytion del Messico,1840,,1,15,15,,Nuovas; Caloncytion; Messico,,,No,Italiano,,Ciencias de la vida,,,,,
"Colladón, Frederic Theodore Louis","Histoire Naturelle Et Médicale Des Casses, Et Particulièrement De La Casse Et Des Sénés Employés En Médecine",1816,,,,,,Histoire naturelle; Médicale ; Casses; Médecine,,,No,Francés,,Ciencias de la vida,,,,,
"Colmeiro y Penido, Miguel","Ensayo histórico sobre los progresos de la Botánica desde su origen hasta el dia, considerados más especialmente con relacion a España",1842,,1,71,71,,Ensayo; botánica; España,https://bibdigital.rjb.csic.es/viewer/16225/?offset=#page=9&viewer=picture&o=bookmark&n=0&q=,,Sí,Español,Monografía,Ciencias de la vida,,,,,
"Colmeiro y Penido, Miguel",La Botánica y los botánicos de la Península Hispano-Lusitana. Estudios bibliográficos y biográficos,1858,,1,216,216,,Botánica; botánicos; Hispano-lusita; estudios; bibiográficos; biográficos,http://bibdigital.rjb.csic.es/ing/Libro.php?Libro=54&Pagina=3,,Sí,Español,Monografía,Ciencias de la vida,,,,,
"Colmeiro y Penido, Miguel","Diccionario de los diversos vulgares de muchas plantas usuales ó notables del antiguo y nuevo mundo, con la correspondencia científica y la indicacion abreviada de los usos é igualmente nombres de la familia à que pertenece cada planta.",1871,,1,235,235,,Diccionario; plantas; usuales; notables; antiguo; nuevo mundo,https://archive.org/details/diccionariodelos00colmuoft/page/n5,,Sí,Español,Fuente secundaria,Ciencias de la vida,,,,,
"Colmeiro y Penido, Miguel","Primeras noticias acerca de la vegetación americana suministradas por el almirante Colón y los inmediatos continuadores de las investigacionas dirigidas al conocimiento de las plantas, con un resumen de las expediciones botánicas de los españoles",1892,,1,59,59,,Noticias; vegetación; americana,https://www.biodiversitylibrary.org/item/20676#page/5/mode/1up,https://doi.org/10.5962/bhl.title.2767,Sí,Español,Monografía,Ciencias de la vida,,,,,
"Comero de Ledezma, Antonio",Chocolata Inda. Opusculum de qualitate & naturâ chocolatæ,1644,,1,224,224,,Chocolata Inda; opusculum; qualitate; naturâ ; chocolatæ,https://archive.org/details/chocolataindaopu00colm/page/n5,,Sí,Latín,Monografía,Ciencias de la vida,,,,,
"Colonna, Fabio","Minvs cognitarvm rariorvmqve nostro coelo orientivm stirpivm ekphrasis Qua non paucae ab Antiquioribus Theophrasto, Dioscoride, Plinio, Galeno alijsq[ue] descriptae, praeter illas etiam in Phytobasano editas disquiruntur ac declarantur. Item de aqvatilibvs aliisqve nonnvllis animalibvs libellus. Ad Ill.mum et Excell.mum Dnm. Martivm Colvmnam Zagarola et Columnae Ducem etc. Omnia fideliter ad vivum delineata, atque aeneis-Typis expressa cum indice in calce voluminis locupletissimo",1616,,1,42,42,,Rariorvmqve; Dioscórides; Plinio; Galeno; descriptae; Phytobasano,https://bibdigital.rjb.csic.es/idurl/1/13501,,Sí,Latín,Monografía,Ciencias de la vida,,,,,
"Commelino, Joanne","Horti medici Amstelodamensis rariorum Tam Orientalis, quàm Occidentalis Indiae, aliarumque Peregrinarum Plantarum Magno studio ac labore, sumptibus Civitatis Amstelodamensis, longâ annorum Serie collectarum, Descriptio et Icones Ad vivum aeri incisae",1697,1,1,220,220,,Horti; Amstelodamensis ; Occidentalis; Indiae; Peregrinarum ; Plantarum,https://bibdigital.rjb.csic.es/viewer/13563/?offset=#page=5&viewer=picture&o=bookmark&n=0&q=,,Si,Latín,Monografía,Ciencias de la vida,2 partes en total,,,,
"Commelin, Caspari",Horti Medici Amstelaedamensis plantae rariores et exoticae Ad vivum aeri incisae,1716,,1,48,48,,Horti Medici ; plantae ; rariores; exoticae,https://bibdigital.rjb.csic.es/viewer/13509/?offset=#page=3&viewer=picture&o=bookmark&n=0&q=,,Si,Latín,Monografía,Ciencias de la vida,,,,,
"Comolli, Giuseppe",Plantarum a Josepho Comollio M.D. in Lariensi provincia lectarum enumeratio : quam ipse in botanophilorum usu atque commodo exhibet uti prodromum Florae comensis.,1824,,1,208,208,,Plantarum; lariensi; enumeratio,https://www.worldcat.org/title/plantarum-a-josepho-comollio-md-in-lariensi-provincia-lectarum-enumeratio-quam-ipse-in-botanophilorum-usu-atque-commodo-exhibet-uti-prodromum-florae-comensis/oclc/4828040,,No,Latín,Monografía,Ciencias de la vida,,,,,
"Comolli, Giuseppe",Flora comensis,1826,,1,10,10,,Flora comensis,"https://books.google.com.mx/books?id=qtVfAAAAcAAJ&pg=PA1&lpg=PA1&dq=Flora+comensis+Comolli,+Giuseppe&source=bl&ots=S9EQd6ZqeC&sig=ACfU3U3BGnuUH-aQdw_xu25NsWQ1sUJoLA&hl=es-419&sa=X&ved=2ahUKEwjh36nW8ezsAhUJOs0KHdrzBrEQ6AEwEnoECAcQAg#v=onepage&q=Flora%20comensis%20Comolli%2C%20Giuseppe&f=false",,Si,Latín,Monografía,Ciencias de la vida,,,,,
"Comoto Pérez, Florencio","Discurso inagural leido en el Jardín botánico de México en el año 1811, dedicado a la Sociedad de Guatemala",,,,,,,Discurso; Jardín botánico; México; Guatemala,,,No,Español,,Ciencias de la vida,,,,,
"Conzatti, Cassiano",Clave analítica para la determinación de las familias de las plantas fanerogamas que nacen silvestres y cultivadas en México,1889,,1,58,58,,Clave analítica; familias; plantas; fanerogamas; México,https://archive.org/details/claveanaliticapa00conz/page/n7,,Sí,Español,Monografía,Ciencias de la vida,,,,,
"Conzatti, Cassiano; Smith C, Lucio",Flora Sinóptica Mexicana,1909,,1,335,335,,Flora; mexicana,https://archive.org/details/b28123918/page/n3/mode/2up,,Sí,Español,Monografía,Ciencias de la vida,,2,,,
"Cordero, Juan",El mango y el Zapote,,2,16,,,,Mango; Zapote,,,No,Español,Artículo,Ciencias de la vida,,,,2,
"Cordero, Manuel",Memoria sobre el cultivo del chile. Apuntes acerca de la historia y análisis química: clasficación de algunas especies y su descripción botánica.,1870,1,358,360,3,,Memoria; Chile; apuntes; historia; análisis; clasificación; especies; botánica,https://www.biodiversitylibrary.org/item/123566#page/446/mode/1up,,Si,Español,Artículo,Ciencias de la vida,1ra serie,,1,,
"Cordero, Manuel",Apuntes sobre el Chahuiztli,1876,3,216,221,6,,Apuntes; Chahuiztli,https://www.biodiversitylibrary.org/item/49853#page/232/mode/1up,,Si,Español,Artículo,Ciencias de la vida,1ra serie,,3,,
"Cordero, Manuel",La Vainilla,1890,2,1,,,,Vainilla,,,No,Español,Artículo,Ciencias de la vida,,,2,,
"Cordero y Hoyos, Francisco",Vitalidad de las plantas,1866,2,273,281,9,,Vitalidad; plantas,https://babel.hathitrust.org/cgi/pt?id=mdp.39015046999432;view=1up;seq=289,,Sí,Español,Artículo,Ciencias de la vida,,,2,18,
"Cordero , Miguel",Sobre una nueva aplicación del principio activo de la mentha piperita,1885,20,125,125,1,,Aplicación; principio; metha piperita,https://catalog.hathitrust.org/Record/000635467,,No,Español,Artículo,Ciencias de la vida,,,20,,
"Cordero, Manuel",Apuntes para el estudio de la Spigeia longifora,1891,,,,,,Apuntes; estudio; Spigeia longifora,,,No,Español,Monografía,Ciencias de la vida,,,,,
"Cortez, Hernán","Historia de la Nueva España, escrita por la esclarecido conquistador Hernán Cortés aumentada con otros documentos y notas",1770,,1,400,400,,Historia; Nueva España; Hernán Cortes,https://books.google.com.mx/books?id=_-IJIe7WiuYC&printsec=frontcover&source=gbs_ge_summary_r&cad=0#v=onepage&q&f=false,,Si,Español,Monografía,Ciencias de la vida,,,,,
"Cota, Federico",Algo sobre Zihualpatl,1884,,,,,,Zihualpatl,,,No,Español,Monografía,Ciencias de la vida,,,,,
"Covarrubias, Gaspar de","Relación de la comarca y minas de Temascaltepec, hecha en 1579",1889,3,204,204,1,,Comarca; Temascaltepec,,,No,Español,Artículo,Ciencias de la vida,,,3,,
"Cruz, Manuel E",Cultivo del cacao en Pinchucalco,,1,10,10,1,,Cultivo; cacao; Pinchucalco,,,No,Español,Artículo,Ciencias de la vida,,,1,1,
"Covarrubias, Luis F.",El monacillo,1891,,1,23,23,,Monacillo,,,No,Español,Monografía,Ciencias de la vida,,,,,
"Cuilty, Carlos",Breve estudio sobre el Capulincillo de Querétaro,1887,,,,,,Estudio; Capulincillo; Querétaro,,,No,Español,Monografía,Ciencias de la vida,"Reimpresa en monografias de ""El estudio""",,,,
"Cupani, Francesco",Hortus catholicus sive catalogus plantarum quae in horto botanico Misilmeriensi D. Josephi Principis Catholicae reperiuntu,1697,,1,262,262,,Hortus ; catholicus; catalogus; plantarum ; botanico,https://books.google.com.mx/books?id=Pg5fAAAAcAAJ&pg=PP21&lpg=PP21&dq=Hortus+catholicus+s.il.+et.+exc.+Principis+catholicae...&source=bl&ots=E1UmRIZ5XX&sig=uuU-HE0-tdfmfyL0aVjx38ULw4s&hl=es-419&sa=X&ved=2ahUKEwjFwPS0lL7eAhUMX60KHTqDBDcQ6AEwAXoECAEQAQ#v=onepage&q&f=false,,Sí,Latín,Monografía,Ciencias de la vida,Suplemento de 95 hojas,,,,
"Curtis, William; Hoker Dalton, Joseph","Curtis's botanical magazine, illustrating and describing plants of the ropal botanic gardens and rew, and of other botanical establishments",1787,15-16,505,596,596,,Botanical magazine; illustrating; describing; plants; botanic gardens,https://www.biodiversitylibrary.org/bibliography/706#/summary,,Sí,Inglés,,Ciencias de la vida,"146 volumenes en total, inlcuye índice",,,,
"Chabraeus, Dominico",Omnium Stirpium Sciagraphia et icones.,1677,,1,661,661,,Omnium; sciagraphia; icones,https://books.google.com.mx/books?id=-qlkAAAAcAAJ&pg=RA1-PA242&lpg=RA1-PA242&dq=Omnium+Stirpium+Sciagraphia+et+icones...&source=bl&ots=xoe8yv0evZ&sig=_JvsEjrDaqNeXUQWZospzTk4TLs&hl=es-419&sa=X&ved=2ahUKEwiC96WPmL7eAhVJSK0KHTrtCNkQ6AEwCXoECAkQAQ#v=onepage&q&f=false,,Sí,Latín,Monografía,Ciencias de la vida,,,,,
"Chaloner y Fleming, Liverpool","The Mahogany Tree. Its Botanical Character, Qualities and Uses, with Practical Suggestions for Selecting and Cutting it in the Regions of Its Growth, in the West Indies and Central America; with Notices of the Projected Interoceanic Communications of Panama, Nicaragua, and Tehuantepec",1850,,1,117,117,,The Mahogany tree; botanical character; qualities; uses; Regions; Indies; Central America,https://books.google.com.mx/books/about/The_Mahogany_Tree.html?id=WRUAAAAAQAAJ&redir_esc=y,,No,Inglés,Monografía,Ciencias de la vida,,,,,
"Chambon, Hipólito","Tratado comparativo de Sericultura adaptado a las condiciones climatológicas de la república mexicana, comprendiendo la historia de esa industria en Asia, Europa y América",1888,,1,85,85,,Tratado; sericultura; condiciones climatológicas; República mexicana,https://archive.org/details/tratadocomparat00cham/page/n5,,Sí,Español,Monografía,Ciencias de la vida,Contiene varios artículos de otros autores,,,,
"Chammisso, Adalberto de; Schlechtendal, Diederich Franz Leonhard von",Platarum mexicanarum a cel viris. Schiede te deppe collectarum rescensio brevis,1830,5,72,174,102,,Platarum; mexicanarum; rescensio brevis,https://www.biodiversitylibrary.org/item/10849#page/75/mode/1up,,No,Alemán,Artículo,Ciencias de la vida,Continúa en página 206 y 554 de mismo volumen.,,,,
"Chappe, d´Anteroche","Voyage en Californie pour l'observation du pass de Vénus sur le disque du soleil, le 3 juin 1769; contenido de las observaciones de ce phénomene, & la description historique de la route de l'auteur à travers le Mexique",1772,,1,170,170,,Voyage; Californie ; observation; Vénus; observaciones; phénomene; description historique; Mexique,https://archive.org/details/voyageencaliforn00chap/page/n7,,Sí,Francés,Monografía,Ciencias de la vida,,,,,
"Charbonnier, Théodore","Recherches pour servir à l'histoire botanique, chimique et fisiologique de l'argémone du Mexique",1868,,1,38,38,,Recherches; histoire; botanique; chimique; fisiologique; argémone; Mexique,https://archive.org/details/BIUSante_pharma_p5293x1868x03/page/n1,,Sí,Francés,Monografía,Ciencias de la vida,,,,,
"Charpenne, Pierre",Mon voyage au Mexique ou le colon de Guazacoalco,1836,1,1,332,332,,Voyage; Mexique; Guazacoalco,https://gallica.bnf.fr/ark:/12148/bpt6k74749n/f2.item.texteImage,,Si,Francés,Monografía,Ciencias de la vida,2 volumenes en total,,,,
"Chavarria, Adalberto",Procedimiento industrial para la fabricación de azúcar de caña,1884,,1,31,31,,Procedimiento; fabricación; azúcar; caña,,,No,Español,Monografía,Ciencias de la vida,,,,,
"Chávez, Jesús",Ligero estudio sobre la gobernadora de México,1882,,1,16,16,,Estudio; gobernadora; México,https://archive.org/details/101637600.nlm.nih.gov/page/n3,,Sí,Español,Monografía,Ciencias de la vida,,,,,
"Chavolla, Francisco",Breve estudio sobre la Morfinomanía,1886,,1,41,41,,Estudio; Morfinomanía,https://collections.nlm.nih.gov/ext/dw/101637606/PDF/101637606.pdf,,Si,Español,Monografía,Ciencias de la vida,,,,,
"Cházari, Estevan","Tesis presentada al Jurado en la oposición á la plaza de adjunto á la cátedra de Química Agrícola en la Escuela Nacional de Agricultura. ""Apuntes sobre el Añil indígena."" 
",1873,,1,21,21,,Escuela Nacional de Agricultura; apuntes; añil; indígena,https://collections.nlm.nih.gov/bookviewer?PID=nlm:nlmuid-101638020-bk#page/2/mode/2up,,Si,Español,Monografía,Ciencias de la vida,,,,,
"Cházari, Estevan",Experiencias químicas y apuntes sobre el Cimaba cedrón,1880,15,101,106,6,,Experiencias; apuntes; Cimaba cedrón,https://catalog.hathitrust.org/Record/000635467,,No,Español,Artículo,Ciencias de la vida,,,15,,
"Chico, Jesús","Estudios experimentales sobre la Quinina y la Digitalina, como contribución a la terapéutica de las enfermedades febriles",1876,,1,10,10,,Estudios; Quinina; Digitalina; terapeútica; enfermedades febriles,,,No,Español,Monografía,Ciencias de la vida,,,,,
"Dalecbamps, Jacques",Historia generalis plantarum,1586,1,1,1095,1095,,Historia; plantarum,https://bibdigital.rjb.csic.es/records/item/13560-redirection,,Sí,Latín,Monografía,Ciencias de la vida,2 partes en total,,,,
"Dalecbamps, Jacques; Desmoulis, Jean","Histoire generale des plantes, contenant XVIII livres egalement de partis en deux tomes",1653,,1,960,960,,Historie; plantes,https://www.biodiversitylibrary.org/item/129180#page/7/mode/1up,https://doi.org/10.5962/bhl.title.63506,Si,Francés,Monografía,Ciencias de la vida,,,1,,
"Dale, R.","Notes of an excursion to the Isthmus of Tehuantepec, in the Republic of Mexico",1851,,1,58,58,,Notes; excursion; Tehuantepec; Republic ; Mexico,https://books.google.com.mx/books/about/Notes_of_an_Excursion_to_the_Isthmus_of.html?id=ZnYlnQEACAAJ&redir_esc=y,,No,Inglés,Monografía,Ciencias de la vida,,,,,
"Davenport, George Edward","List of Ferns collected on the mountains near the city of Chihuahua, Mexico, during the season of 1885",1886,13,129,135,7,,List; Ferns; mountains; Chihuahua; Mexico,https://www.biodiversitylibrary.org/item/7990#page/139/mode/1up,,Sí,Inglés,Artículo,Ciencias de la vida,,,,8,
"Delacroix, Edouard Georges",Utilisation de L´Agave,,,,,,,Utilisation; Agave,,,No,Francés,,Ciencias de la vida,,,,,
"Deschambre, Amédée",Dictionnaire Encyclopédique des Sciences medicales,1864,,1,759,759,,Dictionnaire; Encyclopédique; sciences medicales,217,,Sí,Francés,Fuente secundaria,Ciencias de la vida,,,1,,
"Delgado, Andrés M.",Apuntes para el estudio de la raíz de Escorzonera del país,1889,,1,19,19,,Apuntes; estudio; raíz; Escorzonera,https://collections.nlm.nih.gov/ext/dw/101637385/PDF/101637385.pdf,,Si,Español,Monografía,Ciencias de la vida,,,,,
"Delgado, Francisco","Del modo de adoptarse el ligno de India Occidentale, salutífero remedí ad omni mal incurabile.",1529,,,,,,Modo; adoptarse; ligno; India Occidentale; rimedi salutari; incurabile,,,No,Italiano,,Ciencias de la vida,,,,,
"Delessert, Jules Paul Benjamín; Candolle, Agustin Pyramus de; Turpin, Pierre Jean Francois","Icones selectae plantarum quas in systemate universali: ex herbariis parisiensibus, praesertim ex Lessertiano",1820,1,1,26,26,,Icones; plantarum; systemata ; universali,https://www.biodiversitylibrary.org/item/10259#page/4/mode/1up,,Sí,Latín,Monografía,Ciencias de la vida,5 volumenes en total,,,,
"Delteil, A",La vanille. sa culture et sa preparation,1884,1,1,58,58,,Vanille; culture; preparation,https://books.google.com.mx/books/about/La_vanille.html?id=mdxBAAAAIAAJ&redir_esc=y,,No,Francés,Monografía,Ciencias de la vida,,3,,,
"Descourtilz, Michel Etienne","Flore pittoresque et me´dicale des Antilles, ou, Histoire naturelle des plantes usuelles des colonies franc¸aises, anglaises, espagnoles et portugaises",1821,1,1,292,292,,Flore pittoresque; me´dicale; Antilles; Histoire naturelle; plantes; colonies; franc¸aises; anglaises; espagnoles ; portugaises,https://www.biodiversitylibrary.org/bibliography/4351#/summary,https://doi.org/10.5962/bhl.title.4351,Sí,Francés,Monografía,Ciencias de la vida,8 volumenes en total,,,,
"Desfontaines, René Louiche; Redouté, Henri Joseph; Redouté, Pierre Joseph","Flora atlantica, sive historia plantarum queae in Atlante, agro Tuncetano et Algeriensi crescunt",1798,1,1,444,444,,Flora; atlantica; historia plantarum; Atlante,https://www.biodiversitylibrary.org/bibliography/323#/summary,https://doi.org/10.5962/bhl.title.323,Sí,Latín,Monografía,Ciencias de la vida,2 volumenes en total,,1,,
"Desfontaines, René Louiche",Mémoire sur le Jalap,1800,,386,398,12,,Mémorie; Jalap,https://www.e-rara.ch/zut/doi/10.3931/e-rara-44445,https://doi.org/10.3931/e-rara-44445,Sí,Francés,Artículo,Ciencias de la vida,,,,,
"Despreaux Saint-Sauveaur, Louis Despréaux",Noticia sobre las hidrophitas,1843,1,402,402,1,,Notica; hidrophitas,https://babel.hathitrust.org/cgi/pt?id=uiug.30112018364957&view=1up&seq=446,,Sí,Español,Artículo,Ciencias de la vida,,,1,,
"Despreaux Saint-Sauveaur, Louis Despréaux",Fisiología vegetal. Reproducción de los vegetales,1843,2,111,115,5,,Fisiología; reproducción; vegetales,https://babel.hathitrust.org/cgi/pt?id=uiug.30112018364940&view=1up&seq=125,,Si,Español,Artículo,Ciencias de la vida,,,2,,
"Diaz del Castillo, Bernal",Historia verdadera de la Conquista de la Nueva España,1837,3,1,429,429,,Historia; Conquista; Nueva España,https://books.google.com.mx/books/about/Historia_verdadera_de_la_conquista_de_la.html?id=2n0qAAAAYAAJ&printsec=frontcover&source=kp_read_button&redir_esc=y#v=onepage&q&f=false,,Sí,Español,Monografía,Ciencias de la vida,,,3,,
"Diaz de León, Jesús","Nociones elementales de agricultura para las escuelas primarias, especialmente las rurales",1895,,1,240,240,,Nociones; agricultura; escuelas primarias; rurales,https://archive.org/details/nocioneselement00legoog/page/n7,,Sí,Español,Monografía,Ciencias de la vida,,,,,
"Dickson, Alexander",Observations on the Embryogeny of Tropaeolum majus,1863,17,251,262,11,,Observations; embryogeny; tropaeolum,https://www.biodiversitylibrary.org/item/82034#page/269/mode/1up,,Si,Inglés,Artículo,Ciencias de la vida,,,17,,
"Dillenio, Jacobo Johanne",Hortus Elthamensis seu Plantarum rariorum quas in horto suo Elthami in Cantio coluit.,1732,,1,437,437,,Hortus ; plantarum; rariorum; Cantio,https://gallica.bnf.fr/ark:/12148/bpt6k96818j/f1.image,,Sí,Latín,Monografía,Ciencias de la vida,,,,,
"Dodoens, Rembert","Cruydeboeck in den welcken die gheheele historie, dat es t gheslacht, t fatsoen, naem, natuere, cracht ende werckinghe van den Cruyden begrepen ende verclaert es, met dersel ver Cruyden natuerlick naer dat leven conterfeyt sel daer by gestelt",1644,,,,,,Cruydeboeck; historie; fatsoen; naem; natuere,https://books.google.com.mx/books/about/Cruydeboeck.html?id=EdDBnQEACAAJ&redir_esc=y,,No,Holandés,Monografía,Ciencias de la vida,,,,,
Domínguez Quintanar Justo Manuel,Haba del Calabar,1871,,1,62,62,,Haba; Calabar,https://collections.nlm.nih.gov/ext/dw/101614439/PDF/101614439.pdf,,Si,Español,Monografía,Ciencias de la vida,"Reimpreso en ""El estudio""",,,,
Domínguez Quintanar Justo Manuel,Terapéutica experimental. El jaborandi,1875,10,361,376,15,,Jaborandi; terapéutica experimental,https://babel.hathitrust.org/cgi/pt?id=mdp.39015046999507&view=1up&seq=375,,Sí,Español,Artículo,Ciencias de la vida,,,10,19,
Domínguez Quintanar Justo Manuel,Terapéutica experimental. De la Apomorfina,1876,11,108,113,6,,Apomorfina; terapéutica experimental,https://babel.hathitrust.org/cgi/pt?id=uc1.$b214455&view=1up&seq=114,,Sí,Español,Artículo,Ciencias de la vida,,,11,,
Domínguez Quintanar Justo Manuel,Algunas reflexiones sobre la acción fisiológica de la Eserina,1887,22,297,300,4,,Reflexiones; acción fisiológica; Eserina,https://catalog.hathitrust.org/Record/000635467,,No,Español,Artículo,Ciencias de la vida,,,22,,
"Dominguez, Ortega J.",Datos sobre la producción agrícola en Yucatán,1893,,64,79,15,,Datos; producción agrícola; Yucatán,231,,Sí,Español,Artículo,Ciencias de la vida,Año 2,,,10,
"Dominguez, Ortega J.",Cultivo del Henequen,1893,,80,120,40,,Cultivo; Henequen,231.1,,Sí,Español,Artículo,Ciencias de la vida,Año 2,,,10,
"Donati, Marcello",De variolis et morbillis tractatus. De radice purgante quam Mechioacan vocant. - Mantuae,1569,,1,216,216,,Variolis; morbillis ; tractatus; purgante; Mechioacan,https://books.google.com.mx/books?id=5SlVAAAAcAAJ&printsec=frontcover&hl=es&source=gbs_ge_summary_r&cad=0#v=onepage&q&f=false,,Sí,Latín,Monografía,Ciencias de la vida,2 volúmenes ( 240 páginas en total),,,,
"Don, David","Descriptions of the new Genera and species of the class compositae beloging of the floras of Peru, Mexico, and Chile.",1833,16,169,303,303,,Descriptions; Genera; species; class; floras; Peru; Mexico; Chile,https://www.biodiversitylibrary.org/bibliography/6701#/summary,https://doi.org/10.5962/bhl.title.6701,Sí,Inglés,Artículo,Ciencias de la vida,,,,,
"Dondé Ibarra, Joaquín; Dondé Ruiz, Juan","Lecciones de botánica arregladas según los principios admitidos por Guibourt Richard, Ducharte, de Candolle y otros",1876,,1,259,259,,Lecciones; botánica,234,,Sí,Español,Monografía,Ciencias de la vida,,,,,
"Dondé Ibarra, Joaquín; Dondé Ruiz, Juan",Apuntes sobre las plantas de Yucatán,1907,,1,264,264,,Apuntes; plantas; Yucatán,https://www.biodiversitylibrary.org/item/208043#page/5/mode/1up,https://doi.org/10.5962/bhl.title.119287,Sí,Español,Monografía,Ciencias de la vida,"2 volúmenes( en total 392 páginas), contiene abreviaturas de los nombres completos de los autores citados en la obra",,,,
"Dorac, Francisco",Memoria sobre el cultivo del Lino,1873,,1,31,31,,Memoria; cultivo; Lino,,,No,Español,Monografía,Ciencias de la vida,,,,,
Dubarts,Poema en verso francés que trata del Maguey,1610,,,,,,Poema; verso; Maguey,,,No,Español,,Ciencias de la vida,,,,,
"Dubail, F.",Memoria sobre la agricultura Mexicana,1893,,51,63,12,,Memoria; agricultura; Mexicana,237,,Sí,Español,Artículo,Ciencias de la vida,Año 2; es una traducción de Manuel Pardo y Urbina,,,12,
"Duby, Jean Étienne",Choix de Mousses exotiques nouvelles ou peuconnues,1872,21,425,444,444,,Choix; Mousses; exotiques; nouvelles; peuconnues,https://www.biodiversitylibrary.org/item/49964#page/483/mode/1up,,Sí,Francés,Artículo,Ciencias de la vida,,,21,,
"Duchesne, Édouard Adolphe","Traité du mals ou blé de Turquie, .contenant son histoire, sa culture el"" ses emplois en économie domestique et en médecine",1833,,1,366,366,,Traité; mals; turquie; historie; culture; économie,239,,Sí,Francés,Monografía,Ciencias de la vida,,,,,
"Duchesne, Édouard Adolphe",Répertoire de plantes utiles et vénéneuses du globe,1836,,1,572,572,,Réoertoire; plantes; utiles; vénéneuses; globe,https://books.google.com.mx/books?id=-h8aAAAAYAAJ&dq=R%C3%A9oertoire%20de%20plantes%20utiles%20et%20v%C3%A9n%C3%A9neuses%20du%20globe&hl=es&pg=PP11#v=onepage&q=R%C3%A9oertoire%20de%20plantes%20utiles%20et%20v%C3%A9n%C3%A9neuses%20du%20globe&f=false,,Sí,Francés,Fuente secundaria de información,Ciencias de la vida,,,,,
"Dugés, Alfredo",Elementos de botánica al alcance de los niños,1876,,1,12,12,,Elementos; botánica; niños,,,No,Español,Monografía,Ciencias de la vida,,,,,
"Dugés, Alfredo",Descripción de un género nuevo de la familia de las Ramnáceas,1877,4,281,284,4,,Descripción; género; familia; Ramnaceas,https://www.biodiversitylibrary.org/item/121663#page/313/mode/1up,,Si,Español,Artículo,Ciencias de la vida,,,4,,
"Dugés, Alfredo",Ensayo de una clasificación anatómica de los frutos,1880,5,251,258,8,,Ensayo; clasificación anatómica; frutos,https://www.biodiversitylibrary.org/item/121642#page/265/mode/1up,,Si,Español,Artículo,Ciencias de la vida,,,5,,
"Dugés, Alfredo",El huaco de Colima,1886,1,237,237,1,,Huaco; Colima,,,No,Español,Artículo,Ciencias de la vida,,,1,,
"Dugés, Alfredo",Hojas de Nogal y Nogal cimarrón (Cédrela Dugesi),,2,19,19,1,,Hojas; Nogal; cimarrón,AHCM:MEX0-0101.4.281,,Sí,Español,Artículo,Ciencias de la vida,,,2,,
"Dugés, Alfredo",Phyllactes pratensis,,2,27,27,1,,Phyllactes ;pratensis,AHCM:MEX0-0101.5.251,,Sí,Español,Artículo,Ciencias de la vida,,,2,,
"Dugés, Alfredo",Cuervos ú hongos de maíz,,2,18,18,1,,Cuervos; hongos; maíz,,,No,Español,Artículo,Ciencias de la vida,,,2,,
"Dugés, Alfredo",El añil en medicina,,2,32,32,1,,Añil; medicina,,,No,Español,Artículo,Ciencias de la vida,,,2,,
"Dugés, Alfredo",Garbancillo. Yerba loca,,4,350,350,1,,Garbancillo; Yerba loca,https://catalog.hathitrust.org/Record/012225486?type%5B%5D=all&lookfor%5B%5D=el%20estudio&ft=,,No,Español,Artículo,Ciencias de la vida,,,4,,
"Dunal, Michel Félix",Monographie de la famile des anonaceés,1817,,1,144,144,,Monographie; famile; anonaceés,http://bibdigital.rjb.csic.es/ing/Libro.php?Libro=5853,,Sí,Francés,Monografía,Ciencias de la vida,,,,,
Dudresnay Guy Ambroise,Extracto de una carta referente al Maguey,1827,,,,,,Extracto; carta; maguey,,,No,Español,,Ciencias de la vida,,,,,
"Durante, Castore",Herbarium novum cum figuris plantarum quae in tota Europa,1585,,,,,,Herbarium; figuris; plantarum; Europa,,,No,Latín,,Ciencias de la vida,,,,,
"Durante, Castore; Uffenbach, Peter","Hortulus sanitatis, das ist, Ein heylsam und nu?tzliches Ga?hrtlin der Gesundtheit : in welchem alle fu?rnehme Kra?utter, die so wol in den beyderley Indien als an allen andern Orten der Welt zu finden, in einer wunderbaren Ku?rtze werden beschrieben",1609,,1,50,50,,Hortulus; sanitatis; Ga?hrtlin; Gesundtheit; Indien,https://www.worldcat.org/title/hortulus-sanitatis-das-ist-ein-heylsam-und-nutzliches-gahrtlin-der-gesundtheit-in-welchem-alle-furnehme-krautter-die-so-wol-in-den-beyderley-indien-als-an-allen-andern-orten-der-welt-zu-finden-in-einer-wunderbaren-kurtze-werden-beschrieben/oclc/14317493,,No,Alemán,Monografía,Ciencias de la vida,,,,,
"Duvallon, José",Cultivo de arroz en el Estado de Colima,1891,,15,30,15,,Cultivo; arroz; Colima,http://www.hndm.unam.mx/consulta/publicacion/visualizar/558075bd7d1e63c9fea1a157?intPagina=14&tipo=publicacion&anio=1891&mes=08&dia=01&butIr=Ir,,Sí,Español,Artículo,Ciencias de la vida,Año 1,,,2,
Thiselton Dyer William Turner,Cycadaceae,1882,3,190,195,6,,Cycadaceae,https://www.biodiversitylibrary.org/item/14640#page/193/mode/1up,,Sí,Inglés,Artículo,Ciencias de la vida,,,3,,
"Eaton, Daniel Candy",Character of new Ferns from México,1873,8,618,619,2,,Character; ferns; México,https://www.biodiversitylibrary.org/item/22158#page/626/mode/1up,,Sí,Inglés,Artículo,Ciencias de la vida,,,,,
"Eaton, Daniel Candy","The following list of the ferns and other vascular Acrogens including all those of the Parry y Palmer collections, has been furnished",1883,18,183,190,8,,List; ferns; acrogens; Parry; Palmer; collections,https://www.biodiversitylibrary.org/item/22260#page/197/mode/1up,,Sí,Inglés,Artículo,Ciencias de la vida,,,,,
"Egea, Ricardo",Observaciones de Pilocarpina,1879,14,97,102,6,,Observaciones; Pilocarpina,https://catalog.hathitrust.org/Record/000635467,,No,Español,Artículo,Ciencias de la vida,,,14,,
"Egea, Ricardo",Estudio sobre la Pilocarpina,1880,15,97,100,4,,Estudio; Pilorcapina,https://catalog.hathitrust.org/Record/000635467,,No,Español,Artículo,Ciencias de la vida,,,15,,
Eggers Henrik Franz Alexander von,"The flora of St. Croix and the Virgin Islands, west Indies",1879,,1,133,133,,Flora; Croix; Virgin Islands; Indies,https://www.biodiversitylibrary.org/bibliography/2786#/summary,https://doi.org/10.5962/bhl.title.2786,Sí,Inglés,Monografía,Ciencias de la vida,,,,,
"Ehrenberg, Carl August",Beitrage zur Geschichte einiger mexicanischen Cacteen,1846,19,337,339,3,,Beitrage; geschichte; mexicanischen; Cacteen,https://www.biodiversitylibrary.org/item/10863#page/340/mode/1up,,Sí,Alemán,Artículo,Ciencias de la vida,,,,,
"Ehrenberg, Christian Gottfried",Über mächtige Gebirgs-Schichten vorherrschend aus mikroskopischen Bacillarien unter und bei der Stadt Mexiko,1869,,1,66,66,,Mikroskopischen; Bacillarien; Mexiko,https://books.google.com.mx/books?id=DF5YAAAAYAAJ&q=bibliogroup:%22%C3%9Cber+m%C3%A4chtige+Gebirgs-Schichten+vorherrschend+aus+mikroskopischen+Bacillarien+unter+und+bei+der+Stadt+Mexiko%22&dq=bibliogroup:%22%C3%9Cber+m%C3%A4chtige+Gebirgs-Schichten+vorherrschend+aus+mikroskopischen+Bacillarien+unter+und+bei+der+Stadt+Mexiko%22&hl=es-419&sa=X&ved=2ahUKEwjNla2r_PbtAhVGA6wKHcchAl8Q6AEwAHoECAAQAg,,No,Alemán,Monografía,Ciencias de la vida,,,,,
"Engelmann, George",Synopsis of the Cactaceae of the territory of the United States and adjacent regions,1856,,1,59,59,,Synopsis; Cactaceae; territory; United States; regions,https://www.biodiversitylibrary.org/item/101321#page/1/mode/1up,https://doi.org/10.5962/bhl.title.46890,Si,Inglés,Monografía,Ciencias de la vida,,,,,
"Engelmann, George",Cactacae of the Boundary,1859,2,1,74,74,,Cactacae; Boundary,https://www.biodiversitylibrary.org/bibliography/50873#/summary,https://doi.org/10.5962/bhl.title.50873,Sí,Inglés,Monografía,Ciencias de la vida,1a parte,,,,
"Engelmann, George",Some notes on Yucca,1862,,17,,,,Notes; Yucca,,,No,Inglés,Artículo,Ciencias de la vida,,,,,
"Engelmann, George",Notes on agave,1875,,1,35,35,,Notes; agave,https://www.biodiversitylibrary.org/item/251500#page/1/mode/1up,,Sí,Inglés,Monografía,Ciencias de la vida,"Esta dividio el texto en varias partes ( en total son 605 páginas); Caja 31, folder 14",,,,
"Engler, Heinrich Gustav Adolf",Araceae-pothoideae,1879,2,1,681,681,,Vegetabilis; Araceae-pothoideae,https://www.biodiversitylibrary.org/item/99440#page/3/mode/1up,,Sí,Alemán,Monografía,Ciencias de la vida,,,2,,
"Engler, Heinrich Gustav Adolf",Burseraceae,1883,4,1,169,169,,Burseraceae,https://www.biodiversitylibrary.org/item/100881#page/1/mode/1up,,Sí,Alemán,Monografía,Ciencias de la vida,,,4,,
"Engler, Heinrich Gustav Adolf",Anacadiaceae,1883,4,171,500,500,,Anacadiaceae,https://www.biodiversitylibrary.org/item/100881#page/1/mode/1up,,Sí,Alemán,Monografía,Ciencias de la vida,,,4,,
"Engler, Heinrich Gustav Adolf; Plantl, Karl","Die Natürlichen Pflanzenfamilien nebst ihren Gattungen und wichtigeren Arten, insbesondere den Nutzpflanzen, unter Mitwirkung zahlreicher hervorragender Fachgelehrten begründet",1897,1,1,513,513,,Natürlichen; pflanzenfamilien; gattungen; wichtigeren,https://www.biodiversitylibrary.org/item/16413#page/7/mode/1up,https://doi.org/10.5962/bhl.title.4635,Sí,Alemán,Monografía,Ciencias de la vida,,,,,
"Eirale, Luis",Informe rendido por el inspector del cultivo de la Vid.,1892,,3,3,1,,Informe; cultivo; Vid,,,No,Español,Artículo,Ciencias de la vida,Año 1,,,10,
"Escalona, Ismael",Estudio práctico del cultivo de la caña de azúcar,1893,,3,3,1,,Estudio; cultivo; caña; azúcar,,,No,Español,Artículo,Ciencias de la vida,Año 3,,,5,
"Espino Barros, Carlos",El Xonequilpatli,1875,1,44,48,5,,Xonequilpatli,https://babel.hathitrust.org/cgi/pt?id=mdp.39015076562217&view=1up&seq=46,,Si,Español,Artículo,Ciencias de la vida,,,1,,
"Espinosa, Alberto",El nogal empleado en el tratamiento de la pústula maligna,1887,,,,,,Nogal; tratamiento; pústula; maligna,,,No,Español,Monografía,Ciencias de la vida,,,,,
"Espinosa, José Dolores",Jenequén,1859,1,224,232,8,,Jenequén,https://babel.hathitrust.org/cgi/pt?id=nyp.33433007325065&view=1up&seq=242,,Sí,Español,Artículo,Ciencias de la vida,,,1,,
"Esquivel, José María",Indicaciones y contraindicaciones del Cuernecillo de Centeno.,1873,,1,36,36,,Indicaciones; contraindicaciones; Cuernecillo; Centeno,https://collections.nlm.nih.gov/bookviewer?PID=nlm:nlmuid-101665557-bk#page/1/mode/2up,,Si,Español,Monografía,Ciencias de la vida,,,,,
"Estrada, Pedro",Breve estudio sobre la explotación de la Caña de Azúcar en el Estado de Morelos.,1885,,1,64,64,,Estudio; explotación; caña; azúcar; Morelos,https://books.google.com.mx/books/about/Breve_estudio_sobre_la_explotacion_de_la.html?id=YJA4HAAACAAJ&redir_esc=y,,No,Español,Monografía,Ciencias de la vida,,,,,
"Estrada, Pedro",Nociones estadísticas del Estado de Morelos.,1887,,1,108,108,,Nociones; estadísticas; Morelos,https://books.google.com.mx/books/about/Nociones_estad%C3%ADsticas_del_estado_de_Mor.html?id=cV5aAAAAMAAJ&redir_esc=y,,No,Español,Monografía,Ciencias de la vida,,,,,
"Everardo, Egidio","De herba panacea sive Nicotiana commentariolus, ejus vires proparens; ejusden de uso radicas Mecoachse, Antuerpice",1587,,,,,,Herba; panacea; nicotiana; vires; proparens,,,No,Latín,,Ciencias de la vida,,,,,
"Farfán, Agustín",Tratado breve de Medicina y de todas las enfermedades que a cada passo se ofrecen,1592,,1,353,353,,Tratado; medicina; enfermedades,http://www.bibliotecavirtualdeandalucia.es/catalogo/consulta/registro.cmd?id=7146,,Sí,Español,Monografía,Ciencias de la vida,4 volúmenes,,,,
"Farías, Herminio",Ligero estudio sobre la Yerba del Tabardillo,1886,,1,26,26,,Estudio; Yerba; Tabardillo,https://collections.nlm.nih.gov/bookviewer?PID=nlm:nlmuid-101614753-bk#page/1/mode/2up,,Si,Español,Monografía,Ciencias de la vida,,,,,
"Fee, Antoine Laurent Apollinaire",Iconographie des espèces nouvelles décrites ou énumérées clans le Genera Filicum,1854,,1,138,138,,Iconographie; espèces nouvelles; décrites; énumérées,https://www.biodiversitylibrary.org/page/50350049#page/9/mode/1up,,Si,Francés,Monografía,Ciencias de la vida,,,,,
"Fee, Antoine Laurent Apollinaire",Catalogue méthodique des Fougères et des Lycopocliacées du Mexique.,1857,,,,,,Catalogue; Fougères; Lycopocliacées; Mexique,,,No,Francés,,Ciencias de la vida,,,,,
"Fendler, Angust; Gray, Asa",Plantee Fendleriange Novo Mexicana.,1849,4,1,116,116,,Plantee; novo; Mexicana,https://www.biodiversitylibrary.org/item/49963#page/13/mode/1up,,No,Inglés,Artículo,Ciencias de la vida,,,,,
"Fénelon, Juan",Sobre el empleo de una variedad de Agave en el tratamiento del tetano,1882,17,59,61,3,,Empleo; Agave; tetano,https://catalog.hathitrust.org/Record/000635467,,No,Español,Artículo,Ciencias de la vida,,,17,,
"Fernández Mantecón, José María",Cartilla para el cultivo del algodón.,1870,,249,294,45,,Cartilla; cultivo; algodón,https://archive.org/details/diccionariodeag00bassgoog/page/n325/mode/2up,,Sí,Español,Artículo,Ciencias de la vida,,,,,
"Fernández, Vicente",Análisis del Mezcal.,1876,,4,6,3,,Análisis; Mezcal,https://catalog.hathitrust.org/Record/101238297?type%5B%5D=all&lookfor%5B%5D=el%20repertorio&ft=,,No,Español,Artículo,Ciencias de la vida,,,,1,
"Fernández de Santaella, Rodrigo","De varios géneros de árboles y animales no conocidos que se hallan en las Indias, según Pinelo Barcia; ó más ""De ignotis arborum atque animalium apucl indos specibus, et de moribus indorum"".",,,,,,,Géneros; árboles; animales; Indias,,,No,Español,Monografía,Ciencias de la vida,,,,,
"Fernandez de Oviedo y Valdes, Gonzalo",Dos tratados del Guayacán o Palo Santo,1552,,,,,,Tratados; Guayacán; Palo santo,,,No,Español,,Ciencias de la vida,,,,,
"Fernandez de Oviedo y Valdes, Gonzalo; Amarador de los Rios, José","Historia general y natural de las Indias, islas y tierra firme del mar océano",1851,1,1,632,632,,Historia; general; natural; Indias; islas; tierra; mar; océano,https://www.biodiversitylibrary.org/bibliography/7093#/summary,https://doi.org/10.5962/bhl.title.7093,Sí,Español,Monografía,Ciencias de la vida,4 volúmenes,,,,
"Fernández de Jáuregui, Manuel",El pega-ropa amarillo,1876,3,95,96,2,,Pega-ropa; amarillo,https://www.biodiversitylibrary.org/item/49853#page/105/mode/1up,,Sí,Español,Artículo,Ciencias de la vida,,,3,,
"Fermond, Charles",Essais de Phytomorphia,1865-1868,,,,,,Essais; Phytomorphia,,,No,Francés,,Ciencias de la vida,,,,,
"Fragoso, Juan","Aromatum, fructuum, et simplicium aliquot medicamentorum ex India vtraque, et Orientali et Occidentali, in Europam delatorum, quorum iam est vsus plurimus, historia brevis, vtilis, et iucunda.",1601,,1,115,115,,Fructuum; simplicíum; medicamentorum; India; Orientali; Occidentali; Historia,https://classic.europeana.eu/portal/es/record/9200110/BibliographicResource_1000126653047.html?utm_source=new-website&utm_medium=button,,No,Latín,Monografía,Ciencias de la vida,,,,,
"Fríes, Elias Magnus",Novae symbolae mycologicae en peregrinis terris a botanicis danicis collectae,1851,,17,231,213,,Novae; mycologicae; peregrinis; botanicis; collectae,https://www.biodiversitylibrary.org/item/197044#page/7/mode/1up,,Sí,Latín,Monografía,Ciencias de la vida,,,,,
"Ferrai Cevallos, Br. Francisco","Dictamen que en obedecimiento de orden del Sapientíssimo Real Tribunal del Protomedicato da el Br. D. Francisco Ferrai Cevallos, consiliario que fué de la Real, y Pontificia Universidad de esta Corte, Médico supernumerario de la Santa Enfermeria de N.P.S. Francisco",1866,2,243,249,7,,Dictamen; obedecimiento; orden; Sapientíssimo Real Tribunal; Protomedicato,https://babel.hathitrust.org/cgi/pt?id=mdp.39015046999432&view=1up&seq=255,,Sí,Español,Artículo,Ciencias de la vida,,,2,,
Econches Feuillee Louis,Reflexiones críticas sobre las observaciones hechas por el ingeniero Frezier.,1725,,,,,,Reflexiones; críticas; observaciones; Frezier,,,No,Francés,,Ciencias de la vida,,,,,
"Figuier, Louis",Hlistoire des plantes.,1874,,1,532,532,,Historie;plantes,https://gallica.bnf.fr/ark:/12148/bpt6k203853j/f4.image,,Sí,Francés,Monografía,Ciencias de la vida,,,2,,
"Finck, Hugo",Le Caoutchuc. Goma elástica o hule,1872,5,342,344,3,,Caoutchuc; goma; hule,https://babel.hathitrust.org/cgi/pt?id=hvd.32044103022174&view=1up&seq=430,,Sí,Francés,Artículo,Ciencias de la vida,,,5,,
"Finck, Hugo",Una excursión á las faldas del Pico de Orizaba.,1876,3,231,235,5,,Excursión; faldas; Pico; Orizaba,https://www.biodiversitylibrary.org/item/49853#page/249/mode/1up,,Si,Español,Artículo,Ciencias de la vida,,,3,,
"Finck, Hugo",Apuntes inéditos acerca de algunas plantas del Distrito de Córdoba.,1877,4,69,72,4,,Apuntes; plantas; Córdoba,https://www.biodiversitylibrary.org/item/121663#page/83/mode/1up,,Si,Español,Artículo,Ciencias de la vida,,,4,,
"Finck, Hugo","Memoria sobre los productos vegetales del Cantón de Córdoba, con una reseña de sus frutos, plantas ornamentales, medicinales, maderas de construcción.",1889,1,171,171,1,,Memoria; productos; vegetales; Cantón; Córdoba; frutos; plantas; medicinales; maderas; constucción,,,No,Español,Artículo,Ciencias de la vida,,,1,,
"Finck, Hugo",Carta sobre el cultivo de la naranja.,1891,,27,30,4,,Cultivo; naranja,http://www.hndm.unam.mx/consulta/publicacion/visualizar/558075bd7d1e63c9fea1a157?intPagina=25&tipo=publicacion&anio=1891&mes=10&dia=01&butIr=Ir,,Sí,Español,Artículo,Ciencias de la vida,Año 1,,,4,
"Finck, Hugo",La Piña.,1892,,9,16,7,,Piña,http://www.hndm.unam.mx/consulta/publicacion/visualizar/558075bd7d1e63c9fea1a157?intPagina=8&tipo=publicacion&anio=1892&mes=02&dia=01,,Sí,Español,Artículo,Ciencias de la vida,Año 1,,,8,
"Finck, Hugo",La decadencia de la producción del maíz en el Estado de Veracruz.,1892,,26,33,8,,Decadencia; producción; maíz; Veracruz,http://www.hndm.unam.mx/consulta/publicacion/visualizar/558075bd7d1e63c9fea1a157?intPagina=25&tipo=publicacion&anio=1892&mes=07&dia=01&butIr=Ir,,Sí,Español,Artículo,Ciencias de la vida,Año 2,,,1,
"Fingerhuth, Karl Anton",Monographia generis Capsici.,1832,,1,32,32,,Monographia; Capsici,https://books.google.com.mx/books?id=U2PRSAAACAAJ&printsec=frontcover&source=gbs_ge_summary_r&cad=0#v=onepage&q&f=false,,Si,Latín,Monografía,Ciencias de la vida,,,,,
"Fisher, E.M",Revision of the North American species of Hoffmanseggia.,1892,1,143,150,8,,Revision; North American; species; Hoffman seggia,https://www.biodiversitylibrary.org/item/13761#page/168/mode/1up,,Sí,Inglés,Artículo,Ciencias de la vida,,,1,5,
"Flores y Troncoso, Francísco de Asís","Historia de la Medicina en México, desde la época de los indios hasta la presente. Vol 1",1886,1,1,389,389,,Historia; medicina; México; época; indios; presente,https://archive.org/details/historiadelamedi12unse/page/n7?q=Historia+de+la+medicina+en+Me%CC%81xico,,Sí,Español,Monografía,Ciencias de la vida,3 volumenes en total,,1,,
"Fontecilla, Agapito",Breve tratado sobre el cultivo y beneficio de la Vainilla,1861,,1,58,58,,Tratado; cultivo; beneficio; vainilla,http://bdh-rd.bne.es/viewer.vm?id=0000107600&page=1,,Sí,Español,Monografía,Ciencias de la vida,,,,,
"Fo?rster, Carl Friedrich; Ru?mpler, Theodor","Handbuch der Cacteenkunde in ihrem ganzen Umfange, nach dem gegenwärtigen Stande der Wissenschaft bearb. und durch die seit 1846 begründeten Gattungen und neu eingefürten Arten vermhrt",1886,1,1,512,512,,Handbuch; Cacteenkunde,https://www.biodiversitylibrary.org/item/9882#page/2/mode/1up,https://doi.org/10.5962/bhl.title.493,Sí,Alemán,Monografía,Ciencias de la vida,2 volumenes en total,,,,
"Fournier, Eugène Pierre Nicolas",Sur les Acrostichum Américaines de la section Pilosella.,1867,14,160,161,2,,Acrostichum; Américaines; Pilosella.,https://www.tandfonline.com/doi/pdf/10.1080/00378941.1867.10827505?needAccess=true,"DOI:10.1080/00378941.1867.10827505
",Sí,Francés,Artículo,Ciencias de la vida,,,,,
"Fournier, Eugène Pierre Nicolas",Sur deux Aclépiadés du Mexico,1867,14,249,250,2,,Aclépiadés; Mexico,https://www.biodiversitylibrary.org/item/8637#page/255/mode/1up,,Sí,Francés,Artículo,Ciencias de la vida,,,,,
"Fournier, Eugène Pierre Nicolas",Sur le genere Lennoa.,1868,15,163,164,2,,Genere; Lennoa,https://www.tandfonline.com/doi/pdf/10.1080/00378941.1868.10825214?needAccess=true,DOI: 10.1080/00378941.1868.10825214,Sí,Francés,Artículo,Ciencias de la vida,,,,,
"Fournier, Eugène Pierre Nicolas",Sur le groupe des Lennoacees.,1869,16,10,11,2,,Groupe; Lennoacees,https://www.biodiversitylibrary.org/item/8639#page/25/mode/1up,,Sí,Francés,Artículo,Ciencias de la vida,,,,,
"Fournier, Eugène Pierre Nicolas","Enumération monographique des Fougères du Mexique, faisant partie de l'ouvrage publié aux frais de l'État sur la flora du Mexique.",1872,,,,,,Enumération; monographique; Fougères; Mexique,,,No,Francés,,Ciencias de la vida,,,,,
"Fournier, Eugène Pierre Nicolas",Sur un nouveau Pinguicula du Mexique.,1873,20,67,68,2,,Nouveau; Pinguicula; Mexique,https://www.tandfonline.com/doi/pdf/10.1080/00378941.1873.10839554?needAccess=true,DOI: 10.1080/00378941.1873.10839554,Sí,Francés,Artículo,Ciencias de la vida,,,,,
"Fournier, Eugène Pierre Nicolas",Sur les Andropogon du Mexique.,1874,21,213,216,4,,Andropogon; Mexique,https://www.tandfonline.com/doi/pdf/10.1080/00378941.1874.10827738?needAccess=true,DOI: 10.1080/00378941.1874.10827738,Sí,Francés,Artículo,Ciencias de la vida,,,,,
"Fournier, Eugène Pierre Nicolas",Fougeres et Lycopodiacees de Tetela del Oro.,1875,22,171,172,2,,Fougeres; Lycopodiacees; Tetela; Oro,https://www.biodiversitylibrary.org/item/272974#page/183/mode/1up,,Sí,Francés,Artículo,Ciencias de la vida,,,,,
"Fournier, Eugène Pierre Nicolas",Sur les Graminées mexicaines à sexes séparés,1876,15,459,467,8,,Graminées; mexicaines; sexes; séparés,https://www.jstor.org/stable/20790641?seq=1#metadata_info_tab_contents,,Si,Francés,Artículo,Ciencias de la vida,,,15,3,
"Fournier, Eugène Pierre Nicolas",Sur les Arundinacées du Mexique.,1877,24,177,182,6,,Arundinacées; Mexique,https://www.tandfonline.com/doi/pdf/10.1080/00378941.1877.10829976?needAccess=true,"DOI: 10.1080/00378941.1877.10829976
",Sí,Francés,Artículo,Ciencias de la vida,,,,,
"Fournier, Eugène Pierre Nicolas",Sur une nouveau genere de Graminees mexicaines.,1880,27,99,103,5,,Nouveau; genere; Graminees; mexicaines.,https://www.tandfonline.com/doi/pdf/10.1080/00378941.1880.10825852,DOI: 10.1080/00378941.1880.10825852,Sí,Francés,Artículo,Ciencias de la vida,,,,,
"Fournier, Eugène Pierre Nicolas",Asclepiadaceas Americanas.,1882,14,364,389,25,,Asclepiadaceas; Americanas.,https://www.biodiversitylibrary.org/item/137693#page/370/mode/1up,,Sí,Francés,Artículo,Ciencias de la vida,Serie 6,,,,
"Fournier, Eugène Pierre Nicolas",Graminées,1886,2,1,160,160,,Graminées,https://www.biodiversitylibrary.org/item/210302#page/8/mode/1up,,Sí,Francés,Monografía,Ciencias de la vida,,,,,
"Fournier, Eugène Pierre Nicolas","Énumération monographique des Graminées du Mexique, faisant partie de l'ouvrage publié aux frais de l'État, intitulé: ""Mexicanas plantas nuper a collectoribus expeditionis scientific alta s aut longis abannis in herbario Musei Parisiensis dispositas enumerandas curavit E. Fournier.""",1886,,,,,,Énumération; monographique; Graminées; Mexique,,,No,Francés,,Ciencias de la vida,,,,,
"Fuentes Carrión, Francisco",Virtudes del pulque y método de usarlo.,,,,,,,Virtudes; pulque; método,,,No,Español,Monografía,Ciencias de la vida,,,,,
Gonzalez de la Torre Jose,El Mastuerzo,1849,2,103,103,1,,Mastuerzo,https://archive.org/details/elalbummexicano02cump/page/n133/mode/2up,,Si,Español,Artículo,Ciencias de la vida,,,2,,
"Gage, Tomás",Nueva relación que contiene los Viages de Tomás Gage en la Nueva España.,1838,1,1,373,373,,Viages; Tomás Gage; Nueva España,https://ia800204.us.archive.org/25/items/nuevarelacionqu00gagegoog/nuevarelacionqu00gagegoog.pdf,,Sí,Español,Monografía,Ciencias de la vida,,,1,,
"Galindo, Refugio","Envenenamiento con morfina, tratado por inyecciones subcutáneas de café.",1882,17,17,,,,Evenenamiento; morfina; inyecciones; subcutáneas; café,https://catalog.hathitrust.org/Record/000635467,,No,Español,Artículo,Ciencias de la vida,,,17,,
"Gallais, Auguste","Monographie du cacao, ou manuel de l'amateur de chocolat ouvrage contenant la description l'histoire et la culture du cacaoyer, l'analyse et les caractères commerciaux du cacao, la préparation et les propriétés du chocolat, avec une cantate de Métastase. Orné d'une carte et de deux planches",1827,,1,216,216,,Monographie; cacao; manuel; amateur; choco; histoire; culture; cacaoyer,https://archive.org/details/b29292207/page/n7,,Sí,Francés,Monografía,Ciencias de la vida,,,,,
"Gaona, J.M.","Instrucciones sobre Forrajes destinados al Ganado para conservarlos indefinidamente en estado verde, y algunas indicaciones sobre los medios de beneficiar los productos de dicho ganado.",1888,,1,120,120,,Instrucciones; forrajes; ganado; beneficiar; productos,,,No,Español,Monografía,Ciencias de la vida,,,,,
"García Rejón, Antonio",Cultivo del Jenequén.,1859,1,86,94,9,,Cultivo; Jenequén,https://babel.hathitrust.org/cgi/pt?id=nyp.33433007325065&view=1up&seq=104,,Sí,Español,Artículo,Ciencias de la vida,,,1,,
"García, Bruno E.","Cartilla elemental de Geografía del Estado de San Luis Potosí, por San Luis Potosí.",1883,,1,190,190,,Cartilla; geografía; San Luis Potosí,https://catalog.hathitrust.org/Record/010522272,,No,Español,Monografía,Ciencias de la vida,,,,,
"García, Crescencio",Memoria sobre la curación de la lepra y de las afecciones del corazón.,1866,,1,28,28,,Memoria; curación; lepra; afecciones; corazón,,,No,Español,Monografía,Ciencias de la vida,,,,,
"García, Crescencio",Reflexiones médicas sobre las causas de la Hipertrofia y de los aneurismas del corazon.,1868,,1,19,19,,Reflexiones; causas; Hipertrofia; aneurismas; corazón,,,No,Español,Monografía,Ciencias de la vida,,,,,
"García, Crescencio","Suplemento á las Reflexiones médicas sobre las causas de la hipertrofia y de los aneurismas del corazón, y su tratamiento.",1868,,1,15,15,,Suplemento; reflexiones; causas; hipertrofina; aneurismas; corazón; tratamiento,,,No,Español,Monografía,Ciencias de la vida,,,,,
"García, Crescencio","Produccciones útilísimas en los confines de los Estados de Michoacán y Jalisco, que pueden ser fácilmente explotadas.",1872,4,557,569,13,,Producciones; confines; Michoacán; Jalisco; explotadas,https://babel.hathitrust.org/cgi/pt?id=mdp.39015008360607&view=1up&seq=573,,Sí,Español,Artículo,Ciencias de la vida,Serie 2,,4,,
"García, Crescencio",Araceas mexicanas.,1875,1,246,248,3,,Araceas mexicanas,https://babel.hathitrust.org/cgi/pt?id=mdp.39015076562217&view=1up&seq=248,,Si,Español,Artículo,Ciencias de la vida,,,1,,
"García, Crescencio",Zumaques de México.,1875,1,245,246,2,,Zumaques; México,https://babel.hathitrust.org/cgi/pt?id=mdp.39015076562217&view=1up&seq=247,,Sí,Español,Artículo,Ciencias de la vida,,,1,,
"García, Crescencio",El Tianguis Pepetla.,1875,2,253,256,4,,Tianguis-Pepetla,https://babel.hathitrust.org/cgi/pt?id=hvd.tz1pr5&view=1up&seq=265,,Sí,Español,Artículo,Ciencias de la vida,3a época,,2,,
"García, Crescencio",Camote del Cerro.,1880,5,664,666,3,,Camote; cerro,https://catalog.hathitrust.org/Record/009251131?type%5B%5D=all&lookfor%5B%5D=boletin%20de%20la%20sociedad%20de%20geografia%20y%20estadistica&ft=,,No,Español,Artículo,Ciencias de la vida,3a época,,5,,
"García, Crescencio","Causas del cólera morbus. Demostradas por la observación de los hechos y las medidas preventivas, y el método curativo que es más conveniente seguir según la naturaleza de las causas.",1883,,1,19,19,,Causas; cólera morbus; observación; hechos; medidas preventivas; método curativo,,,No,Español,Monografía,Ciencias de la vida,,,,,
"García, Crescencio","Topografía del mal de San Lázaro en la República Mexicana , y estudio sobre sus causas y los métodos curativos que he empleado hasta hoy para combatir esta enfermedad",1884,,1,20,20,,Topografía; San Lázaro; República Mexicana; métodos curativos,,,No,Español,Monografía,Ciencias de la vida,,,,,
"García, Crescencio","Apuntes sobre las virtudes medicinales del Coca, té Michoacano.",1889,,1,15,15,,Apuntes; virtudes medicinales; Coca; té Michoacano,,,No,Español,Monografía,Ciencias de la vida,,,,,
"García, Crescencio",Apuntes sobre ensayos de un árbol de nuestro país de singulares virtudes dinamo-hematogenas.,1891,,1,10,10,,Apuntes; ensayos; árbol; virtudes,,,No,Español,Monografía,Ciencias de la vida,,,,,
"García, Crescencio",El tifo Negro y el tifo común. Sus causas y un método preventivo y curativo por plantas silvestres.,1893,,1,8,8,,Tifo negro; tifo común; causas; método preventivo; curativo; plantas,,,No,Español,Monografía,Ciencias de la vida,,,,,
"García, José María",Ligera descripción de la Grana ó Cochinilla de Oaxaca.,1869,1,265,272,8,,Descripción; Grana; Cochinilla; Oaxaca,https://babel.hathitrust.org/cgi/pt?id=mdp.39015008360623&view=1up&seq=279,,Sí,Español,Artículo,Ciencias de la vida,2a época,,1,,
"García, José María",Olivos.,1869,1,905,917,12,,Olivos,https://babel.hathitrust.org/cgi/pt?id=mdp.39015008360623&view=1up&seq=949,,Sí,Español,Artículo,Ciencias de la vida,2a época,,1,,
"García, P.",Las frutas y maderas de Yucatán.,1882,6,187,190,4,,Frutas; maderas; Yucatán,https://catalog.hathitrust.org/Record/009251131?type%5B%5D=all&lookfor%5B%5D=boletin%20de%20la%20sociedad%20de%20geografia%20y%20estadistica&ft=,,No,Español,Artículo,Ciencias de la vida,3a época,,6,,
"García Peña, Pascual",Estudio sobre el Zoapatle.,1888,,1,32,32,,Estudio; Zoapatle,,,No,Español,Monografía,Ciencias de la vida,,,,,
"García Morales, José","Ajonjolí (""Xmehensial ó Sicil Pus"")",1859,1,31,33,3,,Ajonjolí,https://babel.hathitrust.org/cgi/pt?id=nyp.33433007325065&view=1up&seq=49,,Si,Español,Artículo,Ciencias de la vida,,,1,,
"García Flores, Felipe",Ligero estudio sobre el pexto ú orégano del cerro,1887,,1,33,33,,Estudio; pexto; orégano; cerro,https://collections.nlm.nih.gov/catalog/nlm:nlmuid-101617084-bk,,Si,Español,Monografía,Ciencias de la vida,,,,,
"García Teruel de Schmidtlein, Gertrudis","Orquídeas Mexicanas copiadas del natural, por Gertrudis G. Teruel de Schmidtlein para la Exposición Internacional de Paris.",1889,,,,,,Orquídeas; mexicanas; natural,,,No,Español,,Ciencias de la vida,,,,,
"García Icazbalceta, Joaquín",Los Médicos de México en el Siglo XVI.,1886,,159,,,,Médicos; México; Siglo XVI,,,Si,Español,Artículo,Ciencias de la vida,,,,,
"Gardida, Tomás S.",Gin-Seg de la China. Aureliana Canadensis,1854,,40,40,1,,Gin- Seg; China; Aureliana Canadensis,,,No,Español,Artículo,Ciencias de la vida,,,,,
"Gardida, Tomás S.","Breves instrucciones sobre el cultivo del Tabaco, por un antiguo cultivador.",1870,,1,72,72,,Instrucciones; cultivo; Tabaco,,,No,Español,Monografía,Ciencias de la vida,,,,,
"Gardida, Tomás S.",Breve noticia sobre la Oca del Perú.,1872,,1,12,12,,Noticia; Oca; Perú,https://www.worldcat.org/title/breve-noticia-sobre-la-oca-del-peru/oclc/16787694,,No,Español,Monografía,Ciencias de la vida,,,,,
"Garidel, Pierre",Histoire des plantes qui naissent aux environs d'Aix et dans plusieurs autres endroits de la Provence,1715,,1,522,522,,Histoire; plantes; naissent; Aix; endroits; provence,https://books.google.com.mx/books?id=UADbckRjJdQC&pg=PR7&lpg=PR7&dq=Histoire+des+plantes+qui+naissent+en+Provence+et+principalement+aux+environs&source=bl&ots=p8Ldv6yQXm&sig=oIC8iMSBRBw_Px6pfQx6Xm3I2cs&hl=es&sa=X&ved=2ahUKEwi3w8mC_JXfAhUIIqwKHY48AykQ6AEwBHoECAQQAQ#v=onepage&q=Histoire%20des%20plantes%20qui%20naissent%20en%20Provence%20et%20principalement%20aux%20environs&f=false,,Si,Francés,Monografia,Ciencias de la vida,,,,,
"Gaudin, Jean Francois Aimée Gottlieb Philippe","Flora Helvetica, sive, historia stirpium hucusque cognitarum in Helvetia et in tractibus conterminis aut sponte nascentium aut in hominis animaliumque usus vulgo cultarum continuata",1828,1,1,504,504,,Flora Helvetica; historia,https://bibdigital.rjb.csic.es/records/item/10785-redirection,,Sí,Latín,Monografia,Ciencias de la vida,7 volumenes en total,,,,
"Gay, Jacques Etienne",L'Agave americana considérée dans ses moyens de reproduction par bourgeon souterrains.,1857,4,612,617,6,,Agave americana; reproduction; souterrains,https://www.tandfonline.com/doi/pdf/10.1080/00378941.1857.10829000?needAccess=true,DOI: 10.1080/00378941.1857.10829000,Sí,Francés,Artículo,Ciencias de la vida,,,4,,
"Garza Cortina, Carlos",Estudio sobre las semillas de la chirimoya.,1872,,1,20,20,,Estudio; semillas; chirimoya,https://collections.nlm.nih.gov/ext/dw/101608588/PDF/101608588.pdf,,Sí,Español,Monografia,Ciencias de la vida,,,,,
Gemelli Careri; Giovanni Francesco,Giro del mondo del Dottor D. Gio Francesco Gemelli Careri.,1699,1,1,450,450,,Giro; modo; Francesco,https://archive.org/details/girodelmondodeld01geme,,Sí,Italiano,Monografia,Ciencias de la vida,6 volumenes en total,,,,
"Gera, Francesco",Nuovo dizionario universale é raggionato di Agricoltura,1841,14,490,950,950,,Nuovo dizionario; universale; agricoltura,https://books.google.it/books?id=rYQyVIqU-EYC&printsec=frontcover&hl=es&source=gbs_ge_summary_r&cad=0#v=onepage&q&f=false,,Sí,Italiano,Fuente secundaria de información,Ciencias de la vida,,,14,,
"Germain de Saint-Pierre, Ernest.","Nouveau dictionnaire de botanique: comprenant la description des familles naturelles, les propriétés médicales et les usages économiques des plantes, la morphologie et la biologie des végétaux",1870,,1,1388,1388,,Nouveau dictionnaire; botanique; description; familles naturelles; propriétés médicales; usages économiques; morphologie; biologie; végétaux,https://archive.org/details/bub_gb__EL0N2zgFcYC,,Sí,Francés,Fuente secundaria de información,Ciencias de la vida,,,,,
"Rabitti, Anna Harley",Catalogo poliglotto delle piante.,1870,,1,747,747,,Catalogo; poliglotto; piante,https://www.biodiversitylibrary.org/item/220916#page/7/mode/1up,https://doi.org/10.5962/bhl.title.127466,Si,Italiano,Fuente secundaria de información,Ciencias de la vida,,,,,
"Gohory, Jacob","Instrucción sobre la Yerba Petum, llamada de la Reina, ó Medicea, que los de Nueva España llaman Pizieetl; y sobre la Raíz de Mechoacan.",1572,,,,,,Instrucción; Yerba Petum; Medicea; Nueva España; Raíz; Mechoacan,,,No,Francés,,Ciencias de la vida,,,,,
"Godoy Álvarez, Manuel",El Rhamnus Humboldtianus. Apuntes para la historia natural medica,1890,,1,49,49,,Rhamnus Humboldtianus; apuntes; historia natural; medica,https://collections.nlm.nih.gov/bookviewer?PID=nlm:nlmuid-101637148-bk#page/1/mode/2up,,Si,Español,Monografía,Ciencias de la vida,,,,,
"Goffart, Auguste",Manuel de la culture et de lénsilage des mais et autres fourrages verts,1877,,1,200,200,,Manuel; culture; lénsilage; mais; fourrages verts,https://gallica.bnf.fr/ark:/12148/bpt6k370204d/f4.image,,Sí,Francés,Fuente terciaria de información,Ciencias de la vida,,,,,
"Goiran, A.",Prodomus Florae veronensis,1882,14,17,53,53,,Prodomus Flora Verona,https://www.biodiversitylibrary.org/item/155401#page/5/mode/1up,,Sí,Italiano,Artículo,Ciencias de la vida,Se divide en 4 partes,,,,
"Gomára Lopéz, Francisco de",Historia de las conquistas de Hernando Cortez,1826,1,1,315,315,,Historia; conquistas; Hernando Cortez,http://cdigital.dgb.uanl.mx/la/1080012658_C/1080012658_T1/1080012658.PDF,,Sí,Español,Monografía,Ciencias de la vida,,,1,,
"Gómez, Cristino",Estudio sobre la Yerba del Alacrán,1884,,1,15,15,,Estudio; Yerba; Alacrán,https://collections.nlm.nih.gov/ext/dw/101610194/PDF/101610194.pdf,,Si,Español,Monografía,Ciencias de la vida,,,,,
"Gómez, Gabriel",Cultivo y beneficio del café,1899,,1,174,174,,Cultivo; beneficio; café,https://archive.org/details/cultivoybenefic02gmgoog,,Sí,Español,Monografía,Ciencias de la vida,,,2,,
"Gómez, Joaquin María",El papaver somniferum. Ensayo para su aclimatación en México,1882,6,115,126,12,,Papaver somniferum; ensayo; aclimatación; México,https://www.biodiversitylibrary.org/item/121644#page/125/mode/1up,,Sí,Español,Artículo,Ciencias de la vida,,,6,,
"Gómez, José de la Luz",Ensayos de la cura contra el tétanos,1869,4,236,238,3,,Ensayos; cura; tétanos,https://babel.hathitrust.org/cgi/pt?id=uc1.$b214450&view=1up&seq=260,,Sí,Español,Artículo,Ciencias de la vida,,,4,15,
"Gómez, José de la Luz",Estudio experimental del cazahuate,1879,14,81,89,9,,Estudio; cazahuante,https://catalog.hathitrust.org/Record/000635467,,No,Español,Artículo,Ciencias de la vida,,,14,,
"Gómez, León",El higo de Smirna,1892,,3,8,6,,Higo; Smirna,http://www.hndm.unam.mx/consulta/publicacion/visualizar/558075bd7d1e63c9fea1a157?intPagina=2&tipo=publicacion&anio=1892&mes=02&dia=01,,Sí,Español,Artículo,Ciencias de la vida,Año 1,,,8,
"Gómez, León",Cutivo de la remolocha de azúcar,1892,,3,6,4,,Cultivo; remolacha; azúcar,http://www.hndm.unam.mx/consulta/publicacion/visualizar/558075bd7d1e63c9fea1a157?intPagina=2&tipo=publicacion&anio=1893&mes=08&dia=01,,Sí,Español,Artículo,Ciencias de la vida,Año 3,,,2,
"Gómez, León",Almáciga en California,1893,,7,9,3,,Almáciga;California,http://www.hndm.unam.mx/consulta/publicacion/visualizar/558075bd7d1e63c9fea1a157?intPagina=6&tipo=publicacion&anio=1893&mes=08&dia=01,,Sí,Español,Artículo,Ciencias de la vida,Año 3,,,2,
"Gómez y Couto, Vicente",La coca. Estudio fisiológico y terapéutico,1876,,,,,,Coca; estudio; fisiológico; terapéutico,,,No,Español,Monografía,Ciencias de la vida,"Reimpreso en monografias ""El estudio""",,,,
"Gondra, Isidro Rafael",El árbol de la cera,1840,1,137,140,4,,Árbol; cera,https://babel.hathitrust.org/cgi/pt?id=inu.30000093581720;view=1up;seq=147,,Sí,Español,Artículo,Ciencias de la vida,,,1,,
"González, Círilo",Belladona del país (Átropa Cirilia),,1,3,5,3,,Belladona; país,,,No,Español,Artículo,Ciencias de la vida,,,1,4,
"González, Eleuterio",Apuntes que pueden servir de base para la formación de la flora de Monterrey y sus implicaciones,1874,3,31,35,5,,Apuntes; formación; flora; Monterrey; implicaciones,https://www.biodiversitylibrary.org/item/49853#page/39/mode/1up,,Si,Español,Artículo,Ciencias de la vida,,,3,,
"González, Eleuterio",Discurso sobre el estudio de la botánica,1880,5,172,182,10,,Discurso; estudio; botánica,https://www.biodiversitylibrary.org/item/121642#page/184/mode/1up,,Sí,Español,Artículo,Ciencias de la vida,,,5,,
"González y Cos, Jesús",Estadística del partido de Silao de la victoria,,,301,317,17,,Estadísticas; partido; Silao; victoria,,,No,Español,,Ciencias de la vida,Continúa en la pág. 717-723,,,,
"González Ureña, Manuel",Cacomites,1849,2,173,173,1,,Cacomites,https://babel.hathitrust.org/cgi/pt?id=hvd.hninz1;view=1up;seq=205,,Sí,Español,Artículo,Ciencias de la vida,,,2,,
"González Ureña, Manuel",Descripción y usos de algunos alimentos más comunmente usuados en la República Mexicana y de otros que no conocen en Europa,1849,2,45,45,1,,Descripción; usos; alimentos; República Mexicana; Europa,https://babel.hathitrust.org/cgi/pt?id=hvd.hninz1;view=1up;seq=59,,Sí,Español,Artículo,Ciencias de la vida,,,2,,
"González Ureña, Manuel",Xicama,1849,2,177,177,1,,Xicama,https://babel.hathitrust.org/cgi/pt?id=hvd.hninz1&view=1up&seq=209,,Si,Español,Artículo,Ciencias de la vida,,,2,,
"González, Francisco",Aceites de cicuta y de las solaneas virosas,1876,11,269,271,3,,Aceites; cicuta; solaneas; virosas,https://babel.hathitrust.org/cgi/pt?id=uc1.$b214455&view=1up&seq=279,,Sí,Español,Artículo,Ciencias de la vida,,,11,,
"González, Francisco",Taray (Tamarix gallica),1876,11,319,321,3,,Taray,https://babel.hathitrust.org/cgi/pt?id=uc1.$b214455&view=1up&seq=329,,Si,Español,Artículo,Ciencias de la vida,,,11,,
"González, Francisco",Soluciones alcalinas de morfina y de Narceina para inyecciones hypodérmicas,1880,15,281,283,3,,Soluciones; alcalinas; morfina; narceina; inyecciones; hypodérmicas,https://catalog.hathitrust.org/Record/000635467,,No,Español,Artículo,Ciencias de la vida,,,15,,
"Gottfried, Johann Ludwig","Newe Welt vnd Americanische Historien. : Inhaltende warhafftige vnd volkommene Beschreibungen aller West-Indianischen Landschafften, Insulen, Königreichen vnd Provintzien, Seecusten, fliessenden vnd stehenden Wassern, Port vnd Anländungen, Gebürgen, Thälern, Stätt, Flecken vnd Wohnplatzen, zusampt der Natur vnd Eigenschafft dess Erdrichs, der Lufft, der Mineren vnd Metallen, der Brennenden Vulcanen oder Schwefelbergen, der Siedenden vnd anderer Heilsamen Quellen, wie auch der Thier, Vögel, Fisch vnd Gewürm in denselben, sampt andern Wunderbaren Creaturen vnd Miraculn der Natur, in diesem halben Theil dess Erdkreyses.",1631,,1,72,72,,Newe Wet; Americanischen; historien,https://archive.org/details/neweweltvndameri00gott_1/page/n7,,Sí,Alemán,Monografía,Ciencias de la vida,,,,,
"Gottsche Moritz, Karl",De mexikanske Levermosser,1863,,1,284,284,,Mexikanske Levermosser,https://www.worldcat.org/title/mexikanske-levermosser/oclc/14511438,,No,Latín,Monografía,Ciencias de la vida,,,,,
"Gottsche Moritz, Karl","Hepaticae Mexicanae a F. Liebmanno allisque lectae, digestae et descr",1863,,,,,,Hepaticae Mexicanae,,,No,Latín,,Ciencias de la vida,,,,,
"Govantes, Juan","Estudio de la contrayerba, considerando principalmente su acción terapéutica",1893,4,327,339,13,,Estudio; contrayerba; acción terapéutica,https://archive.org/details/elestudio02mexgoog/page/n364/mode/2up,,Sí,Español,Artículo,Ciencias de la vida,,,,,
"Gray, Asa; Torrey, John","A flora of North America :containing abridged descriptions of all the known indigenous and naturalized plants growing north of Mexico, arranged according to the natural system",1838,1,1,711,711,,Flora; North America; descriptions; plants; north of Mexico; natural system,https://www.biodiversitylibrary.org/item/27717#page/9/mode/1up,"https://doi.org/10.5962/bhl.title.9466

",Si,Inglés,Monografía,Ciencias de la vida,3 volumenes en total,,,,
"Gray, Asa; Thurber, George","Plantae novae Thurberianae: the characters of some new genera and species of plants in a collection made by George Thurber, of the late Mexican Bounday Commission, chiefly in New Mexico and Sonora.",1854,,298,328,328,,Plantae novae Thurberianae; characters; genera; species; plants; collection; Bounday Commission; New Mexico; Sonora,https://www.biodiversitylibrary.org/item/118462#page/9/mode/1up,https://doi.org/10.5962/bhl.title.57501,Sí,Inglés,Monografía,Ciencias de la vida,Series: Memoirs of the American Academy of Arts and Sciences,,,,
"Gray, Asa","A cursory examination of a collection of Dried Pants made by .L.C Ervendherg around Wartenberg near Tantoyuca in the Ancient Province of Huasteca, México, in 1858 and 1859",1862,5,174,190,16,,Cursory examinationon; collection; dried pants; Tantoyuca; Huasteca; México,https://www.biodiversitylibrary.org/item/35391#page/180/mode/1up,,Sí,Inglés,Artículo,Ciencias de la vida,,,,,
"Gray, Asa","Botanical contributions. Characters of time new Species of Compositae in the Mexican Collection made by C.C Parry and Edward Palmer, chicfly in the Provinse of San Luis Potosi in 1878",1880,15,25,52,27,,Botanical contributions; characters; new species; compositae; mexican collection,https://www.biodiversitylibrary.org/item/33715#page/35/mode/1up,,Sí,Inglés,Artículo,Ciencias de la vida,,,,,
"Gray, Asa","New genera of Arizona, California, and their Mexican borders, and two Additional Species of Aselepiadaceae",1885,20,290,296,6,,New genera; Mexican; Arizona; California; borders,https://www.biodiversitylibrary.org/item/35670#page/314/mode/1up,,Sí,Inglés,Artículo,Ciencias de la vida,,,,,
"Gray, Asa",Sertum chihuahuense,1886,21,378,409,31,,Sertum chihuahuense,https://www.biodiversitylibrary.org/item/35733#page/404/mode/1up,,Sí,Inglés,Artículo,Ciencias de la vida,,,,,
"Gray, Asa",Sertum chihuahuense appendix,1887,22,306,307,2,,Sertum chihuahuense; appendix,https://www.biodiversitylibrary.org/item/22121#page/328/mode/1up,,Sí,Inglés,Artículo,Ciencias de la vida,,,,,
"Gray, Asa","List of plants collected by Dr. Edward Palmer in the state of Jalisco, Mexico, in 1886",1887,22,396,481,85,,List; plants; Palmer; Jalisco; Mexico,https://www.biodiversitylibrary.org/item/22121#page/418/mode/1up,,Sí,Inglés,Artículo,Ciencias de la vida,,,,,
"Gray, Asa","Botanical noticies. Parry Torrey and Engelmann, botany of the mexican boundary",,,290,293,4,,Botanical noticies; mexican boundary,,,No,Inglés,Artículo,Ciencias de la vida,,,,,
"Gray, Asa",Mexican boundary carices,,,139,143,5,,Mexican; carices,,,No,Inglés,Artículo,Ciencias de la vida,,,,,
"Gray, Asa",Dr. Torrey Ammobrona Sonorae,,,125,127,3,,Torrey; Ammobrona Sonorae,,,No,Inglés,Artículo,Ciencias de la vida,,,,,
"Gray, Asa","Notes on synthlipsis, compositae of the boundary",,2,34,175,141,,Notes; synthlipsis; compositae; boundary,,,No,Inglés,Artículo,Ciencias de la vida,,,,,
"Ghiesbreght Boniface, Auguste",Auszug aus eniem Schreiben aus Mexico,1850,,218,220,3,,Auszug; schreiben; Mexico,,,No,Alemán,Artículo,Ciencias de la vida,,,,,
"Grisebach, Rudolf Heinrich August",Flora of the best British West Indian Islands.,1864,,1,789,789,,Flora; best; British West; Indian Islands,https://www.biodiversitylibrary.org/title/143#page/4/mode/1up,,Sí,Inglés,Monografía,Ciencias de la vida,,,,,
"Grisebach, Rudolf Heinrich August",La végétation du globe: d'après sa disposition suivant les climats esquisse d'une géographie comparée des plantes.,1876,,1,905,905,,Végétation; globe; climats esquisse; géographie; plantes,https://gallica.bnf.fr/ark:/12148/bpt6k57583596.texteImage,,Sí,Francés,Monografía,Ciencias de la vida,,,2,,
"Grim Herman, Nicolás",De Convolvs. Silvatico.,1685,,407,,,,Gonvolv; Silvatico,,,No,Latín,,Ciencias de la vida,,,,,
"Grosoudry, Renato de",El médico botánico criollo,1864,1,60,512,512,,Médico: botánico; criollo,https://www.biodiversitylibrary.org/item/23289#page/9/mode/1up,,Sí,Español,Monografía,Ciencias de la vida,4 tomos en total,,1,,
"Guerrero, Agustín",Manual de Farmacéutico o breve fomulario de lo más indispensable para el servico de una botanica,1870,,1,618,618,,Manual; farmacéutico; formulario; servicio; botánica,https://www.worldcat.org/title/manual-del-farmaceutico-o-breve-formulario-de-lo-mas-indispensable-para-el-servicio-de-una-botica/oclc/14746447?referer=di&ht=edition,,No,Español,Fuente terciaria de información,Ciencias de la vida,,6,,,
"Guerrero, Francisco",El vino del maguey,1874,,1,55,55,,Vino; maguey,http://132.248.67.65/F/?func=find-b&local_base=TES01&find_code=WRD&request=El+vino+del+maguey&adjacent=N,,No,Español,Monografía,Ciencias de la vida,,,,,
"Guevara, Eduardo",Ligero estudio de la Yerba del cura,1881,,1,24,24,,Estudio; Yerba; Cura,http://132.248.67.65/F/?func=find-b&local_base=TES01&find_code=WRD&request=Ligero+estudio+de+la+Yerba+del+cura&adjacent=N,,No,Español,Monografía,Ciencias de la vida,,,,,
Gaston Guibourt Nicolas Jean Baptiste,Histoire naturelle des drogues simples,1849,1,1,590,590,,Histoire naturelle; drogues simples,https://gallica.bnf.fr/ark:/12148/bpt6k4086017?rk=64378;0,,Sí,Francés,Monografía,Ciencias de la vida,4 tomos en total,5,3,,
"Gussone, Giovanni",Plantae rariores quas in itinere per oras jonni ac adriatici maris et per regiones samnii ac aprutii,1826,,1,401,401,,Plantae rariores; regiones,https://bibdigital.rjb.csic.es/viewer/11162/?offset=#page=1&viewer=picture&o=bookmark&n=0&q=,,Si,Latín,Monografía,Ciencias de la vida,,,,,
"Gussone, Giovanni","Florae Siculae prodromus, sive, Plantarum en Sicilia ulteriori nascentium enumeratio secundum systema Linnaeanum disposita",1827,2,1,586,586,,Flora; prodromus,https://www.biodiversitylibrary.org/bibliography/6700#/summary,https://doi.org/10.5962/bhl.title.6700,Si,Latín,Monografía,Ciencias de la vida,2 volumenes en total,,,,
"Gussone, Giovanni","Florae siculae sinopsis, exhibens plantas vasculares en Sicilia insulisque adyacenteibus huc usque detectas secundum systema Linneanum dispositas",1842,1,1,582,582,,Florae; synopsis; plantas,https://www.biodiversitylibrary.org/item/137480#page/7/mode/1up,,Sí,Latín,Monografía,Ciencias de la vida,2 volumenes en total,,,,
"Gutiérrez, Alberto",Propiedades tenífugas del aguacate,1846,1,10,10,1,,Propiedades; tenífugas; aguacate,,,No,Español,Artículo,Ciencias de la vida,,,1,,
"Gutiérrez, Donato",El algodonero,1885,,1,30,30,,Algodonero,"https://mexicana.cultura.gob.mx/en/repositorio/detalle?id=_suri:DGB:TransObject:5bce598a7a8a0222ef15e765&word=algoDonero,&r=5&t=6",,Sí,Español,Monografía,Ciencias de la vida,,,,,
"Gutiérrez, Israel",Breve apuntes sobre el cultivo de la caña,1885,,,,,,Apuntes; cultivo; caña,,,No,Español,Monografía,Ciencias de la vida,,,,,
"Gutiérrez, José M.",Calendario botánico de ameca canton de Xalisco,1882,,1,6,6,,Calendario; botánico; canton; Xalisco,,,No,Español,,Ciencias de la vida,,,,,
"Gutiérrez de, Salceda Pedro",Instrucción relativa a Coalcomán (Michoacan),1827,1,127,128,2,,Instrucción; Coalcomán; Michoacán,,,No,Español,Artículo,Ciencias de la vida,,,1,,
"Gutiérrez, Primo",Cultivo del café en la municipalidad de Tuxtla,,,1,1,1,,Cultivo; café; Tuxtla,,,No,Español,Artículo,Ciencias de la vida,,,,2,
"Guzmán Casiano, R.",Estudio sobre el chilillo de la Huasteca.,1888,,1,30,30,,Estudio; chilillo; Huasteca,https://collections.nlm.nih.gov/ext/dw/101610157/PDF/101610157.pdf,,Sí,Español,Monografía,Ciencias de la vida,,,,,
H.,El Eucalipto. por J. T. de Cuéllar y J. M. Flores Verdad,1869,,,,,,Eucalipto,https://catalog.hathitrust.org/Record/101013231?type%5B%5D=all&lookfor%5B%5D=Ilustracion%20potosina&ft=,,No,Español,Artículo,Ciencias de la vida,,,,,
"Hagge, F.A",Cacteen cultur order Handbuch fur cacteenfreunde,1892,,,,,,Cacteen; order; cacteenfreunde,,,No,Alemán,,Ciencias de la vida,,,,,
"Hager, Abraham Achates","De Aloe aculeata americana quae chorae, misniae oppido in horto",1663,,,,,,Aloe aculeata; Americana; misniae; horto,,,No,Latín,,Ciencias de la vida,,,,,
"Hall W, Franklin","Catalogue of a collection od ferns made insouthern mexico, mainly at chiapas",1864,,1,10,10,,Catalogue;collection; ferns; made; Mexico; Chiapas,https://babel.hathitrust.org/cgi/pt?id=hvd.32044106360894&view=2up&seq=2&size=125,,Sí,Inglés,Fuente secundaria de información,Ciencias de la vida,,,,,
"Hallier, Ernst: Harz, Carl Otto",Flora von Deutschland,1880,1,,,,,Flora; Deutschland,https://catalog.hathitrust.org/Record/001998587,,No,Alemán,,Ciencias de la vida,31 volumenes en total,,,,
"Hampe, E.",Hepaticae erstedinae,1851,24,300,304,5,,Hepaticae; erstedinae,https://www.biodiversitylibrary.org/item/109424#page/308/mode/1up,,Sí,Inglés,Artículo,Ciencias de la vida,,,,,
"Hanstein, Johannes",Gesnereaceae,1853,26,145,261,116,,Gesnereaceae,https://www.biodiversitylibrary.org/item/109557#page/153/mode/1up,,Sí,Inglés,Artículo,Ciencias de la vida,Continúa en volumen 29 y 34,,,,
"Harsberger, John William",El maíz.El estudio botanico y económico,1894,,1,164,164,,Estudio; botánico; económico,https://catalog.hathitrust.org/Record/010110518,,No,Español,Monografía,Ciencias de la vida,Es una traducción,,,,
"Hartweg, Teodoro Karl",Account of this travels in Mexico and Guatemala,1842,2,377,409,32,,Account; travels; México; Guatemala,https://www.biodiversitylibrary.org/item/155838#page/425/mode/1up,,Sí,Inglés,Artículo,Ciencias de la vida,Serie 2,,,,
"Hartweg, Teodoro Karl",Notes of a visit to México in search of plants and seeds for the ilorticultural society,1848,,,,,,Notes; visit; México; search; plants; seeds; ilorticultural; society,,,No,Inglés,,Ciencias de la vida,,,,,
"Harvey, William Henry",Nereis Boreali americana; or contributions to ward a history of the matine algae of north americana in tree parts,1853,2,1,258,258,,Nereis Boreali; americana; history; matine algae; north americana; tree; parts,https://ia600502.us.archive.org/35/items/nereisborealiame05harvrich/nereisborealiame05harvrich.pdf,,Sí,Inglés,Monografía,Ciencias de la vida,2 partes en total,,,,
"Haworth, Hardy Adrian","Synopsis plantarum succulentarum: cum descriptionibus, synonymis, locis, observaciónibus anglicanis, culturaque",1812,,1,207,207,,Synopsis; Plantarum; descriptionibus; synonymis; locis; observacionibus; anglicanis; culturaque,https://www.biodiversitylibrary.org/item/38208#page/1/mode/1up,https://doi.org/10.5962/bhl.title.9462,Sí,Latín,Monografía,Ciencias de la vida,,,,,
"Heller, Carl Bartholomäus",Reisen en mexico in den Jahren,1845,,1,432,432,,"Reisen, México",https://books.google.com.mx/books/about/Reisen_in_Mexiko_in_den_Jahren_1845_1848.html?id=MzIBAAAAQAAJ&redir_esc=y,,No,Alemán,Monografía,Ciencias de la vida,,,,,
"Hemsley, William Botting",Diagnoses plantarum novarum vel minus cognitarum mexicanarum at centrali americanarum,1878,,1,56,56,,Diagnoses;plantarum novarum; mexicanarum; centrali; americanarum,https://www.biodiversitylibrary.org/item/122617#page/1/mode/1up,,Si,Latín,Monografía,Ciencias de la vida,,,,,
"Hemsley, William Botting",Humming bird and the Nectar cups of the marcgraviceae,1880,14,11,13,3,,Humming; bird; nectar; cups; maregraviceae,https://www.biodiversitylibrary.org/item/84205#page/25/mode/1up,,Sí,Inglés,Artículo,Ciencias de la vida,,,,,
"Hemsley, William Botting",Bosquejo de la geografía y rasgos principales de la flora de México,1887,1,67,81,14,,Bosquejo; geografía; rasgos; flora; México,https://www.biodiversitylibrary.org/item/121657#page/111/mode/1up,,Si,Español,Artículo,Ciencias de la vida,Serie 2,,1,,
"Hemsley, William Botting",Bosquejo de la exploración botanica de México,1887,1,1,15,15,,Bosquejo; explotación; botánica; México,https://www.biodiversitylibrary.org/item/121657#page/25/mode/1up,,Sí,Español,Artículo,Ciencias de la vida,Serie 2,,1,,
"Hemsley, William Botting",The botany,1879-1888,1,1,576,576,,Botany,https://www.biodiversitylibrary.org/item/14638#page/2/mode/1up,,Sí,Inglés,,Ciencias de la vida,5 volumenes en total,,,,
"Henrieck, G.A","Du tabac son histoire sa culture sa fabrication, son commerce ses propietés médicinales et toxiques son influence sur l'homme",1864,,1,154,154,,Tabac; historie; culture; fabrication; commerce; propietés; médicinales; toxiques,https://gallica.bnf.fr/ark:/12148/bpt6k76892j/f6.item.texteImage,,Sí,Francés,Monografía,Ciencias de la vida,,,,,
"Herbert, William",Amaryllidaceae preceded by an attempt to artrange the monocotyledonous orders and followed by a trealise on cross-bred vegetables and supplement,1837,,1,428,428,,Amaryllidaceae; monocotyledonou; orders; vegetables,https://www.biodiversitylibrary.org/item/202524#page/9/mode/1up,,Sí,Inglés,Monografía,Ciencias de la vida,,,,,
"Hernández, Juan",Análisis de la Belladona cultivada en México,1888,,1,14,14,,Análisis; Belladona; México,https://collections.nlm.nih.gov/ext/dw/101610088/PDF/101610088.pdf,,Si,Español,Monografía,Ciencias de la vida,,,,,
"Hernandez de Toledo, Francisco","Rerum medicarum Novae Hispaniae tesauro, seu, Plantarum animalium mineralium Mexicanorum historia",1651,,1,1040,1040,,Rerum;medicarum; Novae Hispaniae; tesauro; plantarum;animalium;mineralium; Mexicanorum;historia,https://www.biodiversitylibrary.org/item/113603#page/5/mode/1up,,Sí,Latín,Monografía,Ciencias de la vida,,,,,
"Hernandez de Toledo, Francisco","Francisci Hernandi . Medici atque historici Philippi II hisp, et Indiar Regis et totius novi orbis archiatri, Opera, cum edita, tum inedita, ad autographi fidem et integritatem expressa, impensa et jussu regio",1790,1,1,452,452,,"Medici; historici; Indiar, regis",https://bibdigital.rjb.csic.es/records/item/12368-redirection,,Sí,Latín,Monografía,Ciencias de la vida,3 volumenes en total,,,,
"Hernández, Joaquín",El abuso del tabaco,1889,,,,,,Abuso; tabaco,,,No,Español,,Ciencias de la vida,,,,,
"Herrera Fernandez, Alfonso",El chayote,1870,,234,238,4,,Chayote,-,,No,Español,Artículo,Ciencias de la vida,-,,1,,
"Herrera Fernandez, Alfonso",El Oyamel,1872,,1,3,3,,Oyamel,AHCM:0016-3813.13.26,,Sí,Español,Artículo,Ciencias de la vida,-,,1,,
"Herrera Fernandez, Alfonso",El yoyote,1872,,285,291,6,,Yoyote,AHCM:0016-3813.7.1,,Sí,Español,Artículo,Ciencias de la vida,-,,7,,
"Herrera Fernandez, Alfonso",Observaciones sobre los hongos comestibles,1872,-,353,359,6,,Observaciones; Hongos; comestibles,AHCM:0016-3813.7.285,,Sí,Español,Observaciones,Ciencias de la vida,-,,7,,
"Herrera Fernandez, Alfonso",Pulques medicinales,1873,-,210,214,4,,Pulques,AHCM:0016-3813.7.381,,Sí,Español,Artículo,Ciencias de la vida,-,,8,,
"Herrera Fernandez, Alfonso",El yoyote,1873,,187,187,1,,Yoyote,AHCM:MEX0-0101.2:187,,Sí,Español,Artículo,Ciencias de la vida,-,,2,,
"Herrera Fernandez, Alfonso",El liquen tintóreo de la Baja California,1873,,163,163,1,,Liquen,AHCM:MEX0-0101.2.163,,Sí,Español,Artículo,Ciencias de la vida,1a serie,,2,,
"Herrera Fernandez, Alfonso",El Oyamel,1873,,215,215,1,,Oyamel,AHCM:MEX0-0101.2.215,,Sí,Español,Artículo,Ciencias de la vida,1a serie,,2,,
"Herrera Fernandez, Alfonso",Apuntes para la historia natural de las drogas simples indigenas,1878,,25,34,9,,Drogas; Indigenas,AHCM:0016-3813.8.210,,Sí,Español,Apuntes,Ciencias de la vida,-,,13,,
"Herrera Fernandez, Alfonso",Rectificación a la memoria sobre leguminosas indígenas del Dr. F. Altamirano,1879,-,-,-,-,*,Rectificación; Memoria; Leguminosas Indigenas,AHCM:MEX0-0101.4.247,,Sí,Español,Artículo,Ciencias de la vida,1a serie,-,4,-,-
"Herrera Fernandez, Alfonso",Nota sobre una monstruosidad observada en un fruto de la cucurbita Pepo,1879,-,247,247,1,,Monstruosidad; observadaCucubita Pepo,AHCM:MEX0-0101.6:84,,Sí,Español,Nota,Ciencias de la vida,-,-,IV,-,-
"Herrera Fernandez, Alfonso",Plantas para la fabricación del papel,1882,-,-,-,-,,Plantas; fabricación; papel,AHCM:MEX0-0101.6.347,,Sí,Español,Artículo,Ciencias de la vida,1a serie,-,5,-,-
"Herrera Fernandez, Alfonso",Sinonimia vulgar y científica de plantas de México,1884,-,-,-,-,,Plantas; México,AHCM:MEX0-0101.4.139,,Sí,Español,Artículo,Ciencias de la vida,1a serie,-,"2; 3, 4, 5, 6",-,-
"Herrera Fernandez, Alfonso; Mendoza, Gumersindo",El Yoloxochitl. Historia,1866,-,223,223,1,,Yoloxochitl,AHCM:0016-3813.2.223,,Sí,Español,Artículo,Ciencias de la vida,-,-,2,-,-
"Herrera Fernandez, Alfonso; Mendoza, Gumersindo",Composición del fucus vesiculosus,1867,-,332,332,1,,Composición; Fucus Vesiculosus,AHCM:0016-3813.3.158a,,Sí,Español,Artículo,Ciencias de la vida,-,-,3,-,-
"Herrera Fernandez, Alfonso; Mendoza, Gumersindo",Yerba del pollo,1867,3,158,173,15,,Yerba; pollo,https://catalog.hathitrust.org/Record/000635467,,Sí,Español,Artículo,Ciencias de la vida,-,-,-,-,-
"Herrera Fernandez, Alfonso; Mendoza, Gumersindo",El anacahuite,1874,-,-,-,-,,Anacahuite,AHCM:MEX0-0101.3:151,,Sí,Español,Artículo,Ciencias de la vida,1a serie,,3,-,-
"Herrera y Weixler, José",Algunas consideraciones sobre la acción farmaco-dinámica del cacao,1877,-,1,14,14,,Cacao,https://collections.nlm.nih.gov/catalog/nlm:nlmuid-101611940-bk,,Sí,Español,Monografía,Ciencias de la vida,-,,4,,-
"Herrera Lopez, Alfonso Luis",Acción de la morfina sobre los animales de sangre fría,1890,-,385,385,1,,Acción; morfina; animales; sangre fria,-,,No,Español,Artículo,Ciencias de la vida,-,-,2,-,-
"Herrera Lopez, Alfonso Luis",El Yoloxochitl,1890,-,133,133,1,,Yoloxochitl,-,,No,Español,Artículo,Ciencias de la vida,-,-,4,-,-
"Herrera Lopez, Alfonso Luis; Cicero, Ricardo E.",El Chicalote,1893,-,23,23,1,,Chicalote,-,,No,Español,Artículo,Ciencias de la vida,-,,2,-,-
"Herrera Lopez, Alfonso Luis",Caracteres histológicos diferenciales de varias drogas indigenas,1893,-,152,152,1,,Histiologicos; diferenciales; dorogas indigenas; estudio; morfología,-,,No,Español,Artículo,Ciencias de la vida,-,-,4,-,-
"Herrera Lopez, Alfonso Luis",La Thevetia Yecotli,-,-,369,369,1,,Thevetia Yecotli,-,,No,Español,Artículo,Ciencias de la vida,-,-,3,-,-
"Herrera Lopez, Alfonso Luis; Cicero, Ricardo E.",La Aristolochia Mexicana,-,-,385,385,1,,Aristolochia; Mexicana,-,,No,Español,Artículo,Ciencias de la vida,-,-,3,-,-
"Herrera, José Manuel","Analisis del Guaco por el Profesor de quimica J. M, leido en el acto de quimica en octubre de 1836.",1836,-,236,238,3,,Analisís; Guaco,http://www.hndm.unam.mx/consulta/resultados/visualizar/558075be7d1e63c9fea1a3ab?resultado=1&tipo=publicacion&intPagina=0,,Sí,Español,Artículo,Ciencias de la vida,1a serie,-,1,-,-
"Herrera, Rafael",Estudio sobre la producción del café,1893,-,1,141,141,,Estudio; producción; café,-,,No,Español,Monografía,Ciencias de la vida,-,-,4,-,-
"Herrerias, Gerardo Emilio","Elementos sobre la agricultura e industria, escritos para el cultivo y aprovechamiento del Lino",1880,-,1,109,109,,Elementos; agricultura; industria; cultivo; lino,https://catalogo.iib.unam.mx/F/-/?func=find-b&find_code=SYS&local_base=bndm&format=999&request=000162940,,SI,Español,Monografía,Ciencias de la vida,-,-,8,-,-
"Hesles, José",Apuntes para el estudio del Pambotano,1891,-,1,31,31,,Estudio; Pambotano,-,,No,Español,Monografía,Ciencias de la vida,-,-,4,-,-
"Columbus Hill, Johnn Cristopher",Cera vegetal,1869,1,889,891,3,,Cera; Vegetal,https://babel.hathitrust.org/cgi/pt?id=mdp.39015008360623&view=1up&seq=931,,Sí,Español,Artículo,Ciencias de la vida,2a época,-,1,-,-
"Hinojosa, Gabriel",Cultivo de la morera,1873,-,-,-,-,,Cultivo; Morera,,,No,Español,-,Ciencias de la vida,Impreso por la Secretaría de Fomento,-,-,-,-
"Hinojosa, Gabriel",Cultivo del café,1873,,-,-,-,,Cultivo café,,,No,Español,-,Ciencias de la vida,Impreso por la Secretaría de Fomento,-,-,-,-
"HInojosa, Gabriel",Memoria sobre la utilidad de los bosques y perjuicios causados por su destrucción,1873,-,1,28,28,,Utilidad; bosques; causados; destrucción,-,,No,Español,Memoria,Ciencias de la vida,Se ha reimpreso mucho y en distintas públicaciones,-,8,-,-
"Hoffman, Hermann",Areal der Agave americana L. in Europa als Freilandplanze,1875,24,70,76,7,,Agave americana; Europa; Freinlandplanze,https://www.biodiversitylibrary.org/bibliography/6769#/summary,,Sí,Alemán,Artículo,Ciencias de la vida,-,-,-,-,-
"Hoocker, William Jackson","The botany of cap Beechey´s Voyage; comprising an account of the plants collected by Messrs Lay and Collie, an other oficers of the expedition, during the voyage to the pacific and bering´s strait, performed in his majesty´s ship blossom, under the command of captain F. W. Beechey, R.N., F.R., & A.S., in the years 1825, 26, 27, and 28",1841,-,1,485,485,,Botany: Beechey´s Voyage,https://www.biodiversitylibrary.org/item/6486#page/532/mode/2up,,Sí,Inglés,Monografía,Ciencias de la vida,-,-,-,-,-
"Hoocker, William Jackson",Species Filicum accompanied with numerous figures,1846,V,-,-,-,,Species Filucum,-,,No,Inglés,Monografía,Ciencias de la vida,-,-,-,-,-
"Hoocker, William Jackson",Flora of North-Western Mexico in Voyage of H.M.S,-,-,-,-,-,,Flora; México,-,,No,Inglés,Artículo,Ciencias de la vida,-,-,4,-,-
"Hooker, Dalton Joseph",On the Castilloa elastica of Cervantes and some allied Rubber-yielding plants,1886,-,1,7,7,,Castilloa; Plants,-,,No,Inglés,Artículo,Ciencias de la vida,-,-,-,4,-
"Houstoun,William","Reliquiae Houstounianae: seu plantarum in America meridionali / a Guilielmo Houstoun M.D.R.S.S. collectarum icones manu propria acre incisae; cum descriptionibus e schedis ejusdem In Bibliotheca Josephi Banks, Baroneti R.S.P. asservatis",1871,-,1,12,12,,Reliqiae Houstounianae,https://bibdigital.rjb.csic.es/records/item/13858-redirection,,Sí,Latín,Monografía,Ciencias de la vida,-,-,-,4,-
"Huerta, Herónimo de",Historia Natural de Cato Plinio segundo,1624,2,1,907,907,,Historia Natural,https://books.google.com.mx/books?id=s5CpZ6f9gpkC&printsec=frontcover&hl=es&source=gbs_ge_summary_r&cad=0#v=onepage&q&f=false,,Sí,Español,Monografía,Ciencias de la vida,-,-,-,-,-
"Humboldt, Friedrich Wilhelm Heinrich Alexander Freiherr von","Plantes équinoxiales : recueillies au Mexique, dans l'île de Cuba, dans les provinces de Caracas, de Cumana et de Barcelone, aux Andes de la Nouvelle-Grenade, de Quito et du Pérou, et sur les bords du Rio-Negro, de l'Orénoque et de la rivière des Amazones. Tome 1 / par Al. de Humboldt et A. Bonpland",1805,2,1,234,234,,"Plantes équinoxiales; recueillies; Mexique; Cuba; provinces Caracas; Cumana; Nouvelle-Grenade,; Pérou, sur; Rio-Negro; l'Orénoque; Amazones; Humboldt",https://gallica.bnf.fr/ark:/12148/bpt6k97130q/f6.item.zoom,,Sí,Francés,Monografía,Ciencias de la vida,-,-,1,-,-
"Humboldt, Friedrich Wilhelm Heinrich Alexander Freiherr von","Monographia Melastomacearum: continens plantas huius ordinis, hucusque collectas, praesertim per regnum Mexici, in provinciis Caracarum et Novae Andalusiae, in Peruvianorum, Quitensium, Novae Granatae Andibus, ad Orinoci, fluvii Nigri, fluminis Amazonum rupas nascentes",1806,2,1,142,142,,Monographia; Melastomacearum,https://www.biodiversitylibrary.org/bibliography/16027#/summary,https://doi.org/10.5962/bhl.title.16027,Sí,Latín,Monografía,Ciencias de la vida,-,-,45,-,-
"Humboldt, Friedrich Wilhelm Heinrich Alexander Freiherr von","Nova genera et especies plantarum: quas en peregrinatione ad plagam aequinoctialem orbis novi collegerunt / descripserunt, partim adumbraverunt Amat. Bonpland et Alex. de Humboldt; ex schedis autographis Amati Bonplandi en ordinem digessit Carol. Segismundo. Kunth ...",1815,,1,301,301,,Nova Genera; Species; plantarum,https://www.biodiversitylibrary.org/bibliography/640#/summary,https://doi.org/10.5962/bhl.title.640,Sí,Latín,Monografía,Ciencias de la vida,-,-,1,14,-
"Humboldt, Friedrich Wilhelm Heinrich Alexander Freiherr von",Revision des Graminées publiees danss les Nova genera es species plantarum de Humboldt et Bonpland,1829,2,1,374,374,,Revision des Graminées; publies; Nova; species; plantarum; Humboldt,https://gallica.bnf.fr/ark:/12148/bpt6k97802d.image,,Sí,Francés,Monografía,Ciencias de la vida,-,-,-,-,-
"Humboldt, Friedrich Wilhelm Heinrich Alexander Freiherr von",Distribution méthodique de la famile des Graminées,1835,2,1,175,175,,Distribution; méthodique; Famille; Graminees,https://www.biodiversitylibrary.org/bibliography/505#/summary,https://doi.org/10.5962/bhl.title.505,Sí,Latín,Monografía,Ciencias de la vida,-,-,1,44,-
"Hutten, Hulrico de","Experiencia y aprobación del palo llamado Guayuco o Coyoacán, que en Nueva España llaman los indios Matlalquahuitl, para la curación del mal de Nápoles.",1519,-,-,-,-,,Aprobación; Guayuco; Coyoacán; Matlalquahuitl; curación; mal de Nápoles,-,,No,Latín,Monografía,Ciencias de la vida,Juan Cheradome le tradujo en francés; imp. 4°; Pinelo Barai,-,1,8,-
"Hvrtado, Tomás P.",Disputatio Moralis-Vtrum potio chocolatica iejunium ecclesiae frangat,1642,-,507,565,58,,Disputatio; Morales-Vtrum; chocolatica,-,,No,Latín,Artículo,Ciencias de la vida,-,-,8,-,
"Ibáñez, Joaquín",La tlacancuaya de Matamoros Izúcar,1877,4,76,82,6,,Tlacancuaya; Matamoros Izúcar,https://www.biodiversitylibrary.org/item/121663#page/90/mode/1up,,Sí,Español,Artículo,Ciencias de la vida,-,-,4,-,-
"Illanes, Tomás",Cartilla para el cultivo de Lino y Cañamo,1840,5,54,54,1,,Cartilla; cultivo; lino; cañamo,https://books.google.com.mx/books?id=0kIoAQAAMAAJ&printsec=frontcover&hl=es&source=gbs_ge_summary_r&cad=0#v=onepage&q&f=false,,Sí,Español,Articulo,Ciencias de la vida,-,-,5,-,-
"Iriarte; Hermosilla, Manuel","Estudio comparativo de las Quinas aclimatadas en Cordoba, con las extranjeras de la misma especie",1878,-,1,26,26,,Estudio; Quinas; aclimatadas,-,,No,Español,Monografía,Ciencias de la vida,"Reimpreso en ""El estudio""",-,4,-,-
"Irigoyen, Alejandro",Estudio sobre la yerba loca,1884,-,1,23,23,,Estudio; Yerba loca,https://collections.nlm.nih.gov/catalog/nlm:nlmuid-101611932-bk,,Si,Español,Monografía,Ciencias de la vida,-,-,4,-,-
Jimenez Lauro María,Notas y reparos a la descripción de la Castilla elástica leída por D.V. Cervantes en la apertura del Curso de Botánica,1794,-,1,8,8,,Notas; descripción; Castilloa elástica; curso; botánica,-,-,No,Español,Notas,Ciencias de la vida,-,-,-,-,-
Jimenez Lauro María,"Carta del aficionado de la Botánica J.L.M. contestando al impreso del Catedrático de ella, del 14 de Noviembre de 1794.",1795,-,1,8,8,,Carta; Aficionado; Botánica;,-,-,No,Español,Carta,Ciencias de la vida,-,-,-,-,-
"Jacobi, George Albano von",Nachtrag [und zweiter Nachträge] zu dem Versuch einer systematischen Ordnung der Agaven,1867,-,1,91,91,,Nachtrage; einer systematischen; Agaveen.,https://books.google.com.mx/books?id=7lI_AAAAYAAJ&source=gbs_book_similarbooks,-,No,Alemán,Monografía,Ciencias de la vida,"Reimpresión en ""Hamgurger Garten und Blumenzeitung""",-,-,-,-
"Iacobo, Danielli",Studi sull´agave americana,1885,-,1,92,92,,Studi; Agave americana,https://books.google.com.mx/books/about/Studi_sull_Agave_americana.html?id=A8V2wgEACAAJ&redir_esc=y,,No,Italiano,Monografía,Ciencias de la vida,-,-,-,4,-
"Jaeger, agosto; Sauerbeck, Friedrich Wilhelm.","Genera et species muscorum systematice disposita ; seu, adumbratio florae muscorum totius orbis terrarum",1870,-,1,744,744,,Adumblario; Florae; Muscorum,https://archive.org/details/mobot31753000045523,,Sí,Latín,Monografía,Ciencias de la vida,Se compone de 5 volumenes,-,-,-,-
"Jiménez, Lauro María",Licea Maidischahuistlea,1866,-,141,144,4,,Licea Maidischahuistlea,https://babel.hathitrust.org/cgi/pt?id=mdp.39015046999432&view=1up&seq=147&q1=Lauro%20Maria,,Sí,Español,Artículo,Ciencias de la vida,,,2,-,-
"Jiménez, Lauro María",Dictamen sobre el trabajo del Sr. Ignacio Blásquez sobre El Chauistle,1869,1,198,200,3,,Dictamen; trabajo; Chahuistle,https://www.biodiversitylibrary.org/item/123566#page/244/mode/1up,,Sí,Español,Dictamen,Ciencias de la vida,-,-,1,-,-
"Jiménez, Lauro María",Dicaeroma tritticichahuistlea,1869,-,230,235,5,,Dicaeroma; tritticichahuistlea,https://babel.hathitrust.org/cgi/pt?id=uc1.$b214450&view=1up&seq=254&q1=Lauro%20Maria,,Sí,Español,Artículo,Ciencias de la vida,-,-,4,-,-
"Jiménez, Lauro María",Focus vesiculosus,1869,-,97,100,4,,Focus vesiculosus,https://babel.hathitrust.org/cgi/pt?id=uc1.$b214450&view=1up&seq=115&q1=Lauro%20Maria,,Sí,Español,Artículo,Ciencias de la vida,-,-,4,-,-
"Jiménez, Lauro María",Formulario mexicano,1870,2,74,74,1,,Formulario Mexicano,AHCM:0016-3813.2.141,,Sí,Español,Artículo,Ciencias de la vida,"Tomo 3°, pág. 115; tomo 5°, págs. 58, 89 y 186.",-,2,-,-
"Jiménez, Lauro María",Filosofia del método natural aplicada al Herbario de Cervantes,1873,5,3,3,1,,Hervario de Cervantes,AHCM:0016-3813.4.230,,Sí,Español,Artículo,Ciencias de la vida,-,-,5,-,-
"Jiménez, Lauro María",Senecio canicida,1873,5,182,182,1,,Senecio canicida,AHCM:0016-3813.4.97,,Sí,Español,Artículo,Ciencias de la vida,-,-,5,-,-
"Jiménez, Manuel C.",Estudio sobre algunas plantas resinosas indígenas,1871,-,1,22,22,,Estudio; plantas; resinosas; indigenas,https://collections.nlm.nih.gov/ext/dw/101611917/PDF/101611917.pdf,AHCM:MEX0-0000.2:217,Sí,Español,Monografía,Ciencias de la vida,"Reimp. en el vol. 7°, 1a serie de ""La Naturaleza.""",-,4,-,-
"Jiménez, Manuel C.",El árbol del Perú,1873,2,217,222,5,,Árbol del Perú,https://www.biodiversitylibrary.org/item/120585#page/239/mode/1up,,Sí,Español,Artículo,Ciencias de la vida,1a serie,-,2,-,-
"Jonguitud, Leonides E.",Breve estudio sobre los sudori?ficos y con especialidad de la pilocarpina como un poderoso auxiliar en el tratamiento de la si?filis,1885,-,1,32,32,,Estudio; sudorificos; especialidad; pilocarpina; tratamiento,https://collections.nlm.nih.gov/catalog/nlm:nlmuid-101611919-bk,,Si,Español,Monografía,Ciencias de la vida,-,-,-,-,-
"Jonstonus, Johannes",Dendrographias sive historiae naturalis de arboribus et fructibus tam nostri qvam peregrini orbis: figuris acis adornati.,1662,-,1,477,477,,"Dengrographias, naturalis; arboribus; fruticibus",https://books.google.ht/books?id=8WxFXj1tfjoC&printsec=frontcover&hl=fr&source=gbs_vpt_reviews#v=onepage&q&f=false,,Sí,Latín,Monografía,Ciencias de la vida,-,-,-,-,-
Jourdanet,Yerba del perro o Itzquinpatli,1886,21,203,203,1,,Yerba perro; Itzquinpatli,-,,No,Español,Artículo,Ciencias de la vida,"Pág. 226, 251, 275, 299 y 323",-,21,-,-
"Antoine Laurent, Jussieu de",Sur le Solanum cornutum du Mexique,1804,-,-,-,-,,Solanum; cornutum; Mexique,https://books.google.com.mx/books/about/Sur_le_Solanum_cornutum_du_Mexique.html?id=SZlOGwAACAAJ&redir_esc=y,,No,Francés,Monografía,Ciencias de la vida,-,-,-,-,-
"Kauffmann, Nikolái",Entwickl der Cacteenstacheln; über d. Natur D. Stacheln,1859,-,-,-,-,,Cacteenstacheln; über; stacheln,-,,Sí,Alemán,Monografía,Ciencias de la vida,-,-,-,8,-
"Kerber, Edmund",Jacaratia conica n. sp.,1883,VI,279,284,5,,Jacaratia conica,https://www.zobodat.at/publikation_articles.php?id=464074,,Si,Alemán,Artículo,Ciencias de la vida,-,-,-,2,-
"König-Warthausen, Richard Karl Wilhelm von",Eine achfach blühende. Agave americana,1856,-,205,208,3,,Agave americana,https://www.biodiversitylibrary.org/item/273078#page/221/mode/1up,,Sí,Francés,Artículo,Ciencias de la vida,-,-,-,-,-
"Kickx, Jean",Notice sur quelques champignons du Mexique,1841,-,1,18,18,,Champignons Mexique,https://plants.jstor.org/stable/10.5555/al.ap.visual.nymlc03110?searchUri=,,No,Francés,Monografía,Ciencias de la vida,-,-,-,-,-
"Koch, Karl Heinrich Emil",Die Agaveen,1860,-,3,4,2,,Agaveen; Gaertneirei; Pflanzenkunde,https://www.biodiversitylibrary.org/item/24911#page/11/mode/1up,,Sí,Alemán,Artículo,Ciencias de la vida,"Continua en la página 12,20, 26,36,46,53,61",-,-,-,-
"Koch, Wilhelm Daniel Joseph","Synopsis florae Germanicae et Helveticae exhibens stirpes phanerogamas et vasculares cryptogamas rite cognitas, quae in Germania, Helvetia, Borussia et Istria sponte crescunt atque in hominum usum copiosius coluntur, secundum systema Candolleanum digestas, praemissa generum dispositione secundum classes et ordines systematis Linnaeani conscripta",1837,1,1,452,452,,Synopsis; florae; Bernanicae; Helveticae,https://www.biodiversitylibrary.org/item/29532#page/5/mode/1up,,Sí,Latín,Monografía,Ciencias de la vida,-,1,-,-,-
"Koch, Wilhelm Daniel Joseph",Synopsis der deutschen und schweizer flora,1837,2,1,840,840,,Synopsis; deutschen; schweizer; flora,https://bibdigital.rjb.csic.es/records/item/11249-redirection,,si,Alemán,Monografía,Ciencias de la vida,Se compone de 2 volumenes,2,-,2,-
"Koch, Wilhelm Daniel Joseph","Index generum, specierum, et synonymorum",1838,-,1,102,102,,Index; Specierum; synonymorum,https://www.biodiversitylibrary.org/item/29359#page/5/mode/1up,,Sí,Latín,Monografía,Ciencias de la vida,,,,,
"Koch, Wilhelm Daniel Joseph","Synopsis florae Germanicae et Helveticae exhibens stirpes phanerogamas et vasculares cryptogamas rite cognitas, quae in Germania, Helvetia, Borussia et Istria sponte crescunt atque in hominum usum copiosius coluntur, secundum systema Candolleanum digestas, praemissa generum dispositione secundum classes et ordines systematis Linnaeani conscripta",1843,1,1,844,844,,Synopsis florae,https://bibdigital.rjb.csic.es/records/item/11453-redirection,,Sí,Latín,Monografía,Ciencias de la vida,Parte 2 (p.451-964); Parte 3 (963-1164),2,-,8,-
"Koch, Karl Heinrich Emil","Hortus dendrologicus : Verzeichnis der Bäume, Sträucher und Halbsträucher, die in Europa, Nord- u. Mittelasien, im Himalaya und in Nordamerika wild wachsen und möglicher Weise in Mitteleuropa im Freien ausdauern; nach dem natürlichen Systeme und mit Angabe aller Synonyme, so wie des Vaterlandes, aufgezählt und mit einem alphabetischen Register versehen",1853,-,1,354,354,,Hortus dendrologicus; Verzeichnis; Bäume; Halbsträucher; Europa; Mittelasien; Himalaya; Nordamerika,https://reader.digitale-sammlungen.de/de/fs1/object/display/bsb10302055_00006.html,,Sí,Alemán,Monografía,Ciencias de la vida,-,-,-,-,-
"Körnicke, Friedrich August",Vorläufige Mittheilungen über den Mais,1872,-,1,16,16,,Ueber; Mais,https://books.google.com.mx/books/about/Vorl%C3%A4ufige_Mittheilungen_%C3%BCber_den_Mais.html?id=sdNwwQEACAAJ&redir_esc=y,,No,Alemán,Monografía,Ciencias de la vida,-,-,-,-,
"Kotschy, Karl Georg Theodor",Überblick der Vegetation Mexico'sberblick der Vegetation Mexico's,1852,-,1,11,11,,Vegetation; Mexico,https://books.google.com.mx/books/about/%C3%9Cberblick_der_Vegetation_Mexico_s.html?id=LD4-AAAAcAAJ&redir_esc=y,,No,Alemán,Monografía,Ciencias de la vida,-,-,VIII,8,-
"Krause, Carlos",Memoria sobre el cultivo del Tabaco,1893,-,1,112,112,,Cultivo; tabaco,https://archive.org/details/memoriasobreelc00krau/page/n1,,Sí,Español,Monografía,Ciencias de la vida,-,-,4,-,-
"Kuhn, Friedrich Adalbert Maximilian",Beiträge zur mexicanischen Farnflora,1870,-,1,47,47,,Mexicanischen; Farnflora,https://babel.hathitrust.org/cgi/pt?id=uc1.c026305621&view=1up&seq=3,,Sí,Alemán,Monografía,Ciencias de la vida,-,-,-,4,-
"Kunth, Karl Sigismund; Freiherr von Humboldt, Friedrich Wilhelm Heinrich Alexander; Bonpland, Aimé",Mimoses et autres plantes le?gumineuses du Nouveau Continent,1819,-,1,223,223,,Mimoses; plantes; Legumineuses; Nouveau Continent,https://www.worldcat.org/title/mimoses-et-autres-plantes-legumineuses-du-nouveau-continent-recueillies-par-mm-de-humboldt-et-bonpland-decrites-et-publiees-par-charles-sigismond-kunth/oclc/458091186,,No,Francés,Monografía,Ciencias de la vida,-,-,-,-,-
"Kunth, Karl Sigismund; Freiherr von Humboldt, Friedrich Wilhelm Heinrich Alexander; Bonpland, Aimé",Synopsis plantarum quas in itinere ad plagam aequinotialem orbis novi collegerunt Humboldt et Bonpland,1822,1,1,479,479,,Synopsis Plantarum; collegerunt Humboldt; Bonpland,https://archive.org/details/synopsisplantar02bonpgoog/page/n7,,Sí,Latín,Monografía,Ciencias de la vida,Se compone de 4 tomos,,1,-,-
"Kunth, Karl Sigismund","Enumeratio plantarum omnium hucusque cognitarum, secundum familias naturales disposita, adjectis characteribus, differentiis et synonymis",1833,1,1,606,606,,Enumeratio plantarum; familias naturales,https://www.biodiversitylibrary.org/item/134934#page/9/mode/1up,https://doi.org/10.5962/bhl.title.67381,Sí,Latín,Monografía,Ciencias de la vida,Se compone de 5 volumenes,-,1,-,-
"Kunze, Gustav",Filices a Leibold in Mexico Lactae,1835,18,303,352,49,,FIlices; Leibold; Mexico,https://babel.hathitrust.org/cgi/pt?id=iau.31858016320339&view=1up&seq=1,,Sí,Latín,Artículo,Ciencias de la vida,"Extracto de Linnaea, v. 18. Título de la leyenda.",-,18,-,-
"Kunze, Gustav",Additamentum enumerationis Filicum mexicanarum,1839,13,129,153,24,,Additamentum; Filicum mexicanarum,https://books.google.com.mx/books?id=DlI-AAAAcAAJ&pg=PA129&lpg=PA129&dq=Additamentum+enumerationis+Filicum+mexicanarum&source=bl&ots=07bi98Woh_&sig=ACfU3U0HKQ5P84vdIJGSoZfcG7CmoZxhgw&hl=es&sa=X&ved=2ahUKEwjIrIqL28TsAhUWLs0KHYBbDLIQ6AEwAXoECAkQAg#v=onepage&q=Additamentum%20enumerationis%20Filicum%20mexicanarum&f=false,,Si,Latín,Artículo,Ciencias de la vida,-,-,5,-,-
"Labastida, Sebastián",Dos observaciones sobre el Jaborandi,1879,14,360,362,3,,Observaciones; Jaborandi,http://www.anmm.org.mx/bgmm/1864_2007/1879-14-18-360-362.pdf,,Si,Español,Artículo,Ciencias de la vida,,-,14,-,-
"Labouret, J.","Mongraphia de la famille d. Cactées comprenant la synonymie, les diverses methodes de classification proposees jusqu´a ce jour pour sa division en Genres et Sons-Genres, et quelques notes sur la Germination es la Physiologie; suevie d´un traite complet de culture et d´une table alphabetique des especes et varietes",1858,-,1,682,682,,Famille; Cactées;,https://www.biodiversitylibrary.org/item/183304#page/3/mode/1up,,Sí,Francés,Monografía,Ciencias de la vida,-,-,-,8,-
"Lagasca y Segura, Mariano",Genera et specíes plantarum quas aut novas sunt aut nondum recte cognoscuntur,1816,-,1,35,35,,Species; Plantarum: novae; cognoscuntur,https://babel.hathitrust.org/cgi/pt?id=ucm.5315118048;view=1up;seq=1,https://bibdigital.rjb.csic.es/medias/0c/21/6b/63/0c216b63-e42b-47c4-aa22-bc5bba224987/files/LagGen.pdf,Sí,Latín,Monografía,Ciencias de la vida,-,-,4,-,-
"Lagasca y Segura, Mariano","Elenchus plantarum quae en Horto Regio Botanico Matritensi colebantur anno MDCCCXV: cum novarum, aut minus cognitarum Stirpium diagnosisi, nonnullarumque descriptionibus contractis",1816,-,1,86,86,,Elenchus Plantarum; Botanico Matritensi,https://babel.hathitrust.org/cgi/pt?id=hvd.32044107267080;view=1up;seq=4,,Sí,Latín,Monografía,Ciencias de la vida,"paginacion: [8], 20, 35, 12, [2]",-,4,-,-
"Laguna, Máximo",Ateneo de Madrid. La Flora Americana. Conferencia de D. Máximo Laguna,1892,1,5,35,30,,Flora Americana,https://www.ateneodemadrid.com/biblioteca_digital/folletos/Folletos-0056.pdf,,Sí,Español,Folleto,Ciencias de la vida,,,,-,-
"Laisne de Villevéque, Gabriel Jacques","Cultivo, Producto, Consumo y Exportación de Tabaco en Yucatán.",1859,1,317,328,12,,Cultivo; Tabaco en Yucatan,https://babel.hathitrust.org/cgi/pt?id=nyp.33433007325065&view=1up&seq=335,,Sí,Español,Artículo,Ciencias de la vida,,,1,9,-
"Lamarck, Jean Baptiste Pierre de Monet de",Tableau encyclopédique et méthodique des trois régnes de la nature. Botanique.,1791,I,1,488,488,,Tableau encycloédique;Trois régnes; Nature botnique,https://archive.org/details/tableauencyclopd21791brug/page/n7,,Sí,Francés,Monografía,Ciencias de la vida,-,-,-,4,-
"Landero y Cos, Francisco",Algodón. Informe sobre el cultivo y producción del algodón en el Distrito de Jalapa.,1869,1,891,894,4,,Aldodón; cultivo y producción; Jalapa,https://babel.hathitrust.org/cgi/pt?id=mdp.39015008360623&view=1up&seq=933,,Sí,Español,Artículo,Ciencias de la vida,2da época,-,1,-,-
"Lange, Johan Martin Christian",Hypopityeas mexicana et centrali-americana. Videnskabdige Meddelelser,1868,-,112,121,12,,Hypopityeae mexicanae; centrali-americanae,https://babel.hathitrust.org/cgi/pt?id=hvd.32044107245060;view=1up;seq=1,,Sí,Latín,Artículo,Ciencias de la vida,-,-,-,-,-
"Larrainzar, Manuel",Noticia histórica de Soconusco y su incorporación á la República Mexicana.,1843,-,1,193,193,,Sonoconusco; incorporación; Republica Mexicana,https://archive.org/details/noticiahistrica01larrgoog/page/n23?q=Noticia+hist%C3%B3rica+de+Soconusco+y+su+incorporaci%C3%B3n+%C3%A1+la+Rep%C3%BAblica+Mexicana,,Sí,Español,Monografía,Ciencias de la vida,-,-,-,-,-
"Larreátegui, José Dionisio","Respuesta apologética de D. Joseph Dionisio Larreátegui, cursante de Medicina y Botánica en esta capital, á los ""Suplementos de la Gaceta de Literatura"" del 5 de Noviembre de 1794 y 30 de Enero de 1795.",1795,-,-,-,-,,Respuesta; Medicina y botánica,*,,No,Español,Monografía,Ciencias de la vida,-,-,-,-,-
"Larreátegui, José Dionisio",Descripciones de plantas. Discurso que en la abertura del estudio de botánica de 1 de Junio ??de 95 pronunció en el Real Jardin de México,1895,,1,48,48,,Descripciones; Plantas; Estudio botánica,https://archive.org/details/b29313260/page/n7,,Si,Español,Monografía,Ciencias de la vida,-,-,-,-,-
"Casas, Fray Bartolomé de las","Apologética historia cuanto á las cualidades, disposición y suelo destas tierras, y condiciones naturales, policías, repúblicas, manera de vivir y costumbres de las gentes destas Indias occidentales y meridionales, cuyo imperio soberano pertenece á los Reyes de Castilla",-,-,1,697,697,,"Historia; disposición; Tierras; costumbres, gentes indias; occidentales; meridionales",https://sites.bu.edu/american-egypt/files/2020/02/Apologetica-Historia-Sumaria.pdf,,Si,Español,Monografía,Ciencias de la vida,-,-,1,-,-
"Laso Vega, José M. de la","Cantidades de tanino en las cortezas de Paraca, Nananchi y Timbe.",1879,,49,54,5,,Tanino; cortezas; Paraca; Nananchi; Timbe,https://www.biodiversitylibrary.org/item/121663#page/61/mode/1up,http://ahcm.bfm.cinvestav.mx/AHCM/DocumentoController/detalleDocumento/AHCM:0016-3813.28.5,Sí,Español,Artículo,Ciencias de la vida,-,-,4,-,-
"Laso Vega, José M. de la",Falsas quinas.,1886,-,5,5,1,,Falsas; Quinas,http://ahcm.bfm.cinvestav.mx/AHCM/DocumentoController/detalleDocumento/AHCM:MEX0-0101.4:49,,Sí,Español,artículo,Ciencias de la vida,-,-,21,,-
"Lasegue, Antonio",Mussée botanique de Benj. Delessert. Not. s les collect. de plantes et la biblioth. qui le composent.,1845,-,1,588,588,,Musée botanique de Benj Delessert; collect plantes,https://www.biodiversitylibrary.org/item/230939#page/7/mode/1up,,Sí,Francés,Monografía,Ciencias de la vida,-,-,-,-,-
"Laterrade, Charles M.","L'Agave geminiflora. Actes - Société linnéenne de Bordeaux, Volúmenes 15-16",1847,,105,114,9,,Agave; geminiflora,https://books.google.com.mx/books?id=7LobAAAAMAAJ&printsec=frontcover&source=gbs_ge_summary_r&cad=0#v=onepage&q&f=false,,Si,Francés,Artículo,Ciencias de la vida,-,-,XV,V,-
"Leclercq, Jules","Voyage au Mexique, de New York a Vera-Cruz, en suivant les routes de terre",1885,,1,446,446,,Voyage; Mexique; New-York; Veracruz,https://archive.org/details/voyageaumexiqued00lecl/page/n5,,Sí,Francés,Monografía,Ciencias de la vida,-,-,-,-,
"Legorreta, Manuel M. de",Un nuevo medicamento. La Cocolmeca.,1886,2,273,276,4,,Medicamento; Cocolmeca,*,,No,Español,Artículo,Ciencias de la vida,2da época,-,2,-,-
M. Le Grand,Sur la naturalisation dans le Roussillon de l'Agave americana.,1867,-,95,96,2,,Naturalisation;I´Agave americana,https://www.tandfonline.com/doi/pdf/10.1080/00378941.1870.10827537?needAccess=true,https://doi.org/10.1080/00378941.1870.10827537,Sí,Francés,Artículo,Ciencias de la vida,-,-,17,2,-
"Lehmann, Johann George Christian",GenerísNicotianarum Historia.,1818,-,1,52,52,,Generis Nicotianarum; Historia,https://archive.org/details/generisnicotian00lehmgoog/page/n65?q=Generis+Nicotianarum+Historia,,Sí,Latín,Monografía,Ciencias de la vida,-,-,-,-,-
"Martínez de Lejarza; Alday, Juan José",Orchidianum opusculum.,1824,,1,43,43,,Orchidianum; opusculum,https://books.google.com.mx/books?id=hO5hAAAAcAAJ&printsec=frontcover&source=gbs_atb&redir_esc=y#v=onepage&q=orchidianum&f=false,,No,Latín,Artículo,Ciencias de la vida,-,-,-,-,-
"Lejeune, Louis","Cultivo del Tabaco en México. Memoria sobre el tabaco del Valle de Santa Rosa, en el Estado de Oaxaca. Dirigida al Sr. Gustavo Luis de Coutouly, Ministro de Francia.",1885,-,1,46,46,,Cultivo; tabaco; México; memoria; Valle; Santa Rosa,https://www.biodiversitylibrary.org/item/60641#page/1/mode/1up,https://doi.org/10.5962/bhl.title.20663,Sí,Español,Monografía,Ciencias de la vida,-,-,-,-,-
"Lemaire, Charles Antoine",Cactearum aliquot novarum ac insuetarum in horto Monvilliano cultarum accurata descriptio.,1838,-,1,40,40,,Cactearum; novarum; horto Monvilliano; accurata;descriptio.,https://archive.org/details/cactearumaliquo00lemagoog/page/n4/mode/2up?q=Cactearum+aliquot+novarum+ac+insuetarum+in+horto+Monvilliano+cultarum+accurata+descriptio,,Sí,Francés,Monografía,Ciencias de la vida,Fasciculo primero,-,-,-,-
"Lemaire, Charles Antoine","Iconographie descriptive des cactées, ou, Essais systématiques et raisonnés sur l'histoire naturelle, la Classification et la culture des plantes de cette famille",1841,-,1,28,28,,Iconographie descript; cactées; systématiques; cette famille,https://www.biodiversitylibrary.org/item/9923#page/6/mode/1up,https://doi.org/10.5962/bhl.title.508,Sí,Francés,Monografía,Ciencias de la vida,-,-,-,-,-
"Lemaire, Charles Antoine","Les Cactées, Histoire, patrie, organes de vegetation, inflorescence culture, etc",1869,-,1,136,136,,Cactées;histoire; organes; vegetation; culture,https://ia802708.us.archive.org/18/items/bub_gb_Qu_WZxpub0oC/bub_gb_Qu_WZxpub0oC.pdf,https://ia802708.us.archive.org/18/items/bub_gb_Qu_WZxpub0oC/bub_gb_Qu_WZxpub0oC.pdf,Sí,Francés,Monografía,Ciencias de la vida,-,-,-,-,-
"Leppmann, A.","Not. hist. circa medie, e Novo Orbe nobis aliata.",1849,,-,-,-,,Not. hist; Novo orbe,-,,No,Latín,-,Ciencias de la vida,-,-,-,-,-
"León, Andrés de","Practico de morbo gálico, en el cual se contiene el origen y conocimiento de esta enfermedad y el mejor modo de curarla.",1605,-,1,128,128,,Morbo gálico; enfermedad; curarla,http://www.bibliotecavirtualdeandalucia.es/catalogo/es/consulta/registro.cmd?id=7193,,Sí,Español,Monografía,Ciencias de la vida,-,-,-,-,-
"León de la Peña, Carlos",Ligero estudio sobre la capitaneja: tésis que para el exámen profesional de farmacia presenta,1881,-,1,22,22,,Estudio; Capitaneja,https://collections.nlm.nih.gov/catalog/nlm:nlmuid-101598686-bk,,Si,Español,Monografía,Ciencias de la vida,"Reimp. en ""El Estudio"".",-,-,-,-
"León, Juan J.",La Cochinita ó Quiebramuelas (Asclepias curasiviaca).,1859,-,471,473,2,,Cochinita; Quiebranmuelas,https://babel.hathitrust.org/cgi/pt?id=nyp.33433007325065;view=1up;seq=492,,Sí,Español,Artículo,Ciencias de la vida,,-,1,-,-
"León, Nicolás de",Las semillas que saltan.,1886,-,1,2,2,,Semillas; saltan,-,,No,Español,Artículo,Ciencias de la vida,"Se público el mismo articulo en ""Gaceta Oficial delGobierno de Michoacán"" tomo 1, Morelia 1886",-,-,4,-
"León, Nicolás de",La Huanita.,1886,-,-,-,-,,Huanita,-,,No,Español,Artículo,Ciencias de la vida,-,-,1,-,-
"León, Nicolás de",La Huanita. Artículo segundo.,1886,-,-,-,-,,Huanita; artículo segundo,-,,No,Español,Artículo,Ciencias de la vida,-,-,-,-,-
"León, Nicolás de",Manual para el cultivo y beneficio de la Vainilla en Michoacán.,1886,,1,25,25,,Manual; cultivo; Vainilla; Michoacán,-,,No,Español,Monografía,Ciencias de la vida,-,-,-,-,-
"León, Nicolás de",Botánica Médica. La semilla del Cedrón.,1887,-,3,5,2,,Botánica; semilla; Cedron,-,,No,Español,Artículo,Ciencias de la vida,-,-,1,2,-
"León, Nicolás de",Notas de Botánica. Extracto de las lecciones orales hechas á las alumnas de la cátedra de Botánica de la Academia de Niñas del Estado de Michoacán de Ocampo.,1889,-,1,204,204,,Notas; botánica; lecciones; alumnas; cátedra; botánica; Michoacan,http://www.ccc3m.com/producto/notas-de-botanica-extracto-de-las-lecciones-orales-hechas-a-las-alumnas-de-la-catedra-de-botanica-de-la-academia-de-ninas-del-estado-de-michoacan-de-ocampo-por-el-dr-nicolas-leon-primera-parte-b/,,Si,Español,Monografía,Ciencias de la vida,1° parte. Botánica general,-,-,16,-
"León, Nicolás de",Notas de Técnica Microscópico-vegetal: extracto de las lecciones orales hechas a las alumnas de la cátedra de Botánica de la Academia de Niñas del Estado de M de Ocampo,1890,,1,38,38,,Notas; Técnica; Microscopico-vegetal; lecciones; alumnas; catedra,-,,No,Español,Monografía,Ciencias de la vida,2da parte,-,-,16,-
"León, Nicolás de",Cultivo de plantas en maceta.,1890,-,1,16,16,,Cultivo plantas; maceta,-,,No,Español,Monografía,Ciencias de la vida,-,-,-,16,-
"León, Nicolás de",Apuntamientos biográficos del ilustre naturalista michoacano D. Juan José Martínez de Lejarza.,1891,-,-,-,-,,Apuntamientos; naturalista; michoacano; Juan José,-,,No,Español,Artículo,Ciencias de la vida,-,-,-,-,-
"León, Nicolás de",Contribuciones para la Botánica de Michoacán.,1892,,5,7,3,,Contribuciones; botánica; Michoacan,https://archive.org/details/101282180.nlm.nih.gov/page/n7,,SI,Español,Artículo,Ciencias de la vida,,,1,8,-
"León, Nicolás de","Botánica Médica. Rectificación sobre la determinación botánica del vegetal llamado en tarasco Guachacata, clasificado por D. Crescencio García como Bignonia.",1892,-,7,7,1,,Rectificación; determinación; vegetal; Tarasco; Guachacata,-,,No,Español,Artículo,Ciencias de la vida,-,-,-,7,-
"León, Nicolás de","El Escolar Naturalista. Instrucciones para la recolección y preparación urgente por los niños, en las excursiones escolares, de los ejemplares de Historia Natural.",1894,-,1,46,46,,Instrucciones; recolección; preparación; niños; excursiones,https://play.google.com/store/books/details/Nicol%C3%A1s_Le%C3%B3n_El_Escolar_naturalista?id=ODNx4mZcH8cC&hl=in,,No,Español,Monografía,Ciencias de la vida,-,-,-,16,-
"León, Nicolás de","Nombres de algunos vegetales en tarasco, con su correspondiente clasificación científica.",-,-,3,5,2,,Nombres; Vegetales; Tarasco; clasificación científica,-,,No,Español,Artículo,Ciencias de la vida,-,-,-,5,-
"León, Nicolás de",Noticias bio-bliográficas del Dr. Francisco Hernández y de Fr. Francisco Ximénez é identificación científica de algunas plantas y animales contenidos en la obra de este último.,-,-,1,411,411,,Noticias bio-bliográficas: identificación cientifica; plantas; animales,-,,No,Español,Monografía,Ciencias de la vida,Págs. 1-411 de la 2° edición de la obra de Fr. Francisco Ximénez,2,-,-,-
"León Navarro, Octaviano",Jicama de puerco. Dolichos porcinis ó trifoliácea.,1893,1,23,23,1,,Jicama de puerco; Dolichos porcinis; trifoliácea,http://cdigital.dgb.uanl.mx/la/1030020902/1030020902.PDF,,Sí,Español,Monografía,Ciencias de la vida,-,1,,4,-
"Lescano, Antenor",Camote del cerro,1873,,84,85,1,,Camote; cerro,http://www.hndm.unam.mx/consulta/publicacion/visualizar/558075be7d1e63c9fea1a1ec?intPagina=177&tipo=publicacion&anio=1872&mes=11&dia=01,,Si,Español,Artículo,Ciencias de la vida,-,-,,4,-
"Lescano, Antenor",Cultivo de algodón,1873,,200,201,1,,Cultivo; algodón,http://www.hndm.unam.mx/consulta/publicacion/visualizar/558075be7d1e63c9fea1a1ec?intPagina=195&tipo=publicacion&anio=1872&mes=11&dia=01,,Sí,Español,Artículo,Ciencias de la vida,Año 1,-,,1,
"Lescano, Antenor","Curso elemental de Agricultura (Agronomía), por Anterior Lescano, que comprende lo siguiente: Agricultura y su definición; Labores é instrumentos, descuajos; Labores ordinarias ó¡ de yunta; Aporques, Rastrillaje, Rodillos y sus labores; Binajes, Siembras, ídem al vuelo; Sembradoras mecánicas; Drenaje, Irrigaciones, Barbechos, Cultivos alternos. La tierra, su origen y noticias cosmográficas; formación de los suelos arables, su composición química y clasificación, Tierra vegetal; Suelos arenosos, calcáreos, humíferos; Diferentes sistemas de clasificación de las tierras agrícolas; Propiedades físicas del suelo; Análisis de las tierras arables; Abonos, Yeso ó sulfato de cal; Marga, Cieno de mar, Cenizas, Arcilla, Sales amoniacales, Carne muscular; Abonos verdes, Estiércoles ó abonos de establos, etc., etc.",1881,1,-,-,-,,Curso; Agricultura,-,,No,Español,Monografía,Ciencias de la vida,-,-,-,4,-
"Liebmann, Frederik Michael",En plantegeographisk Skildring af VulKanen Orizaba,1842,III,371,596,225,,Plantegeographisk; Skildring; Vulcanen Orizaba,https://www.biodiversitylibrary.org/item/197156#page/583/mode/1up,,Sí,Danés,Artículo,Ciencias de la vida,-,-,-,-,-
"Liebmann, Frederik Michael",Nachrichten über die Reise der Danischen Botanikers Liebmann in Mexico,1843,26,108,118,10,,Danischen; Botanikers Liebmann; Mexico,https://www.biodiversitylibrary.org/item/940#page/109/mode/1up,,Sí,Alemán,Artículo,Ciencias de la vida,-,-,-,-,-
"Liebmann, Frederik Michael","Foredrag over nye Roclparasiter henhorende tel Balanophorernes, Cytineernes, Orobranchiernees og Monotropieernes Familer, sumtlige Former af den Mexicanske Flora.",1844,IV,177,184,7,,Foredrag; Rodparasiter; henhorende; Balanophorernes; Cytineerses; Orobrnchiernees; Momotropieernes; Familier; Mexicanske Flore,https://www.biodiversitylibrary.org/item/197089#page/214/mode/2up,,Si,Danés,Artículo,Ciencias de la vida,-,-,-,5,-
"Liebmann, Frederik Michael","Ny Orchidee -Skegt (Androchilus campestris) henhorende til Mexicos terrestres Former, som udmaerkede sig ved Tilstedevarelsen af en fuldstaendig udviklet Stovdrager med Filament og tilhaeftede Anther.",1844,IV,197,199,3,,Orchidee-Slaegt; Mexicos; terrestres Former,https://www.biodiversitylibrary.org/item/197089#page/214/mode/2up,,Si,Danés,Artículo,Ciencias de la vida,-,-,-,-,-
"Liebmann, Frederik Michael",Nogle biologiske Maerkeligheder ved flore Mejicanske Arter af Slaegten. Cuscuta.,1844,IV,193,197,3,,Biolosgiske maerkeligheder; flore Mexicansk; Arler; Slaegten,https://www.biodiversitylibrary.org/item/197089#page/214/mode/2up,,Si,Danés,Artículo,Ciencias de la vida,-,-,-,-,-
"Liebmann, Frederik Michael","Same fremlagde Agbildninger og 4 nye Mexicanske Cycadeer. og aflaste derpaa folgende Afhandling om Cycadeernes Plads i Systemet, navnlig med Hensyn til Reichenbach´s Anskueleser",1844,IV,204,214,2,,Agbildninger; 4 nye; Mexicanske Cicadeer.,https://www.biodiversitylibrary.org/item/197089#page/214/mode/1up,,Si,Danés,Artículo,Ciencias de la vida,-,-,-,-,-
"Liebmann, Frederik Michael",Oplysninger angagende Guaco.,1844,IV,202,204,2,,Oplysninger; angagende Guacco,https://www.biodiversitylibrary.org/item/197089#page/212/mode/1up,,Si,Danés,Artículo,Ciencias de la vida,-,-,-,-,-
"Liebmann, Frederik Michael",Vegetation des Piks von Orizaba,1844,-,688,797,110,,Vegetation; Piks Orizaba,-,,No,Alemán,Monografía,Ciencias de la vida,En:Botanische Zeitung,,,,
"Liebmann, Frederik Michael",Udsigt over Lycopodiaceemes Forhold i Mexico. Oversigt.,1847,-,37,43,7,,"Usdigt, Lydopodiaceernes; Mexico",-,,No,Danés,Artículo,Ciencias de la vida,-,-,-,-,-
"Liebmann, Frederik Michael",Om Mexicos Podostemoner. Skand. Förhandl.,1847,V,508,515,8,,Mexicos Podostemoner; skand,https://www.biodiversitylibrary.org/item/197177#page/532/mode/1up,,Sí,Danés,Artículo,Ciencias de la vida,-,-,-,-,-
"Liebmann, Frederik Michael","Mexicos Bregner, en systematisk, critisk, plantegeographisk undersögelse.",1848,-,154,322,168,,Mexicos bregner; plantegeographisk; plantegeographisk; Mexicos; Central-Americas; Urticaeae; Cypereceae,https://www.biodiversitylibrary.org/item/120976#page/7/mode/1up,https://doi.org/10.5962/bhl.title.59220,Si,Noruego,Monografía,Ciencias de la vida,-,-,-,4,-
"Liebmann, Frederik Michael",Mexicos Halvgraes (Cyperace®) bcarbcidede efter Forgaengernes og egne materialir,1850,-,-,-,-,,Mexicos Halvgraes; Forgaiengernes; Materialir; Kjobenhaon,-,,No,Danés,Monografía,Ciencias de la vida,-,-,-,4,-
"Liebmann, Frederik Michael","To nye Valnodartes fra Mexico. (""Inglans pyriformis, Carya tetraptera"").",1850,,78,80,2,,Nye; Valnodartes; Mexico,-,,No,Danés,Artículo,Ciencias de la vida,-,-,-,-,-
"Liebmann, Frederik Michael",Mexico's og Central-Amerika's Urticaceae et Cyperaceae.,1851,-,-,-,-,-,Mexicos; centras-amerik´as; urticceae; cyperaceae,-,,No,Danés,-,Ciencias de la vida,-,-,-,-,-
"Liebmann, Frederik Michael",Novarum plantarum mexicanarum generum decas.,1853,-,90,107,17,,Novarum; plantarum; mexicanarum; generum decas,-,,No,Latín,Artículo,Ciencias de la vida,-,-,-,-,-
"Liebmann, Frederik Michael; Orsted, Anders Sandoe","Chênes de l'Amérique tropicale: iconographie des espèces nouvelles ou peu connues. Ouvrage posthume, achevé et augmenté d'un aperçu sur la classification des chênes en général",1868,-,1,31,31,,Chenes; Amerique tropicale,https://books.google.com.mx/books/about/Ch%C3%AAnes_de_l_Am%C3%A9rique_tropicale.html?id=Ki-1HAAACAAJ&redir_esc=y,,No,Francés,Monografía,Ciencias de la vida,-,-,-,-,-
"Liebmann, Frederik Michael","Americas egevegetation; Novarum plantarum mexicanarum generum decas; Mexicos Aroideer, Mexicos Juncaceer, Mexicos Begonier, Mexicos Rubi, Mexicos og Central-Americas; neldeaglige Planter Urticae, Moreae; Artocarpear og Ulmaceae.",-,-,-,-,-,,Americas agevegetation; plantarum mexicanarum; Mexicos Aroideer; Juncaceer; Begonier; Mexicos Rubi;Central-Americas; Planter UrticaeM Moreae; Artocarpeae; Ulmaceae,-,,No,Danés,-,Ciencias de la vida,-,-,-,-,-
"Liguistin, H.","Empoisonnement observé sur les chevaux et mulets du corps expéditionnaire du Mexique, lors du passage de l'armée au Río Frío. Sabadilla,",1886,2,129,141,11,,Empoisonnement; chevaex; mulets; Expeditionnaire du Mexique; Río Frío,https://babel.hathitrust.org/cgi/pt?id=mdp.39015046999432;view=1up;seq=135,,Sí,Español,Artículo,Ciencias de la vida,-,-,2,-,-
"Linden, Jean Jules; Lu?ddemann, G.; Planchon, Jules-Emile; Reichenbach, Heinrich Gustav","Pescatorea: iconographie des orchide´es / par J. Linden ... con la colaboración de mm. JE Planchon, m. G. Reichenbach, G. Luddemann.",1860,1,1,102,102,,Pexcatorea; Iconographie; Orchidees,https://www.biodiversitylibrary.org/item/111245#page/6/mode/1up,,Sí,Francés,Monografía,Ciencias de la vida,7 volumenes en total,-,1,-,-
"Linden, Jean Jules; Linden, Lucien; Rodigas, Emile; Cogniaux, Alfred","Lindenia. Iconographie d. Orchidées dir. etréd. p. J. Linden, L. Linden, E. Rodigas et R. A. Rolf.",1885,1,1,62,62,,Lindenia; Iconographied; Orchidées,https://www.biodiversitylibrary.org/item/256597#page/1/mode/1up,,Sí,Francés,Monografía,Ciencias de la vida,17 volumenes en total,-,1,-,-
"Linneo, Carlos von","Hortus Cliffortianus Plantas exhibens quas In Hortis tam Vivis quam Siccis, Hartecampi in Hollandia, coluit vir nobilissimus & generosissimus Georgius Clifford juris utriusque doctor, Reductis Varietatibus ad Species, Speciebus ad Genera, Generibus ad Classes, Adjectis Locis Plantarum natalibus Differentiisque Specierum. Cum tabulis aeneis. / Auctore Carolo Linnaeo, Med. Doct. & Ac. Imp. N. C. Soc.",1738,1,1,502,502,,Hortus; plantas; hortis; Hartecampi; Hollandia; nobilissimus; Varietatibus; Species; genera,https://bibdigital.rjb.csic.es/records/item/11198-redirection,,Sí,Latín,Monografía,Ciencias de la vida,-,2,-,11,-
"Linneo, Carlos von","Hortus Upsaliensis, Exhibens plantas exoticas, Horto Upsaliensis Academiae a sese illatas, Ab anno 1742, in annum 1748, Additis Differentiis, Synonymis, Habitationibus, Hospitiis, Rariorumque Descriptionibus, In gratiam Studiosae juventutis",1748,1,1,306,306,,Hortus; Exhibens; exóticas; Upsaliensis Academiae,https://bibdigital.rjb.csic.es/records/item/13434-redirection,,Sí,Latín,Monografía,Ciencias de la vida,-,-,-,-,-
"Linneo, Carlos von","Amoenitates academicae seu dissertationes variae physicae, medicae botanicae antehac seorsim editae nunc collectae et auctae cum tabulis aeneis.",1749,1,1,563,563,,Amoenitates; dissertationes; botanicae; seorsim; collectae; tabulis,https://bibdigital.rjb.csic.es/records/item/11557-amoenitates-academicae-volumen-primum,,Sí,Latín,Monografía,Ciencias de la vida,-,-,-,8,-
"Linneo, Carlos von","Species plantarum: exhibentes plantas rite cognitas, ad genera relatas, cum differentiis specificis, nominibus trivialibus, synonymis selectis, locis natalibus, secundum systema sexuale digestas,",1753,1,-,-,-,,Species plantarum,https://books.google.com.mx/books?id=VmwZAAAAYAAJ&hl=es&source=gbs_similarbooks,,Sí,Latín,Monografía,Ciencias de la vida,2 tomos en total,-,2,-,-
"Linneo, Carlos von","Amoenitates academicae seu dissertationes botanicae antehac seorsim editae, nunc primum methodice dispositae & auctae, cum tabulis aeneis. / Curante Joan, Emman. Gilibert, Med. Doct. Botan. Profess. Provinciae. Lugd. pro epidemiis Proto-Medico. Nosocomii generales Lugd. Medico. Acad. Scient. Lugd. &c. ; Tomus I",1786,1,1,604,604,,Amoenitates; dissertationes; methodice; Tomus I,https://bibdigital.rjb.csic.es/records/item/12968-amoenitates-academicae-curante-joan-emman-gilibert-tomus-i,,Sí,Latín,Monografía,Ciencias de la vida,3 tomos en total,-,-,-,-
"Linneo, Carlos von","Genera plantarum, eorumque characteres naturales, secundum numerum, figuram, situm et proportionem omnium fructificationis partium.",1789,1,1,379,379,,Genera plantarum,https://bibdigital.rjb.csic.es/records/item/12945-redirection,,Sí,Latín,Monografía,Ciencias de la vida,-,8,-,-,-
"Linneo, Carlos von",Systema vegetabilium.,1796,1,1,884,884,,Systema vegetabilium,https://bibdigital.rjb.csic.es/records/item/13041-redirection,,Sí,Latín,Monografía,Ciencias de la vida,2 volumenes en total,-,-,8,-
"Lindley, John",Mexican Pines.,1839,2,1,95,95,,Mexican Pines,https://ia800501.us.archive.org/15/items/mobot31753002748389/mobot31753002748389.pdf,,Sí,Inglés,Monografía,Ciencias de la vida,Se encuentra en: Edward´s botanical register (10 volumenes),-,2,-,-
"Lister, Joseph",Notices of the flowering of Agave americana.,1856,3,65,65,1,,Flowering; Agave americana,https://www.biodiversitylibrary.org/item/8627#page/2/mode/1up,,Sí,Francés,Noticia,Ciencias de la vida,-,-,-,-,-
"Lizardi, L.",El cultivo de las flores. Elementos generales de Jardinería.,1884,-,1,48,48,,Cultivo; Flores;Jardineria,-,,No,Español,Monografía,Ciencias de la vida,Se ha reimpreso muchas veces,-,16,-,-
"Lobato, José Guadalupe","Química y Phytographia microscópica, aplicadas al estudio de 1a endemia de Irapuato, atribuida á los residuos contenidos en las lamas de las haciendas de beneficio",1869,4,207,222,15,,Química; Phytographia microscopica; estudio; endemia; Irapuato; residuos,https://babel.hathitrust.org/cgi/pt?id=uc1.$b214450&view=1up&seq=229,,Sí,Español,Artículo,Ciencias de la vida,-,-,4,-,-
"Lobato, José Guadalupe",Ensayo histórico sobre el Kousso.,1870,5,14,16,2,,Ensayo histórico; Kousso,https://babel.hathitrust.org/cgi/pt?id=mdp.39015046999465&view=1up&seq=22,,Sí,Español,Ensayo,Ciencias de la vida,-,-,5,-,-
"Lobato, José Guadalupe","Los arbolados, los bosques montañosos y los planos, los jardines, las huertas y los sembrados en las comarcas geográficas intracontinentales.",1881,16,249,259,10,,Arbolados; bosques montañosos; planos; jardines; huertas; comarcas; geográficas intracontinentales,-,,No,Español,Artículo,Ciencias de la vida,Continua en las pág. 274-282,-,16,-,-
"Lobato, José Guadalupe",Estudio químico industrial de los varios productos del Maguey mexicano y análisis químico del Aguamiel y el Pulque.,1884,-,1,191,191,,Estudio; productos; Maguey Mexicano; Aguamiel; pulque,https://archive.org/details/estudioquimicoi02lobagoog/page/n9,,Sí,Español,Monografía,Ciencias de la vida,-,-,8,-,-
"Lobelius, Matthias",Plantarum seu stirpium historia.,1576,-,1,671,671,,Plantarum; Historia,https://www.biodiversitylibrary.org/item/37879#page/2/mode/1up,,Sí,Latín,Monografía,Ciencias de la vida,-,-,-,-,-
"Lobelius, Matthias",Plantarum seu stirpium icones.,1581,-,1,1123,1123,,Plantarum; stirpuim; icones,https://www.europeana.eu/portal/es/record/9200520/ark__12148_bpt6k98044c.html,,Sí,Latín,Monografía,Ciencias de la vida,-,-,-,-,-
"Löfling, Per","Petri Loefling ... Iter hispanicum, eller Resa til spanska länderna uti Europa och America, förrättad ifrån år 1751 til år 1756: med beskrifningar och rön öfver de märkvärdigaste växter",1758,-,1,316,316,,Iter hispanicum; Resa till; Europa; America,https://books.google.com.mx/books/about/Petri_Loefling_Iter_hispanicum_eller_Res.html?id=CO5EAQAAMAAJ&redir_esc=y,,Sí,Latín,Monografía,Ciencias de la vida,-,-,8,-,-
"Löfling, Per","Reise, nach den spanischen Ländern in Europa und America in den Jahren 1751-bis 1756, nebst Beobachtungen und Anmerkungen über die merkwürdigen Genwächse",1766,-,1,406,406,,Reisebeschreiburg; spanischen Zänder; Europa; America,https://www.biodiversitylibrary.org/item/148235#page/6/mode/1up,https://doi.org/10.5962/bhl.title.77395,Sí,Alemán,Monografía,Ciencias de la vida,-,-,-,-,-
"Locknero, Miguel Federico","Disertación Epistólica. De los Nuevos, i estraños Medicamentos succedaneos, ó equipolentes; especialmente del Thé, i Café, de la Botrina Mexicana.",1617,-,-,-,-,,Disertación; nuevos; medicamentos; succedaneos; equipolentes; Thé; café; Botrina Mexicana,-,,No,Español,Disertación,Ciencias de la vida,-,-,4,-,-
"Locknero, Miguel Federico","Comentatio de Ananasa, sive nuce pinea indica, vulgo Pinhas.",1716,-,1,76,76,,Comentatio; Anassa; nuce pinea; Pinhas,-,,No,Latín,Monografía,Ciencias de la vida,-,-,4,-,-
"Lochner, Juan","Disertación en carta á Berehens, médico del Rey Jorge, sobre las plantas succedáneas del Thé y Cafe, esto es, de la Botris Mexicana",-,-,-,-,-,-,Disertación; carta; Berehens; médico; plantas; thé; café; Botris Mexicana,-,,No,Español,Disertación,Ciencias de la vida,,-,-,-,-
"Longinos, José",Réspuesta de D. Vicente Cervantes sobre la Castilloa Elastica ó Arbol del Hule.,-,,-,-,-,,-,-,-,No,Español,Artículo,Ciencias de la vida,-,-,-,-,-
"Loiseleur Deslongchamps, Jean Louis August",Notice sur les plantes à ajouter à la flore de France (Flora Gallica): avec quelques correcciones y observaciones,1810,-,1,172,172,,Notice; plantes; flore; France,https://www.biodiversitylibrary.org/item/28660#page/7/mode/1up,https://doi.org/10.5962/bhl.title.6361,Sí,Francés,Monografía,Ciencias de la vida,-,-,-,-,-
"Loiseleur Deslongchamps, Jean Louis August","Flora Gallica, seu enumeratio plantarum in Gallia spontè nascentium, secundum Linnaeanum systema digestarum, addita familiarum naturalium synopsi; / auctore J. L. A. Loiseleur-Deslongchamps. Editio secunda aucta et emendata, cum tabulis XXXI. Pars prima",1828,-,1,407,407,,Flora; Gallica,https://bibdigital.rjb.csic.es/records/item/11186-redirection,,Sí,Francés,Monografía,Ciencias de la vida,Consiste en 2 partes,-,-,8,-
"López Tello, Júan",Algunas consideraciones sobre la Digital.,1878,-,1,23,23,,Consideraciones; digital,-,,No,Español,Monografía,Ciencias de la vida,-,-,-,4,-
"López Medel, Tomás","De los tres elementos, aire, agua y tierra, en que se trata de las cosas que en cada uno de ellos acerca de las Occidentales Indias, naturaleza engendra y produce comunes con las de acá ó particulares de aquel Nuevo Mundo",-,-,-,-,-,,Tres elementos; aire; agua; tierra; Occidentales Indias,-,,No,Español,Monografía,Ciencias de la vida,La 3a parte trata de los vegetales americanos y también de los llevado de España a ese continente,-,-,-,-
"López, Gregorio V.",Libro de Medicina por orden alphabético. Compuesto por el Venerable Siervo de Dios Gregorio López.,1727,-,1,228,228,,Libro; Medicina,http://bdh-rd.bne.es/viewer.vm?id=0000175680&page=1,,Sí,Español,Monografía,Ciencias de la vida,-,-,-,-,-
"López, Benjamín",Ligero estudio sobre el dictamo real: tésis presentado al jurado de calificación por Benjamin Lopez en su examen profesional de farmacia,1880,-,1,16,16,,Estudio; Dictamo Real,https://collections.nlm.nih.gov/bookviewer?PID=nlm:nlmuid-101606596-bk#page/1/mode/2up,,SI,Español,Monografía,Ciencias de la vida,-,-,-,-,-
"López de Hinojosa, Alonso; Merced, Nicolas de la","Suma y recopilación de Cirugía, con un arte para examinar barberos",1595,-,1,432,432,,Recopilación; cirugía; examinar;barberos,https://archive.org/details/summayrecopilaci00lpez,,SI,Español,Monografía,Ciencias de la vida,-,-,-,-,-
"Gutierrez Lozada, Manuel",El Liquidámbar,1870,-,70,74,4,,Liquidámbar,https://www.biodiversitylibrary.org/item/123566#page/84/mode/1up,,Si,Español,Artículo,Ciencias de la vida,1a serie,-,1,-,-
"Lozano y Castro, Mariano",La Contrayerba blanca ó de México.,1889,-,1,48,48,,Contrayerba blanca; México,https://archive.org/details/b30468413,,Si,Español,Monografía,Ciencias de la vida,-,-,-,-,-
"Lozano y Castro, Mariano",Estudio químico de la Corteza de Bocconia.,1889,4,281,281,1,,Estudio; Corteza de Bocconia,-,,No,Español,Artículo,Ciencias de la vida,Continua en la página 344,-,4,-,-
"Lozano y Castro, Mariano",Estudio químico de una substancia denominada Cera vegetal.,1894,-,1,9,9,,Estudio; sustancia; Cera vegetal,https://archive.org/details/analesdelinstit03mexgoog/page/n13?q=Mariano+Lozano+y+Castro,,Sí,Español,Artículo,Ciencias de la vida,-,-,1,-,-
"Lozano y Castro, Mariano",Estudio químico de una substancia denominada Cera vegetal.,1894,,7,10,3,,Estudio; quimico; substancia; Cera vegetal,https://archive.org/details/analesdelinstit03mexgoog/page/n13?q=Mariano+Lozano+y+Castro,,Sí,Español,Artículo,Ciencias de la vida,,-,1,-,-
"Lozano y Castro, Mariano",Estudio químico de dos muestras de maíz procedentes de los Distritos de Chalco y de los Estados Unidos.,1894,-,9,10,2,,Estudio químico; dos muestras; maíz,https://archive.org/details/analesdelinstit03mexgoog/page/n13/mode/2up?q=Mariano+Lozano+y+Castro,,Sí,Español,Artículo,Ciencias de la vida,-,-,1,,
"Lucio Nájera, Rafael",Camelia,1849,2,420,424,4,,Camelia,https://babel.hathitrust.org/cgi/pt?id=hvd.hninz1;view=1up;seq=488,,Sí,Español,Artículo,Ciencias de la vida,,,2,,
"Luna y Drusina, Fernando",Estudio sobre la Castilleja canescens,1885,7,15,21,6,,Estudio; Castilleja canescens,https://www.biodiversitylibrary.org/item/121643#page/25/mode/1up,,Sí,Español,Artículo,Ciencias de la vida,1a serie,,7,,
"Ruiz de Luzuriaga, Ignacio Maria Ruíz",Sobre los diferentes remedios que nos han venido de America y de Asia,-,,-,-,-,,Remedios; America; Asia,-,,No,Español,Monografía,Ciencias de la vida,-,-,-,-,-
"Francisco, Llamas",Estudio sobre la corteza de Quina,1870,-,-,-,-,,Estudio; cortezas ; Quina,-,,No,Español,Monografía,Ciencias de la vida,-,-,4,-,-
"Francisco, Llamas",La sábila: tésis para el exámen profesional de farmacia,1881,-,1,19,19,,Sábila,https://collections.nlm.nih.gov/catalog/nlm:nlmuid-101606541-bk,,si,Español,Monografía,Ciencias de la vida,"Reimpreso en ""El estudio""",-,-,-,-
"Llave Fernández de Ávila, Pablo de la",Descripción de algunos liquenes nuevos,1820,-,-,-,-,,Descripción; liquenes nuevos,-,,No,Español,Artículo,Ciencias de la vida,-,-,-,-,-
"Llave Fernández de Ávila, Pablo de la",Novorum vegetabilium descriptionis in lucem prodeunt opera,1824,1,1,32,32,,Novorum; Vegetabilium;,https://books.google.co.ls/books?id=HoEYAAAAYAAJ&printsec=frontcover#v=onepage&q&f=false,,Sí,Latín,Monografía,Ciencias de la vida,2 fasciculos,-,1,-,-
"Llave Fernández de Ávila, Pablo de la",Memoria sobre la dulzura del clima de México demostrada por los vegetales,1832,1,107,115,8,,Memoria; dulzura; clima; México,https://ia802307.us.archive.org/33/items/registrotrimestr12soci/registrotrimestr12soci.pdf,,Sí,Español,Artículo,Ciencias de la vida,-,-,1,-,-
"Llave Fernández de Ávila, Pablo de la",Memoria sobre una especie nueva de zapote,1832,1,135,140,5,,Especie; nueva; zapote,https://ia802307.us.archive.org/33/items/registrotrimestr12soci/registrotrimestr12soci.pdf,,Sí,Español,Artículo,Ciencias de la vida,-,-,1,-,-
"Llave Fernández de Ávila, Pablo de la",Sobre una especie de Cadrella,1832,1,339,343,4,,Nueva; especie; Cedrella,https://ia802307.us.archive.org/33/items/registrotrimestr12soci/registrotrimestr12soci.pdf,,Sí,Español,Artículo,Ciencias de la vida,-,-,1,-,-
"Llave Fernández de Ávila, Pablo de la",Descripción de algunos géneros y especies nuevas de vegetales,1832,1,345,353,8,,Géneros; especies; nuevas; vegetales,https://ia802307.us.archive.org/33/items/registrotrimestr12soci/registrotrimestr12soci.pdf,,Sí,Español,Artículo,Ciencias de la vida,-,-,1,-,-
"Llave Fernández de Ávila, Pablo de la",Historia agricola,1832,1,371,373,2,,Historia;agricola,https://ia802307.us.archive.org/33/items/registrotrimestr12soci/registrotrimestr12soci.pdf,,Sí,Español,Artículo,Ciencias de la vida,-,-,1,-,-
"Llave Fernández de Ávila, Pablo de la",Sobre especie de nueva de salvia,1832,1,441,448,7,,Especie; nueva; Salvia,https://ia802307.us.archive.org/33/items/registrotrimestr12soci/registrotrimestr12soci.pdf,,Sí,Español,Artículo,Ciencias de la vida,,,,,
"Llave Fernández de Ávila, Pablo de la",Descripción de un género nuevo y de algunas especies vegetales,1832,1,449,453,12,,Descripción; género nuevo; especies; vegetales,https://ia802307.us.archive.org/33/items/registrotrimestr12soci/registrotrimestr12soci.pdf,,Sí,Español,Artículo,Ciencias de la vida,-,-,1,-,-
"Llave Fernández de Ávila, Pablo de la","Registro trimestre o colección de memorias de hsitoria, literatura, ciencias y arte, por una sociedad de literatos",1832,-,1,516,516,,Colección; Memorias; historia; literatura; ciencias; arte,https://www.biodiversitylibrary.org/bibliography/14690#/summary,,Si,Español,Monografía,Ciencias de la vida,-,-,1,-,-
"Llave Fernández de Ávila, Pablo de la",Sobre dos géneros nuevos de vegetales,1832,1,39,41,2,,Dos géneros; nuevos; vegetales,https://www.biodiversitylibrary.org/item/50901#page/55/mode/1up,,Sí,Español,Artículo,Ciencias de la vida,-,-,1,-,-
"Llave Fernández de Ávila, Pablo de la",Materia médica vegetal. Sobre el huaco,1833,2,71,83,12,,Médica; vegetal; Huaco,https://www.biodiversitylibrary.org/item/50901#page/615/mode/1up,,Sí,Español,Artículo,Ciencias de la vida,-,-,2,,-
"Llave Fernández de Ávila, Pablo de la",Economía doméstica. Sobre los hongos,1833,2,103,110,7,,Economía doméstica; hongos,https://www.biodiversitylibrary.org/item/50901#page/647/mode/1up,,Sí,Español,Artículo,Ciencias de la vida,-,-,2,-,-
"Llave Fernández de Ávila, Pablo de la",Sobre cuatro especies nuevas de la Salvia,1833,2,61,67,6,,Cuatro; especies; nuevas; salvia,https://www.biodiversitylibrary.org/item/50901#page/605/mode/1up,,No,Español,Artículo,Ciencias de la vida,-,-,2,-,-
"MacKynney, Emilio",Apuntes para la formación de la Flora Yucateca.,1890,-,1,112,112,,Formación; Flora Yucateca,-,,No,Español,Monografía,Ciencias de la vida,"Se publicarón tan sólo 7 entregas, ó sea hasta la pág. 112",2,-,4,-
"Madeira Arraiz, Duarte","Methodo de conhecer, e curar o morbo gallico",1642,1,1,523,523,,Methodo conhecer; curar; morbo gallico,http://purl.pt/11982/4/,,Sí,Portugués,Monografía,Ciencias de la vida,2 volumenes,-,1,-,-
"Magaña, Rodrigo",Generalidades sobre la floricultura,1888,-,1,45,45,,Generalidades; Floricultura,-,,No,Español,Monografía,Ciencias de la vida,-,-,-,-,-
"Major Jean, Daniel",Amerikanische bei dem schlosse Gossordd im Monat August und september,1668,-,1,30,30,,Amerikanische; schlosse Gossorff; August; September,-,,No,Alemán,Monografía,Ciencias de la vida,-,-,-,4,-
"Mallen, Francisco",Informe sobre los trabajos de propaganda de vides y arboles futales en la republica,1892,1,3,10,7,,Informe; trabajos; vides; árboles frutales; República,http://www.hndm.unam.mx/consulta/publicacion/visualizar/558a33507d1ed64f16938ed6?intPagina=2&tipo=pagina&palabras=pechuga&anio=1892&mes=03&dia=01,,Sí,Español,Informe,Ciencias de la vida,Año 1,-,-,9,-
"Manetta, Filippo",Il re cotone ossia distretti cotoniferi del globo considerati in relazione al loro clima; con la seconda edizione della guida per coltivare practicamente la pianta del cotone secondo il metodo Americano,1863,-,1,107,107,,re cotone; cotoniferi del globo; clima,https://books.google.com.mx/books?id=xuViAQAACAAJ&dq=Il+re+cotone+ossia+distretti+cotoniferi+del+globo+considerati+in+relazione+al+loro+clima;+con+la+seconda+edizione+della+guida+per+coltivare&hl=es&sa=X&ved=2ahUKEwjc-cSPxcvsAhWEKM0KHULWBgMQ6AEwAHoECAAQAQ,,No,Italiano,Monografía,Ciencias de la vida,-,-,-,-,-
"Manetti, José",Dell´Agave americana,1837,-,-,-,-,-,Agave; Americana,-,,No,Italiano,-,Ciencias de la vida,-,-,-,-,-
"Manfred, Henry P.",Apuntes sobre el cultivo de las cinchonas en México,1872,4,287,300,13,,Apuntes; Cultivo; Cinchonas; México,https://babel.hathitrust.org/cgi/pt?id=mdp.39015008360607&view=1up&seq=297&q1=cinchonas,,Sí,Español,Apuntes,Ciencias de la vida,2a época,-,4,-,-
"Manrique de Lara, Rafael",Cultivo del naranjo,1891,-,1,28,28,,Cultivo; Naranjo,https://books.google.com.mx/books/about/Cultivo_del_naranjo.html?id=qaQUAAAAYAAJ&redir_esc=y,,Sí,Español,Monografía,Ciencias de la vida,-,-,-,,-
"Martens, Martin; Galeotti, Henri Guillaume","Memoire sur les fougerest de mexique, et considerations sur la geographie botanique de cette contree",1842,-,1,99,99,,Memoire; fougeres; Mexique,https://ia800504.us.archive.org/12/items/mmoiresurlesfo00mart/mmoiresurlesfo00mart.pdf,,Sí,Francés,Monografía,Ciencias de la vida,-,-,-,-,-
"Martin Espinosa de los Monteros, José",Medicina doméstica o descripción de los nombres y virtudes de las yerbas indígenas de Yucatán y las enfermedades a que se aplican,1890,-,-,-,-,,Medicina doméstica;yerbas; indigenas; Yucatam,-,,No,Español,Monografía,Ciencias de la vida,"2a. Edicion corregida y ordenada alfabéticamente,",-,-,16,-
"M. Ch, Martins",De l´introduction en Europe de la naturalisation et de la floraison de l´Agave americana,1855,2,6,15,9,,I´introduction; Europa; Agave americana,https://www.tandfonline.com/doi/pdf/10.1080/00378941.1855.10825920,,Sí,Francés,Artículo,Ciencias de la vida,-,-,-,II,-
"M. Ch, Martins",Floraison en plaine terre d´une Agave americana au jardin des plantes de Montpellier,1856,4,605,607,2,,Floraison; Agave americana;jardin; Montpellier,https://www.tandfonline.com/doi/pdf/10.1080/00378941.1857.10828998?needAccess=true,https://doi.org/10.1080/00378941.1861.10829621,Sí,Francés,Artículo,Ciencias de la vida,-,-,-,IV,-
"M. Ch, Martins",Des circonstances qui peuvent déterminer la floraison de´l Agave,1861,8,575,582,13,,Ciconstances; floraison; Agave americana,https://www.tandfonline.com/doi/pdf/10.1080/00378941.1861.10829621,https://doi.org/10.1080/00378941.1861.10829621,Sí,Francés,Artículo,Ciencias de la vida,-,-,-,VIII,-
"M. Ch, Martins",Letter a Mr. J Gray sur la floraison simultaée de 1500 agave americana,1862,9,-,-,-,,"Letter; Mr. J Gray; floraison; 1,500; Agave americana",-,,No,Francés,Cartas,Ciencias de la vida,-,-,-,IX,-
"Martius, Carl Friedrich Philipp von",Beitrage zur-natur und literar- Geschichte der Agaveen,1855,-,1,52,52,,Beitrage; zur-Natur; Agaveen,http://digital.bib-bvb.de/view/bvbmets/viewer.0.6.4.jsp?folder_id=0&dvs=1607791090216~303&pid=4637511&locale=es&usePid1=true&usePid2=true,,Sí,Alemán,Monografía,Ciencias de la vida,-,-,-,-,-
"Martius, Carl Friedrich Philipp von",Flora Brasiliensis Enumeratio plantarum in Brasilia: hactenus detectarum quas suis aliorumque botanicorum studiis descriptas et methodo naturali digestas partim icone illustratas,1866,-,1,336,336,,Flora; Brasiliensis leipzing,https://books.google.com.mx/books/about/Flora_Brasiliensis_Enumeratio_plantarum.html?id=4Zo5nwEACAAJ&redir_esc=y,,No,Latín,Monografía,Ciencias de la vida,-,-,-,-,-
"Martínez, Augustin",Estudio sobre la Yerba del carbonero,1886,-,-,-,-,,Estudio; Yerba del Carbonero,-,,No,Español,Monografía,Ciencias de la vida,"Reimpreso en Monografias de ""El Estudio""",-,-,-,-
"Martínez y Baca, Bernardo",Estudio fisiológico y terapéutico del acónito y su alcaloide,1875,-,1,45,45,,Estudio; Acónito; alcaloide,-,,No,Español,Monografía,Ciencias de la vida,-,-,-,4,
"Martínez, Prisciliano",Cultivo del café en el canton de soconusco,1874,-,58,58,1,,Cultivo; café; Cantón de Soconusco,http://www.hndm.unam.mx/consulta/publicacion/visualizar/558a33077d1ed64f168ee4a5?intPagina=8&tipo=pagina&palabras=Gaceta+M%C3%A9dica+de+M%C3%A9xico&anio=1874&mes=01&dia=01,,Sí,Español,Artículo,Ciencias de la vida,Año 2,-,-,3,-
"Martínez, Prisciliano",El café,1882,6,318,320,2,,Café,-,,No,Español,Artículo,Ciencias de la vida,3a época,-,6,-,-
"Martínez, Prisciliano",Nociones práticas para cultivar y beneficiar el añil,1882,6,152,163,11,,Nociones; cultivar; beneficiar; Añil,-,,No,Español,Artículo,Ciencias de la vida,3a época,-,6,-,-
"Martínez, Leandro",Cultivo y beneficio del cacaotero,1894,-,1,108,108,,Cultivo; beneficio; Cacaotero,https://archive.org/details/cultivoybenefic00martgoog/page/n7,,Sí,Español,Monografía,Ciencias de la vida,-,-,-,4,-
"Martínez Gracida, Manuel",Flora y fauna del estado libre y soberano de Oaxaca,1891,-,1,115,115,,Flora; fauna; Oaxaca,https://www.biodiversitylibrary.org/item/249213#page/5/mode/1up,,Sí,Español,Monografía,Ciencias de la vida,-,-,-,4,-
"Martínez Zurita, Trinidad",Estudio sobre el Chicalote,1872,-,1,16,16,,Estudio; Chicalote,https://ru.dgb.unam.mx/handle/DGB_UNAM/TES01000197348,,No,Español,Monografía,Ciencias de la vida,-,-,-,4,-
"Marroquin, Francisco",Observaciones sobre el bálsamo de copaiba,1839,4,228,228,1,,Observaciones; Bálsamo; Copaiba,-,,No,Español,Artículo,Ciencias de la vida,1a. serie,-,4,-,-
"Matthioli, Petri Andreae","De plantis epitone utilissima; novis iconibus et descriptionibus pluribus nunc primum diligenter aucta, a D. oiachimo camerario medico inclytae Reip. Noribergenfis.Noribergenfis. acessit catalogys plantarum, qua in hoc compendio continentur, exactif",1536,-,1,1003,1003,,Plantas epitome; novis; descriptionibus,https://ia600808.us.archive.org/9/items/BIUSante_07755x01/BIUSante_07755x01.pdf,,Sí,Latín,Monografía,Ciencias de la vida,Se tradujo esta obra a varios idiomas,-,-,4,-
"Maugin, Gustave",Sur les mouvements du cone contrale de l´Agave americana,1862,9,360,360,1,,Mouvements; centrale; I´Agave americana,http://direct.biostor.org/reference/155639,,Sí,Francés,Artículo,Ciencias de la vida,-,-,9,-,-
"Maycot, Mucio","Breve estudio fisiologico terapéutico sobre el ""Croton vulpiano""",1872,-,1,27,27,,Estudio; fisiológico; terapéutico; Croton Vulpiano,-,,No,Español,Monografía,Ciencias de la vida,-,-,-,4,-
"Mayoli, Juan Francisco",Virtudes de las plantas indigenas de Yucatán,-,-,-,-,-,,Virtudes; plantas indigenas; Yucatán,-,,No,Español,Monografía,Ciencias de la vida,-,-,-,-,-
"Martir de Angleria, Pedro","De orbe novo / Petri Martyris Anglerii Mediolanensis, protonotarij y Caroli Quinti senatoris décadas octo, diligenti temporum obseruatione et vtilissimis annotationibus illustratæ, suóque nitori restitutÅ “. Labore et industria Richard Haklvyti ... Additus est in vsum lectoris exacttus totius operis index",1587,-,1,605,605,,Labore; industria,https://archive.org/details/hin-wel-all-00001177-001/page/n12,,Sí,Latín,Monografía,Ciencias de la vida,-,-,,-,-
"Mauri, Ernesto",Romanarum plantarum centuria decimatertia,1820,-,1,58,58,,Romanarum; plantarum,https://ia601202.us.archive.org/15/items/gri_33125013078635/gri_33125013078635.pdf,,Sí,Latín,Monografía,Ciencias de la vida,-,-,-,-,-
"Maury, Paul Jean Baptiste","Nota cerca de las gyperaceas de México, por el Sr. P. Maury, socio honorario",1888,1,294,298,5,,Nota; Cyperaceas; México,https://www.biodiversitylibrary.org/item/121657#page/372/mode/1up,,Sí,Español,Artículo,Ciencias de la vida,2a serie,-,1,-,-
"Maury, Paul Jean Baptiste",La sebastiana Ramirezzi,1890,2,405,407,2,,Sebastiania Ramirezii,https://www.biodiversitylibrary.org/item/122422#page/11/mode/1up,,Sí,Español,Artículo,Ciencias de la vida,2a serie,-,2,-,-
"Masters, Maxwell Tylden","Vegetable teratology, an account of the pincipal deviations from the usual construction of plants",1869,-,1,534,534,,Vegetable; teratology,https://www.biodiversitylibrary.org/item/56356#page/7/mode/1up,https://doi.org/10.5962/bhl.title.41391,Sí,Inglés,Monografía,Ciencias de la vida,-,-,-,-,-
"Medal, Juan",Noticias sobre la producción y explotación de la vainilla en el distrito de ario,1894,-,379,383,4,,Producción; explotación; Vainilla; Distrito de Ario,,,Sí,Español,Artículo,Ciencias de la vida,-,-,-,-,-
"Medal, Juan",Arboles forrajeros,1894,-,60,66,6,,Arboles; forrajeros,https://archive.org/details/boletindeagricu01unkngoog/page/n344/mode/2up,,Sí,Español,Artículo,Ciencias de la vida,Año 3,-,7,-,-
"Medal, Juan",Apuntes estadisticos sobre el distrito de ario estado de Michoacán,,2,186,201,15,,Apuntes estadisticos; Distrito de Ario; Michoacan,http://cdigital.dgb.uanl.mx/la/1080047375_C/1080047375_T2/1080047375_MA.PDF,,Sí,Español,Artículo,Ciencias de la vida,-,-,2,-,-
"Melgarejo, Juan",Dictamen sobre lo saludable que es el trigo llamado blanquillo,1677,-,-,-,-,,Saludable; trigo; blanquillo,-,,No,Español,-,Ciencias de la vida,-,-,-,-,-
"Méndez, Arturo",150 casos de involución uterina,1893,-,1,20,20,,Casos; involución; uterina,https://ru.dgb.unam.mx/handle/DGB_UNAM/TES01000160862,,No,Español,Monografía,Ciencias de la vida,Es un estudio comparativo del Cuernecillo de centeno y el Chihuapatle,-,-,4,-
"Méndez Estrada, Fernando",Estudio sobre la corteza de Xanthoxilum pentanome,1879,-,-,-,-,,Estudio; corteza; Xantoxilum pentome,-,,No,Español,Monografía,Ciencias de la vida,"Reimpreso en Monografias de ""El Estudio""",-,-,4,-
"Mendiono, P.",El té,1870,2,525,529,4,,Té,https://babel.hathitrust.org/cgi/pt?id=mdp.39015008360540&view=1up&seq=539,,Sí,Español,Artículo,Ciencias de la vida,2a época,-,2,-,-
"Mendoza Pacheco, Antonio de",De las cosas naturales y maravillosas de la Nueva España,-,-,-,-,-,,Naturales; Marvillosas; Nueva España,-,,No,Español,Monografía,Ciencias de la vida,-,-,-,-,-
"Mendoza, Gumesindo",Análisis inmediato de la corteza de Izora,1867,3,99,103,4,,Análisis; Corteza; Ixora,https://babel.hathitrust.org/cgi/pt?id=mdp.39015046999440;view=1up;seq=115,,Sí,Español,Artículo,Ciencias de la vida,-,-,3,7,-
"Mendoza, Gumesindo",Sendechó,1870,2,25,28,3,,Sendechó,https://babel.hathitrust.org/cgi/pt?id=mdp.39015008360540&view=1up&seq=33&q1=Sendecho,,Sí,Español,Artículo,Ciencias de la vida,2a época,-,2,-,-
"Mendoza, Gumesindo",Instrucciones para el cultivo del Té,1870,2,525,529,4,,Instrucciones; cultivo; Té,https://babel.hathitrust.org/cgi/pt?id=mdp.39015008360540&view=1up&seq=539&q1=Sendecho,,Sí,Español,Artículo,Ciencias de la vida,2a época,-,2,-,-
"Mendoza, Gumesindo",El torito: flor hermosa de las orquideas,1878,4,43,45,2,,Torito; Flor; orquideas,https://babel.hathitrust.org/cgi/pt?id=mdp.39015008360342&view=1up&seq=49,,Sí,Español,Artículo,Ciencias de la vida,3a época,-,4,-,-
"Mendoza Ramirez, Justo",Memorias de la primera exposición del estado de Michoacán de Ocampo,1877,-,14,29,15,,Memoria; esposición; Michoacan de Ocampo,-,,No,Español,Memoria,Ciencias de la vida,"Habla con estesión de la Raíz de Jalapao Purga de Michoacan, así como del Tiripicuari y el Té de Nuriti",-,-,4,-
"Mena, M. M.",Una lobelia,1875,1,228,229,2,,Lobelia,https://babel.hathitrust.org/cgi/pt?id=mdp.39015076562217;view=1up;seq=230,,Sí,Español,Artículo,Ciencias de la vida,-,-,1,-,-
"Merat de Vaumartoise, Francois Victor; Lens, Adrien Jacques de","Dictionnaire universel de matière médicale et de thérapeutique générale : contenant l'indication, la description et l'emploi de tous les médicamens connus dans les diverses parties du globe",1829,1,1,706,706,,Dictionnaire; Medicale; Thérapeutique,https://archive.org/details/dictionnaireuniv01mrat,,Sí,Francés,Monografía,Ciencias de la vida,7 volumenes en total,-,1,,-
"Meyer, E.",Die Europäische Agave und ihre ursplüngliche Heimath,1856,3,318,319,2,,Europäische; Agave; heimath,https://www.biodiversitylibrary.org/item/27232#page/336/mode/1up,,Sí,Alemán,Artículo,Ciencias de la vida,-,-,3,-,
"Mez, Carl",Morphol studuent über d Fam d Lauraceen,1888,-,-,-,-,,Studien; fam; Lauraceen,-,,No,Latín,-,Ciencias de la vida,-,-,-,-,-
"Mez, Carl",Lauraceae Americanae,1889,-,1,556,556,,Lauraceae; Americanae,https://www.biodiversitylibrary.org/item/52601#page/5/mode/1up,,Sí,Latín,Monografía,Ciencias de la vida,-,-,-,-,-
"Miguel, Andres de San",Tratado de las plantas y frutas de la huerta del colegio de San Angel Chimalistac,-,-,-,-,-,-,Plantas; frutas; Huerta; Colegio de San Angel,-,,No,Español,Monografía,Ciencias de la vida,-,-,-,-,-
"Michaux, Andreas",Flora boreali americana,1803,1,1,330,330,,Flora boreali; Americana,https://ia600504.us.archive.org/24/items/cihm_47757/cihm_47757.pdf,,Sí,Latín,Monografía,Ciencias de la vida,-,-,4,-,-
"Micheli, M.",Alismaceae,1881,3,29,83,54,,Alismaceae,https://www.biodiversitylibrary.org/item/100120#page/32/mode/1up,,Sí,Francés,Artículo,Ciencias de la vida,-,-,-,3,-
"Micheli, M.",Juncaginea,1881,3,94,112,18,,Juncaginea,https://www.biodiversitylibrary.org/item/100120#page/97/mode/1up,,Sí,Francés,Artículo,Ciencias de la vida,-,-,,3,-
"Milde, Julius Carl August",Monographia Equisetorum,1867,-,1,605,605,,Monographia; Equisetorum,https://www.biodiversitylibrary.org/bibliography/41383#/summary,https://doi.org/10.5962/bhl.title.41383,Sí,Alemán,Monografía,Ciencias de la vida,Series: Nova acta Leopoldina,-,-,-,-
"Miquel, Friedrich Anton Wilhem","Commentarii phytographici, quibus varia rei herbariae capita illustrantur.",1738,-,1,146,146,,Commentarii; equisetorum,https://ia800501.us.archive.org/34/items/mobot31753000737061/mobot31753000737061.pdf,,Sí,Latín,Monografía,Ciencias de la vida,-,-,-,-,-
"Mitten, William","Musci Austro-Americani : sive enumeratio muscorum omnium Austro-Americanorum mihi hucusque cognitorum, eorum praecipue in terris Amazonicis Andinisque Ricardo Spruceo lectorum.",1869,-,-,-,-,,Musci; Austro-Americani; enumeratio; cognitorum; Amazonicis Andinisque,https://www.worldcat.org/title/musci-austro-americani-sive-enumeratio-muscorum-omnium-austro-americanorum-mihi-hucusque-cognitorum-eorum-praecipue-in-terris-amazonicis-andinisque-ricardo-spruceo-lectorum/oclc/4846554,,No,Latín,Monografía,Ciencias de la vida,"Serie: Journal of the Linnean Society., Botany ; v. 12.",-,-,-,-
"Mitscherlich, Gustav Alfred",De cacao,1859,-,1,129,129,,De cacao,https://play.google.com/store/books/details/Alfred_Mitscherlich_Der_Cacao_und_die_Chocolade?id=_KtXAAAAcAAJ,,No,Alemán,Monografía,Ciencias de la vida,-,-,-,8,-
"Mociño Losada, Jose Mariano","Comunicación dirigida al conde de Revilla Gigedo, sobre el descubrimiento de las Nueces moscadas de México",1791,-,1,2,1,,comunicación; Conde de Revilla Gigedo; Nueces moscadas,-,,No,Español,Monografía,Ciencias de la vida,-,-,-,-,-
"Mociño Losada, Jose Mariano",Discurso sobre la materia médica,1801,-,-,-,-,,Discurso; Materia médica,-,,No,Español,Monografía,Ciencias de la vida,-,-,-,111,-
"Mociño Losada, Jose Mariano",Observaciones sobre la resina de hule.,1804,-,46,47,1,,Observaciones; resina; Hule,https://archive.org/details/lanaturaleza718851886mexi/page/46/mode/1up?q=polygala,,Si,Español,Artículo,Ciencias de la vida,-,-,VII,-,-
"Mociño Losada, Jose Mariano",Discurso en la apertura de las lecciones de Botánica en México,1870,-,39,42,3,,Apertura; lecciones; botánica; México,https://archive.org/details/lanaturaleza718851886mexi/page/39/mode/2up,,Si,Español,Articulo,Ciencias de la vida,-,-,7,-,-
"Mociño Losada, Jose Mariano",De la polygala mexicana,1870,-,44,46,2,,Polygala; mexicana,https://archive.org/details/lanaturaleza718851886mexi/page/43/mode/1up?q=polygala,,Si,Español,Artículo,Ciencias de la vida,-,-,7,-,-
"Mociño Losada, Jose Mariano","Plantae Novae Hispaniae. Nutu, ope, et auspicio benignissimi regis Caroli IV, hucusque collectae, et Linneano systemate ordinate, quarum tercentae aut plures a nemine unquam editae videntur et rariores iconibus ad vivum repraesentantur. / Auctoribus Martino Sessé et Josepho Mariano Mociño. Editio secunda",1893,-,1,175,175,,Plantae; Novae hispaniae,https://bibdigital.rjb.csic.es/records/item/12069-plantae-novae-hispaniae-editio-secunda,,Sí,Latín,Monografía,Ciencias de la vida,-,2,-,-,-
"Mociño Losada, Jose Mariano",Flora Mexicana / a Martino Sesse et Josepho Marianno Mociño exarata.,1894,-,1,240,240,,Flora; Mexicana,https://bibdigital.rjb.csic.es/records/item/12070-flora-mexicana-editio-secunda?offset=1,,Sí,Español,Monografía,Ciencias de la vida,-,2,-,-,-
"Mociño Losada, Jose Mariano",Flora de Guatemala 183,-,-,1,366,366,,Flora; Guatemala,https://editorial.csic.es/publicaciones/libros/4110/978-84-87111-79-2/flora-de-guatemala-de-jose-mocino.html,,No,Español,Monografía,Ciencias de la vida,-,-,-,-,978-84-87111-79-2
"Mociño Losada, Jose Mariano",Descripciones especificas de plantas de varias clases,-,,1,183,183,,Descripciones; plantas; varias clases,*,,No,Español,Monografía,Ciencias de la vida,5 Cuartillas en Latín. Comprende plantas de Cuba y Puerto Rico,-,,,
"Mociño Losada, Jose Mariano",Descripciones especificas y algunas genéricas de las plantas de todas la clases de fanerógramas,-,-,1,388,388,,Especificas; genéricas; plantas; fenerogramas,-,,No,Latín,Monografía,Ciencias de la vida,-,-,-,-,-
"Monardes, Nicolas","Primera y segunda y tercera partes de la Historia medicinal de las cosas que se traen de nuestras Indias occidentales, que siruen en medicina. Tratado de la piedra Bezaar, y de la yerua escuerçonera. Dialogo de las grandezas del hierro, y de sus virtudes medicinales. Tratado de la nieue, y del beuer frio. Hechos por el doctor Monardes, medico de Sevilla",1574,-,1,206,206,,Primera; segunda; tercera; historia; medicinal; Indias Occidentales; piedra Bezaar,https://archive.org/details/bub_gb_eAtm3cE1smAC,https://archive.org/details/primeraysegunda01monagoog/page/n12,Sí,Español,Monografía,Ciencias de la vida,"Está obra fué impresa varias veces y traducida al Latín, Italiano y francés",-,-,-,-
"Montaña, Luis","Discurso pronunciado en la apertura del curso de botánica pronuncio el Dr. D. Luis Montaña, profesor de Medicina en México el día 2 de junio de 1802",1803,6,199,222,23,,Discurso; abertura; curso; botánica; México,https://bibdigital.rjb.csic.es/viewer/10138/?offset=#page=210&viewer=picture&o=search&n=0&q=mexico,,Sí,Español,Discurso,Ciencias de la vida,Es una apología de la Botánica en sus relaciones con la Medicina,-,VI,16,-
"Montaña, Luis",Respuesta a D.J.S.M sobre la controversia del Arbol de hule,-,-,-,-,-,,Respuesta; controversia; Arbol; Hule,-,,No,Español,Artículo,Ciencias de la vida,-,-,-,-,-
"Moquin Tandon, Alfred","Éléments de tératologie végétale, ou Histoire abrégée des anomalies de l'organisation dans les végétaux / par A. Moquin-Tandon,...",1841,-,1,403,403,,"Éléments de tératologie végétale, ou Histoire abrégée des anomalies de l'organisation dans les végétaux / par A. Moquin-Tandon,...",https://gallica.bnf.fr/ark:/12148/bpt6k9804158j/f9.image.texteImage,,Sí,Francés,Monografía,Ciencias de la vida,-,-,-,-,-
"Molina, Felipe Carolos",Cultivo del café en la hacienda de San Antonio,1891,-,5,220,220,,Cultivo; café; Hacienda; San Antonio,http://www.hndm.unam.mx/consulta/resultados/visualizar/558075bd7d1e63c9fea1a157?resultado=1&tipo=publicacion&intPagina=0,,Sí,Español,Artículo,Ciencias de la vida,Año 1,-,,1,-
"Molina, Everardo","Taxología, ligeros apuntes sobre el aislamiento e identificacio?n de los alcaloides organicos bajo el punto de vista medico-legal : te?sis presentada al jurado calificador en el exa?men general de medicina, ciruji?a y obstetricia",1883,-,1,29,29,,apuntes; identificación; alcaloides organicos; medico,https://collections.nlm.nih.gov/catalog/nlm:nlmuid-101607537-bk,,Sí,Español,Monografía,Ciencias de la vida,-,1,-,-,-
"Morales, Adolfo",Estudio comparativo de algunas gomas indígenas con la arábiga verdadera,1872,-,1,24,24,,Comparativo; gomas indigenas; Arábiga,https://books.google.com.mx/books/about/Estudio_comparativo_de_algunas_gomas_ind.html?id=iksgmQEACAAJ&redir_esc=y,,No,Español,Monografía,Ciencias de la vida,-,-,-,-,-
"Morales, José Donaciano",El yepacihuitl o yerba del zorrillo,1872,-,1,16,16,,Yepacihuitl; Yerba del Zorrillo,-,,No,Español,Monografía,Ciencias de la vida,-,-,-,-,-
"Morison, Roberto","Plantarum Umbelliferarum Distributio nova, per tabulas cognationis et affinitatis ex libro naturae Observata & detecta. / Authore Roberto Morison Medico & Professore Botanico Regio, nec non inclytae & celeberrimae Universitatis Oxoniensis P. B. ejusdemque Hort. Botanici Praefecto primo. Doctis (in Arte) scribo ; indoctos docebo",1672,-,1,91,91,,Plantarum; distributio; cognationis; naturae; detecta,https://bibdigital.rjb.csic.es/records/item/12179-plantarum-umbelliferarum-distributio-nova,,Sí,Latín,Monografía,Ciencias de la vida,-,-,-,-,-
"Morison, Roberto","Plantarum Historiae Universalis Oxoniensis pars secunda seu Herbarum Distributio Nova, per tabulas cognationis & affinitatis Ex Libro Naturae Observata & detecta. / Auctore Roberto Morison Medico & Professore Botanico Regio, nec non Inclytae & Celeberrimae Universitatis Oxoniensis P. B. ejusdemque Hot. Botan. Praefecto primo",1680,-,1,617,617,,Plantarum; historieae; Oxoniensis; pars secunda,https://bibdigital.rjb.csic.es/records/item/14341-redirection,,Sí,Latín,Monografía,Ciencias de la vida,-,-,-,-,-
"Morison, Roberto","Plantarum Historiae Universalis Oxoniensis pars tertia seu Herbarum Distributio Nova, per tabulas cognationis & affinitatis Ex Libro Naturae Observata & detecta. / Auctore Roberto Morison Medico & Professore Botanico Regio, nec non Inclytae & Celeberrimae Universitatis Oxoniensis P. B. ejusdemque Hot. Botan. Praefecto primo. Partem hanc tertiam, post Auctoris mortem, hortatu Academiae explevit & absolvit Jacobus Bobartius Hortii praefectus",1699,-,1,657,657,,Plantarum; historiae; Oxoniensis; pars tertia,https://bibdigital.rjb.csic.es/records/item/14345-redirection,,Sí,Latín,Monografía,Ciencias de la vida,-,-,-,-,-
"Montes de Oca, Vicente",Breve exposición de los principales tratamientos de la histeria y epilepsía y algunos apuntamientos para contribuir al estudio científico de la Ipomoea stans (Tumba vaqueros),1893,-,1,41,41,,Breve; tratamientos; Histeria; epilepsia; estudio; Ipomaea,https://repositorio.unam.mx/contenidos/breve-exposicion-de-los-principales-tratamientos-de-la-histeria-y-epilepsia-y-algunos-apuntamientos-para-contribuir-3544666?c=B7AdXZ&d=false&q=*:*&i=1061&v=1&t=search_0&as=0,,Sí,Español,Monografía,Ciencias de la vida,-,-,4,-,-
"Mora, José Vicente",Extracto instructivo de varias materias de agricultura,1832,-,1,68,68,,Extracto; materias; agricultura,-,,No,Español,Extracto,Ciencias de la vida,-,-,-,16,-
"Moreno, J.",Moreras,1870,2,710,731,21,,Moreras,https://babel.hathitrust.org/cgi/pt?id=mdp.39015008360540&view=1up&seq=732&q1=Moreras,,Sí,Español,Artículo,Ciencias de la vida,2a época,-,2,-,-
"Moreno, J.","Noticia sobre el cultivo de la Yuca y sus productos en el Estado de Colima, que se remite a la sociedad de geografía y estadistica",1871,3,272,274,2,,Noticia; cultivo; Yuca; productos; Colima,https://babel.hathitrust.org/cgi/pt?id=mdp.39015008360615&view=1up&seq=314&q1=Yuca,,Sí,Español,Artículo,Ciencias de la vida,2a época,-,3,-,-
"Moreno, J.",Segundo informe sobre el cultivo y productos de la Yuca,1872,4,546,548,2,,Segundo informe; cultivo; productos; Yuca,https://babel.hathitrust.org/cgi/pt?id=mdp.39015008360607&view=1up&seq=562&q1=Yuca,,Sí,Español,Artículo,Ciencias de la vida,2a época,-,4,-,-
"Moreno, J.",El cultivo de la Morera y la cría de gusanos de seda en Colima,1878,4,252,254,2,,Cultivo; Morera;gusanos seda; Colima,https://babel.hathitrust.org/cgi/pt?id=mdp.39015008360342&view=1up&seq=266&q1=Morera,,Sí,Español,Artículo,Ciencias de la vida,3a época,-,4,-,-
"Moreno, J.",Conveniencia de fomentar en México el plantío del café y una ligera idea para su cultivo,1882,6,667,672,5,,Fomentar; México; plantio; café,-,,No,Español,Artículo,Ciencias de la vida,3a época,,6,-,-
"Mohr, Charles. ; Sartorius, Carlos",Musci mexicani,1874,38,620,660,40,,Musci; mexicani,https://www.biodiversitylibrary.org/item/10883#page/622/mode/1up,,Sí,Rumano,Artículo,Ciencias de la vida,-,--,38,-,-
"Moricand, Moïse Étienne Stefano",Plantae americanae rariores descriptae et iconibus illustratre,1830,-,-,-,-,,Plantae; americanae; rariores,https://www.worldcat.org/title/plantae-americanae-rariores-descriptae-et-iconibus-illustratae/oclc/83489400,,No,Latín,Monografía,Ciencias de la vida,-,-,-,-,-
"Moricand, Moïse Étienne Stefano",Plantes nouvelles d´Amerique.,1833-1846,-,1,176,176,,Plantes; nouvelles; Amerique,https://www.biodiversitylibrary.org/bibliography/106626#/summary,https://doi.org/10.5962/bhl.title.106626,Sí,Latín,Monografía,Ciencias de la vida,-,-,-,4,-
"Mota, Juan",Estudio breve sobre el tacopatle,1891,-,1,23,23,,Estudio; breve; Tacopatle,-,,No,Español,Monografía,Ciencias de la vida,-,-,-,-,-
"Mueller, Fernandin von",Select plants eligible for industrial culture in Victoria,1876,,1,293,293,,Select; plants; industrial; culture; Victoria,https://www.biodiversitylibrary.org/bibliography/69217#/summary,https://doi.org/10.5962/bhl.title.69217,Sí,Inglés,Monografía,Ciencias de la vida,Whit indic. of their native countries,-,8,-,-
"Mühlenpfordt, Eduard","Versuch einer getreuen schilderung der Republik Mejico besonders in Bezeihung auf Geographie, Ethnographie und Statistik",1844,1,80,155,75,,Versuch; Republik Mejico; geopraphie; Ethnographie,https://babel.hathitrust.org/cgi/pt?id=gri.ark:/13960/t48q3146v&view=1up&seq=5,,Sí,Alemán,Monografía,Ciencias de la vida,-,-,-,-,-
"Munting, Abraham","Aloidarium, sive Aloe mucronato folio amaricanae majoris aliarumque ejusdem speciei historia, in qua Floridi illius teporis, loci, naturae, culturae, necnon, qualitatum ratio paucis enarratur",1680,-,1,33,33,,Aloidarium; Aloe; speciei; historia,https://books.google.com.ar/books?id=_ToPAAAAQAAJ&printsec=frontcover#v=onepage&q&f=false,,Sí,Latín,Monografía,Ciencias de la vida,"Hay otra edición de 1698, 4°",1,-,-,-
"Muñoz, Enrique M.",El tabaquillo. Su estudio químico-industrial,1876,,1,16,16,,Tabaquillo; estudio; químico-industrial,-,,No,Español,Monografía,Ciencias de la vida,"Reimpresa en el apéndice de ""El estudio""",-,-,4,
"Murillo, Luis G.",Breves apuntes sobre la pingüica,1892,,1,42,42,,Apuntes; Pingüica,-,,No,Español,Monografía,Ciencias de la vida,-,-,-,4,-
"Navia, Severo","Tintura alcohólica de resina de Guayacán, empleada como reactivo para reconocer los oxidos de manganeso, los alcalis y los carbonatos alcalinos",1879,4,277,279,3,,Tintura alcohólica; resina Guayacan,https://www.biodiversitylibrary.org/item/121663#page/307/mode/1up,,Sí,Español,Artículo,Ciencias de la vida,1a serie,-,4,-,-
"Neander, Johann","Tabacología hoc est Tabaci, seu, Nicotianae descriptio Medico-Cherurgico-Pharmaceutica: vel ei us preparatio infus in omnibus corporis humani in commodis; una cum varys Tabacum adulterandi rationibus, accurata fignorum, quibus eius bonitas dignofci potefl, annotatione",1626,,1,256,256,,tabacologia; Tabaci; Nicotianae; descriptio,https://www.biodiversitylibrary.org/bibliography/98215#/summary,https://doi.org/10.5962/bhl.title.98215,Sí,Latín,Monografía,Ciencias de la vida,-,-,-,-,-
"Nees von Esenbeck, Christian Gottfried Daniel; Scauner S.","Enumeratio et descriptiones generum novorum specierumque plantarum in terris mexicanis crescenttium quas Ruhlandus, Coloniesis, de bergues et Dn. Aschenbron collegererunt.",1847,19,681,734,54,,Generum novorum;plantarum; terris mexicanis; ruhlandus,https://www.biodiversitylibrary.org/item/10863#page/684/mode/1up,,Sí,Alemán,Artículo,Ciencias de la vida,Continúa en Linnaea XX pag.697-750,-,19,-,-
"Neiremberg, Juan Eusebie de","Ioannis Evsebii Nierembergii ... Historia natvrae, maxime peregrinae, libris XVI. distincta. In quibus rarissima naturae arcana, etiam astronomica, & ignota indiarum animalia, quadrupedes, aues, pisces ... describuntur ... Accedunt de miris & miraculosis naturis in Europa? libri duo: item de iisdem in terra? Hebraeis promissa? liber vnus.",1635,-,1,502,502,,Historiae naturae; peregrinae libris,https://www.biodiversitylibrary.org/bibliography/64403#/summary,,Sí,Latín,Monografía,Ciencias de la vida,-,-,-,-,-
"Noe, Frank de",Propriétés du maïs,1853,-,2,2,1,,Propiétés; maïs,-,,No,Francés,Monografía,Ciencias de la vida,-,-,-,-,-
"Noriega, Tomás",El Ahuehiete,1879,4,34,40,6,,Ahuehuete,https://www.biodiversitylibrary.org/item/121663#page/47/mode/1up,,Sí,Español,Artículo,Ciencias de la vida,1a serie,-,-,4,-
"Nye, William. P.","La sonora, étendue, population, climat, pruduits da sol, mines, tribus, indiennes, etc",1864,-,1,90,90,,Sonora; pupulation; climat; mines,https://babel.hathitrust.org/cgi/pt?id=uc1.aa0005810098&view=1up&seq=9,,Sí,Francés,Monografía,Ciencias de la vida,-,-,-,-,-
"Nylander, William",Lichenes collecti in México a Fr Müler,1858,41,377,386,9,,Lichenes; collecti; México,https://www.biodiversitylibrary.org/item/955#page/378/mode/1up,,Sí,Alemán,Artículo,Ciencias de la vida,--,-,41,-,-
"Nylander, William",Mexicanas plantas: lichenes,1872,,1,6,6,,Mexicanas; plantas; Lichenes,https://bibdigital.rjb.csic.es/records/item/15502-mexicanas-plantas-pars-prima-cryptogamia,,Sí,Latín,Monografía,Ciencias de la vida,"Parte I del título ""Mexicanas plantas nuper a collectoribus expeditionis scientificae...""",-,-,-,-
"Nyman, Carl Fredrik","Conspectus florae europaeae :seu Enumeratio methodica plantarum phanerogamarum Europae indigenarum, indicatio distributionis geographicae singularum etc.",1878,-,1,858,858,,florae europeae,https://www.biodiversitylibrary.org/bibliography/10533#/summary,https://doi.org/10.5962/bhl.title.10533,Sí,Latín,Monografía,Ciencias de la vida,-,-,-,-,-
"Ocampo Tapia, José Telésforo Juan Nepomuceno Melchor de la Santísima Trinidad",Rectificación al artículo sobre Jardines de los antiguos mexicanos,1843,1,179,179,1,,Artículo; jardines antiguos; mexicanos,https://babel.hathitrust.org/cgi/pt?id=nnc1.0039042960&view=1up&seq=203,,Sí,Español,Artículo,Ciencias de la vida,-,-,1,-,-
"Ocampo Tapia, José Telésforo Juan Nepomuceno Melchor de la Santísima Trinidad",Movimiento espontáneo de una planta,1843,2,133,134,2,,Movimiento; espontaneo; planta,https://babel.hathitrust.org/cgi/pt?id=nnc1.0315145280&view=1up&seq=149,,Sí,Español,Artículo,Ciencias de la vida,-,-,2,-,-
"Ocampo Tapia, José Telésforo Juan Nepomuceno Melchor de la Santísima Trinidad",Memoria sobre el Quercus Melifera,1844,-,53,58,5,,Memoria; Quercus Melifera,-,,No,Español,Artículo,Ciencias de la vida,--,-,1,1,-
"Ocampo Tapia, José Telésforo Juan Nepomuceno Melchor de la Santísima Trinidad",Proyecto para el cultivo y beneficio de la Vainilla,1860,-,-,-,-,,Proyecto; Cultivo; beneficio; vainilla; Papantla,-,,No,Español,Artículo,Ciencias de la vida,-,-,1,-,-
"Ocampo Tapia, José Telésforo Juan Nepomuceno Melchor de la Santísima Trinidad",Memoria sobre el género Cactus,1866,,65,72,7,,Memoria; Quercus Melifera,-,,No,Español,Artículo,Ciencias de la vida,-,-,-,-,-
"Ocampo Tapia, José Telésforo Juan Nepomuceno Melchor de la Santísima Trinidad",Memoria sobre el cultivo y beneficio de la vainilla en papantla,-,-,-,-,-,-,Memoria; cultivo; beneficio; Vainilla; Papantla,-,,No,Español,Monografía,Ciencias de la vida,Es un manuscrito cuyo paradero se ignora,-,-,-,-
"Ochoa y Cadena, Francisco",Libro de medicina y botánica,1995,,-,-,-,,Libro; medicina; botánica,-,,No,Español,Monografía,Ciencias de la vida,Trata de las plantas medicinales de México,-,-,4,-
"Ochoa y Tapia, Ernesto",Estudio sobre la corteza de Bocconia frutescens,1884,6,355,359,5,,Estudio; corteza;Bocconia frutescens,https://www.biodiversitylibrary.org/page/39344940#page/377/mode/1up,,Sí,Español,Artículo,Ciencias de la vida,Serie 1,-,6,-,-
"Ochoa Villagomez, Ignacio",Vegetación espontanea y repoblación de los médanos de la zona litoral de Veracurz,1885,,1,23,23,,Vegetación; repoblación; médanos; Veracrúz,https://www.biodiversitylibrary.org/item/224530#page/7/mode/1up,https://doi.org/10.5962/bhl.title.129861,Sí,Español,Monografía,Ciencias de la vida,"Reimpreso en ""La naturaleza"" T.7 pág. 179-191",-,-,-,-
"Olaguibel, Manuel de",Memoria para una bibliografía científica de México en el siglo XIX,1889,-,1,99,99,,Memoria; Bibliografía; científica; México,https://archive.org/details/b24883931/page/n5,,Sí,Español,Monografía,Ciencias de la vida,-,-,-,4,-
"Olaguibel, Manuel de","Onomatologia del Estado de México, comprendiendo cuantro idiomas: Mexicano, otomí, mazahua y tarasco",1894,-,1,210,210,,Onomatología; Estado de México; idiomas; Historia; Arqueología; Flora; fauna; Toluca,"https://books.google.com.mx/books?id=6nswAQAAMAAJ&q=Onomatologia+del+Estado+de+M%C3%A9xico,+comprendiendo+cuantro+idiomas:+Mexicano,+otom%C3%AD,+mazahua+y+tarasco&dq=Onomatologia+del+Estado+de+M%C3%A9xico,+comprendiendo+cuantro+idiomas:+Mexicano,+otom%C3%AD,+mazahua+y+tarasco&hl=es&sa=X&ved=2ahUKEwizgObTqdrsAhXDQs0KHZPEB_kQ6AEwAHoECAUQAg",,No,Español,Monografía,Ciencias de la vida,-,-,,-,-
"Olearius, Johann Christoph","Aloedarium historicu, i. e. Historische Beschreibung derjenigen Aloen, wlche in cura paischen Landen, senderlich in Teutscheland, nach und nach bisher ge blüht und bekannt worden.",1713,-,1,48,48,,Aloedarium; historicum,http://digital.bib-bvb.de/view/bvbmets/viewer.0.6.4.jsp?folder_id=0&dvs=1607988633442~144&pid=11525203&locale=es&usePid1=true&usePid2=true,,Sí,Alemán,Monografía,Ciencias de la vida,-,-,-,8,-
"Oliva, Leonardo",Ensayo sobre una carpología aplicada a la higiene y a la terapéutica,1844,-,420,435,15,,Ensayo; Carpología; aplicada; higiene; terapéutica,http://cdigital.dgb.uanl.mx/la/1080042635_C/1080042635_T3/1080042635_42.pdf,,Sí,Español,Monografía,Ciencias de la vida,-,-,-,-,-
"Oliva, Leonardo",Lecciones de farmacología dadas por el catedrático del ramo en la Universidad de Guadalajara,1853,1,1,558,558,,Lecciones; farmacología;catedrático; Universidad Guadalajara,https://collections.nlm.nih.gov/catalog/nlm:nlmuid-61740200R-bk,,Sí,Español,Monografía,Ciencias de la vida,continúa en tomo 2 (1854),-,-,-,-
"Oliva, Leonardo",Historia de medicina en México,1857,22,-,-,-,,"Historia; ,medicina; México",-,,No,Español,Artículo,Ciencias de la vida,-,-,22,-,-
"Oliva, Leonardo",Discurso sobre la historia de la botánica extranjera e indígena,1870,1,57,61,4,,Discurso; Botánica; extranjera; Indigena,https://www.biodiversitylibrary.org/item/123566#page/71/mode/1up,,Sí,Español,Artículo,Ciencias de la vida,1a serie,-,1,-,-
"Oliva, Leonardo",El copal,1870,1,37,43,6,,Copal,https://www.biodiversitylibrary.org/item/123566#page/47/mode/1up,,Sí,Español,Artículo,Ciencias de la vida,1a serie,-,1,-,-
"Oliva, Leonardo",Cucurbitáceas o calabaceñas,1870,1,206,210,4,,Cucurbitáceas; Calabaceñas,https://www.biodiversitylibrary.org/item/123566#page/256/mode/1up,,Sí,Español,Artículo,Ciencias de la vida,1a serie,-,1,-,-
"Oliva, Leonardo",Florula del departamento de Xalisco,1882,5,127,133,6,,Florula; Xalisco,https://www.biodiversitylibrary.org/item/121642#page/137/mode/1up,,Sí,Español,Artículo,Ciencias de la vida,Reimp. en el Folletín de los Anales de la Sociedad Médico-Farmacéutica Pablo Gutiérrez. Tomo 1° Guadalajara. 1884. pp. 108.,-,5,-,-
"Oliva, Leonardo",Comentarios a la obra de Historia Natural Mexicana del Dr. Francisco Hernández,-,-,-,-,-,,Comentarios; obra; Historia natural; Mexicana,,,No,Español,Monografía,Ciencias de la vida,-,-,-,-,-
"Oliva, Leonardo",Tratado de terapeutica,,-,-,-,-,-,Tratado; Terapéutica,-,,No,Español,Monografía,Ciencias de la vida,-,-,-,-,-
"Olvera, J.",Intermitentes rebeldes a la QUinina y Floricina dominadas por la Picosa,1873,2,269,271,2,,Quinina; Floricina; Picosa,https://babel.hathitrust.org/cgi/pt?id=hvd.32044103022430;view=1up;seq=275,,Sí,Español,Artículo,Ciencias de la vida,-,-,2,17,-
"Malzine, Omer de Pierre Antoine de",La Flore mexicaine aux environs de Cordova,1872,-,101,198,98,,Flora mexicaine; Cordova,https://catalog.hathitrust.org/Record/008700846,,Sí,Francés,Artículo,Ciencias de la vida,-,-,-,-,-
"Orvañanos, Domingo",Caso de tétanos tratado por el Curaro,1874,9,145,149,4,,Tétanos; taratado; Curaro,https://babel.hathitrust.org/cgi/pt?id=hvd.32044103045761&view=1up&seq=155,,Sí,Español,Artículo,Ciencias de la vida,-,-,9,-,-
"Orvañanos, Domingo",Inconvenientes de la plantación de árboles cerca de las habitaciones,1887,22,359,361,6,,Inconvenientes; plantación; árboles; habitaciones,"https://books.google.com.mx/books?id=U845AQAAMAAJ&q=Inconvenientes+de+la+plantaci%C3%B3n+de+%C3%A1rboles+cerca+de+las+habitaciones,+Domingo+orva%C3%B1anos&dq=Inconvenientes+de+la+plantaci%C3%B3n+de+%C3%A1rboles+cerca+de+las+habitaciones,+Domingo+orva%C3%B1anos&hl=es&sa=X&ved=2ahUKEwj5-s7a0NrsAhVCLs0KHZxSBcMQ6AEwAHoECAAQAg",,No,Español,Artículo,Ciencias de la vida,-,-,22,-,-
"Irigoyen, Alejandro","Estudio sobre la ""yerba loca"": tésis presentada al jurado calificador",1884,-,1,23,23,,Estudio; Yerba Loca,https://collections.nlm.nih.gov/catalog/nlm:nlmuid-101611932-bk,,Sí,Español,Monografía,Ciencias de la vida,"Reimpreso en Monografias de ""El Estudio""",-,-,4,-
"Coria, Francisco Núñez de","Regimiento y aviso de Sanidad, que trata de todos los géneros de alimentos y del regimiento de ella",1585,-,1,357,357,,Regimiento; Sanidad;géneros; alimentos,https://books.google.com.mx/books?id=PGpWAAAAcAAJ&dq=Regimiento%20y%20aviso%20de%20Sanidad%2C%20que%20trata%20de%20todos%20los%20g%C3%A9neros%20de%20alimentos%20y%20del%20regimiento%20de%20ella&hl=es&source=gbs_similarbooks,,Sí,Español,Monografía,Ciencias de la vida,-,-,-,8,-
"Orive y Vargas, Pedro",Sobre el Guaco como preservativo de las consecuencias de las mordeduras de las serpientes venenosas,1835,1,80,83,3,,Guaco; preservativo; mordeduras; serpientes; venenosas,https://books.google.com.mx/books?id=CmVTAAAAcAAJ&pg=PA162&dq=Sobre+el+Guaco+como+preservativo+de+las+consecuencias+de+las+mordeduras+de+las+serpientes+venenosas&hl=es&sa=X&ved=2ahUKEwiihr_TttvsAhUGI6wKHfITAawQ6AEwAHoECAUQAg#v=onepage&q=Sobre%20el%20Guaco%20como%20preservativo%20de%20las%20consecuencias%20de%20las%20mordeduras%20de%20las%20serpientes%20venenosas&f=false,,Sí,Español,Artículo,Ciencias de la vida,-,-,1,1,-
"Orepeza, Marcial",La espinosilla,1876,3,3,7,5,,Espinosilla,https://www.biodiversitylibrary.org/item/49853#page/9/mode/1up,,Sí,Español,Artículo,Ciencias de la vida,Tesis publicada en 1873,-,-,3,
"Orsted, Anders Sandoe",Mexicos og centralamerikas,1855,-,1,69,69,,Mexicos; Centralamerikas,https://babel.hathitrust.org/cgi/pt?id=hvd.32044107250912;view=1up;seq=1,,Sí,Danés,Monografía,Ciencias de la vida,-,-,-,-,-
"Orsted, Anders Sandoe",Palmae centroamericanae,1858,-,1,54,54,,Palmae; centroamericanae,https://www.biodiversitylibrary.org/bibliography/139305#/summary,,Sí,Danés,Monografía,Ciencias de la vida,-,-,-,4,-
"Orsted, Anders Sandoe",Myrsineae centroamericanae et mexicanae,1861,-,117,142,26,,Myrsinea; Centroamericanae; Mexinanae,https://www.biodiversitylibrary.org/item/111113#page/121/mode/1up,,Sí,Danés,Articulo,Ciencias de la vida,-,-,-,44082,
"Orsted, Anders Sandoe; Bentham, George",Compositae centroamericanae: en unión de G. Bentham.,-,-,-,-,-,,Compositae; Centroamecicanae,-,,No,-,Monografía,Ciencias de la vida,-,-,-,-,-
"Ortega de Villar, Aniceto de los Dolores Luis Gonzaga",Memoria sobre el cultivo de la caña de azucar,1865,-,1,47,47,,Memoria; cultivo; Caña azucar,https://catalog.hathitrust.org/Record/011273204,,Sí,Español,Monografía,Ciencias de la vida,-,-,-,-,-
"Ortega, Andrés",Estudio sobre el chicalote,1877,-,1,24,24,,Estudio; Chicalote,*,,No,Español,Monografía,Ciencias de la vida,"Reimpreso en el apéndice de ""El Estudio""",-,-,-,-
"Gómez Ortega, Casimiro","Historia natural de la Malagueta o pimenta de Tabasco, y noticia de los usos, virtudes y exencion de derechos de esta saludable y gutosa especia, con la lamina de su árbol.",1780,-,1,34,34,,Historia; Malagueta; Pimenta Tarasco; virtudes; saludable; especia,https://books.google.com.mx/books?id=56rQFNYfmOQC&pg=PA1&lpg=PA1&dq=Historia+natural+de+la+Malagueta+o+pimenta+de+Tarasco&source=bl&ots=psZ75z23BP&sig=7tyomoSmdyg_gBiHTtSvHXsTRis&hl=es&sa=X&ved=2ahUKEwi35eyS7J_fAhUHlawKHQYeAdEQ6AEwDXoECAgQAQ#v=onepage&q=Historia%20natural%20de%20la%20Malagueta%20o%20pimenta%20de%20Tarasco&f=false,,Sí,Español,Monografía,Ciencias de la vida,"Reimpresa en el ""Amigo del Pueblo"" pág. 19, N° 9, tomo1° México. 1827.",-,-,-,1827
"Gómez Ortega, Casimiro","Novarum aut rariorum plantarum Hor. Reg. Botan. Matrit. Descriptionum decades, cum nonnullarum iconibus.",1797,-,1,87,87,,Novarum; rariorum; plantarum,https://books.google.com.mx/books?id=qUMXAAAAYAAJ&pg=PP9&dq=Novarum+aut+rariorum+plantarum+Hor.+Reg.+Botan.+Matrit&hl=es&sa=X&ved=0ahUKEwjHp7Dd7J_fAhVDDq0KHXmABdIQ6AEIKTAA#v=onepage&q=Novarum%20aut%20rariorum%20plantarum%20Hor.%20Reg.%20Botan.%20Matrit&f=false,,Sí,Latín,Monografía,Ciencias de la vida,contiene 10 décadas,-,-,-,-
"Ortega Reyes, Manuel",De las propiedades febrífugas del Palo Mulato,1881,16,235,235,1,,Propiedades; Febrifugas; Palo Mulato,https://books.google.com.mx/books?id=DJE1AQAAMAAJ&q=De+las+propiedades+febr%C3%ADfugas+del+Palo+Mulato&dq=De+las+propiedades+febr%C3%ADfugas+del+Palo+Mulato&hl=es&sa=X&ved=2ahUKEwjtn-_E89zsAhWGQc0KHbyxD04Q6AEwBHoECAEQAg,,No,Español,Artículo,Ciencias de la vida,-,-,-,16,-
"Ortega Reyes, Manuel",Algunas plantas medicinales del Estado de Oaxaca,1889,20,45,57,12,-,Plantas; medicinales; Estado; Oaxaca,https://books.google.com.mx/books?id=U845AQAAMAAJ&q=Algunas+plantas+medicinales+del+Estado+de+Oaxaca&dq=Algunas+plantas+medicinales+del+Estado+de+Oaxaca&hl=es&sa=X&ved=2ahUKEwipqfyx9dzsAhVNBc0KHWIuAUsQ6AEwBXoECAUQAg,,No,Español,Artículo,Ciencias de la vida,Se ocupa especialmente de Eurobiáceas,-,-,20,-
"Palmer, F. T.","Culture des cacte?es, suivie d'une description des principales especes et varie?te?s",1867,,1,216,216,,"Culture; cactées, principales; especes; variétes",https://agris.fao.org/agris-search/search.do;jsessionid=8EACF33E36F0794A8CF8CE7A7FCF4A09?request_locale=fr&recordID=US201300197170&query=&sourceQuery=&sortField=&sortOrder=&agrovocString=&advQuery=&centerString=&enableField=,,No,Francés,Monografía,Ciencias de la vida,-,-,-,18,-
"Parlatore, Filippo; Caruel, Teodoro","Flora italiana; ossia, Descrizione delle piante che crescono spontanee o vegetano come tali in Italia e nelle isole ad essa aggiacenti; disposta secondo il metodo naturale.",1848,1,1,568,568,,Flora; Italiana,https://www.biodiversitylibrary.org/bibliography/6341#/summary,https://doi.org/10.5962/bhl.title.6341,Sí,Italiano,Monografía,Ciencias de la vida,Son 10 volumenes de la obra completa.,-,-,1,
"Parry Charles Christopher; Engelmann, George; Torrey, John",Report on the United States and Mexican boundary survey :made under the direction of the secretary of the Interior,1857,1,1,258,258,,Introduction; Botany; Bundary,https://www.biodiversitylibrary.org/bibliography/213#/summary,https://doi.org/10.5962/bhl.title.213,Sí,Inglés,Monografía,Ciencias de la vida,Dos volumenes en total divididos en 2 partes,-,-,2,-
"Pascacio, N.",La caña de azúcar en el departamento de Chilon,1893,,39,39,1,,Caña azucar; departamento; Chilón,-,,No,Español,Artículo,Ciencias de la vida,Año 3,,-,1,-
"Pascua, Ladislao de la",El pulque,1880,5,152,152,1,,Pulque,-,,No,Español,Artículo,Ciencias de la vida,-,-,-,5,-
"Pastor Morales, Juan José",Varios escritos y dibujos de plantas de michoacan,-,,-,-,-,,Escritos; dibujos; plantas; Michoacan,-,,No,Español,Monografía,Ciencias de la vida,-,-,-,-,-
"Patiño, Francisco",Las plantas carnívoras.,1876,11,474,479,5,,Plantas;Carnivoras,https://babel.hathitrust.org/cgi/pt?id=mdp.39015046999507&view=1up&seq=978,,Sí,Español,Artículo,Ciencias de la vida,-,-,-,11,-
"Patiño, Francisco",El Acido Salicylico.,1876,2,89,91,3,,Acido salicílico,http://www.hndm.unam.mx/consulta/publicacion/visualizar/558075bd7d1e63c9fea1a112?intPagina=16&tipo=publicacion&anio=1876&mes=06&dia=01,,Sí,Español,Artículo,Ciencias de la vida,-,-,2,6,-
"Patiño, Francisco",La Botánica en definiciones. Prolegómenos para servir de introducción y facilitar el estudio de aquella ciencia.,1880,,1,128,128,,Botánica; Prolegómenos; facilitar; estudio; ciencia,https://www.biodiversitylibrary.org/bibliography/115465#/summary,https://doi.org/10.5962/bhl.title.115465,Sí,Español,Monografía,Ciencias de la vida,-,-,-,8,
"Patiño, Francisco",Senecio canicida.,1880,5,14,14,1,,Senecio; canicida,-,,No,Español,Artículo,Ciencias de la vida,-,-,-,5,-
"Patiño, Francisco",La Ergotina.,1880,5,338,338,1,,Ergontina,-,,No,Español,Artículo,Ciencias de la vida,-,-,-,5,-
"Payno, Manuel",Memoria sobre el Maguey Mexicano y sus diversos productos.,1864,-,1,132,132,,Memoria; maguey; Mexicano; productos,https://archive.org/details/memoriasobreelm00payngoog/page/n4,,Sí,Español,Monografía,Ciencias de la vida,"Reimpreso en el ""Boletin de la Sociedad de Geografia y Estadistica de la Republica Mexicana"" Tomo 10.",-,-,-,-
"Payno, Manuel",El Topinambour.,1869,1,272,273,2,,Topinambour,https://babel.hathitrust.org/cgi/pt?id=mdp.39015008360623&view=1up&seq=286,,Sí,Español,Artículo,Ciencias de la vida,2a época,1,-,-,-
"Payró, Agustín",Estudio sobre la Yerba del Angel.,1883,-,1,19,19,,Estudio; Yerba; Angel,https://collections.nlm.nih.gov/catalog/nlm:nlmuid-101598684-bk,,Sí,Español,Monografía,Ciencias de la vida,-,-,-,-,-
Peinen,Eigentliche Abbildung der amerikanischen Aloe.,1700,-,-,-,-,,Eigentliche; abbildung; amerikanischen Aloe,-,,No,Alemán,Monografia,Ciencias de la vida,-,-,-,-,-
"Pelletán, Gabriel",Note sur deux espèces de jalap du commerce,1884,-,1,25,25,,Deux; espéces; Jalap; commerce,https://books.google.com.mx/books/about/Note_sur_deux_esp%C3%A8ces_de_jalap_du_comme.html?id=xtMaAAAAYAAJ&redir_esc=y,,No,Francés,Monografía,Ciencias de la vida,-,-,-,-,-
"Peniche, Pablo",El Henequén bajo el punto de vista fitotécnico.,1883,-,109,109,1,,Henequén; fitotécnico,https://books.google.com.mx/books?id=bMc9AQAAMAAJ&q=El+Henequ%C3%A9n+bajo+el+punto+de+vista+fitot%C3%A9cnico.&dq=El+Henequ%C3%A9n+bajo+el+punto+de+vista+fitot%C3%A9cnico.&hl=es&sa=X&ved=2ahUKEwjevs_E7e7tAhVFOq0KHZbHD58Q6AEwAHoECAMQAg,,No,Español,Monografía,Ciencias de la vida,Se ha reimpreso muchas veces este escrito,-,-,-,1889
"Pereira, Johnathan","The Elements of Materia Medica, comprehending the Natural History, Preparation, Properties, Composition, Effects and Uses of Medicines.",1849,1,1,897,897,,Elements; materia medica; preparation; propieties; composition; effects; usos,https://www.biodiversitylibrary.org/item/192074#page/7/mode/1up,https://doi.org/10.5962/bhl.title.109750,Sí,Inglés,Monografía,Ciencias de la vida,Son 2 volumenes en total,-,-,-,-
"Persoon, Christiaan Hendrik","Synopsis plantarum,seu Enchiridium botanicum, complectens enumerationem systematicam specierum hucusque cognitarum",1805,-,1,546,546,,Plantarum; Enchiridium; Botanicum,https://www.biodiversitylibrary.org/item/11125#page/4/mode/1up,,Sí,Latín,Monografía,Ciencias de la vida,Son 2 volumenes en total,-,-,-,-
"Pérez, Manuel",Del Matico y de sus usos terapéuticos.,1869,1,599,600,2,,Matico;usos; terapéuticos,https://babel.hathitrust.org/cgi/pt?id=mdp.39015008360623&view=1up&seq=619,,No,Español,Artículo,Ciencias de la vida,2a época,-,-,1,-
"Pérez, Lázaro",Estudio sobre el maguey llamado mezcal en el Estado de Jalisco.,1887,-,1,22,22,,Estudio; maguey; mezcal; Jalisco,https://books.google.com.mx/books/about/Estudio_sobre_el_maguey_llamado_mezcal_e.html?id=HVWTngEACAAJ&redir_esc=y,,No,Español,Monografía,Ciencias de la vida,-,-,-,-,1990
"Pérez, Genaro",La Marihuana. Breve estudio sobre esta planta.,1886,-,1,60,60,,Marihuana; breve estudio; planta,https://books.google.com.mx/books/about/La_marihuana.html?id=YRYJPAAACAAJ&redir_esc=y,,No,Español,Monografía,Ciencias de la vida,-,-,-,-,
"Pérez, Ricardo",Estudio sobre la falsa belladona: te?sis que para el exa?men general de farmacia presenta al jurado calificador,1885,-,1,19,19,,Estudio; falsa; Belladona,https://collections.nlm.nih.gov/catalog/nlm:nlmuid-101598689-bk,,Sí,Español,Monografía,Ciencias de la vida,"Reimpreso en Monografias de ""El Estudio""",-,-,-,-
"Pérez, Severiano",Los frutos del árbol del Perú.,1891,-,22,26,5,,Frutos; árbol; Perú,http://www.hndm.unam.mx/consulta/publicacion/visualizar/558075bd7d1e63c9fea1a157?intPagina=21&tipo=publicacion&anio=1891&mes=12&dia=01,,Sí,Español,Articulo,Ciencias de la vida,Año 1,-,-,6,-
"Pérez, Gallardo. J.",Manual de Agricultura y Ganadería mexicanas. 3* edición. Paris. 1866. 8° con pp. 286.,1874,-,1,281,281,,Manual; Agricultura; ganaderia; mexicanas,https://www.biodiversitylibrary.org/item/223943#page/5/mode/1up,,Sí,Español,Monografía,Ciencias de la vida,-,-,-,4,-
"Pteyritsch, J.",Beiträge zur Flora Mexico's.,1879,-,1,82,82,,Beiträge; Flora Mexico´s,-,,No,Alemán,Artículo,Ciencias de la vida,-,-,-,-,-
"Petter, Franz",Versuch einer Geschichte der amerikanischen Agave besonders der un Schlossgarten zu Friedland blühenden mit einer Einleitung über die Verbreitung liniger anderer interessanter Gew-achse.,1817,,1,54,54,,Versuch; amerikanischen Agave; Schlossgarten Friedland;,-,,No,Alemán,Monografía,Ciencias de la vida,-,-,-,-,-
"Petter, Franz y Batlasa, Zara",Botanischer Wegweiser in der gegend von Spalato in Dalmatien,1832,-,1,288,288,,Botanischer wegweisser; Spalato; Dalmatien,https://books.google.com.mx/books?id=uT9ZAAAAcAAJ&printsec=frontcover&hl=es&source=gbs_ge_summary_r&cad=0#v=onepage&q&f=false,,Sí,Alemán,Monografía,Ciencias de la vida,-,-,-,12,-
"Petrelo, Eurgenio Veneto","Verdadera noticia de los frutales, flores y frutos que nuevamente se hallan en las Indias Occidentales.",1610,-,-,-,-,,Verdadera; frutales; flores; frutos; Indias occidentales,-,,No,Español,Monografía,Ciencias de la vida,-,-,-,-,-
"Peza, Ramón Icaza y",Acción fisiológica de la Digital y su empleo en las afecciones cardíacas.,1872,-,-,-,-,,Acción fisiológica; Digital; empleo; afecciones; cardiacas,-,,No,Español,Monografía,Ciencias de la vida,-,-,-,-,
"Pfeiffer, Ludwig Georg Karl",Enumeratio Diagnostica Cactearum hucusque cognitarum.,1837,-,1,192,192,,Enumeratio; diagnostica; cactearum; Hucusque,https://www.biodiversitylibrary.org/item/51983#page/1/mode/1up,https://doi.org/10.5962/bhl.title.15207,Sí,Latín,Monografía,Ciencias de la vida,-,-,-,-,-
"Pfeiffer, Ludwig Georg Karl",Beschreibung und Synonymik der in deutschen Garten lebend vorkommenden Cacteen : Nebst einer Uebersicht der grösseren Sammlungen und einem Anhange über die Kultur der Cactuspflanzen / von Louis Pfeiffer.,1837,-,1,231,231,,Beschr; Deustschen; Gärden; Cacteen,https://babel.hathitrust.org/cgi/pt?id=hvd.32044107241481;view=1up;seq=5,,Sí,Alemán,Monografía,Ciencias de la vida,-,-,-,-,-
"Pfeiffer, Ludwig Georg Karl","Neuere Erfahr, üb. Cacteen. Leop. Ah",1839,-,-,-,-,,Neuere; Erfahr; cacteen; Leop,-,,No,Alemán,-,Ciencias de la vida,-,-,-,-,-
"Pfeiffer, Ludwig Georg Karl ; Otto, Christoph Friedrich","Abbildung und Beschreibung blühender Cacteen. / Von Dr. L. Pfeiffer und Fr. Otto, Königl. Garten-Direktor zu Berlin. ; I. Band = Figures des Cactées en fleur peintes et lithographiées d'après nature. Avec un texte explicatif / par Mr. Louis Pfeiffer, Docteur en medécine et Mr. Fr. Otto, Inspecteur du Jardin au Roi à Berlin.",1843,1,1,60,60,,Figures; cactées; fleurs; texte,http://bibdigital.rjb.csic.es/spa/Libro.php?Libro=2655&Hojas=,,Sí,Alemán,Monografía,Ciencias de la vida,2 tomos,2,-,-,-
"Pimentel, Francisco",Observaciones a los nombres aztecas de que usa Hernández al hablar del maguey,1863,10,543,545,2,,Observaciones; nombres; aztecas; Hernández; maguey,https://books.google.com.mx/books?id=qTMhAQAAIAAJ&q=Observaciones+%C3%A1+los+nombres+aztecas+de+que+usa+Hern%C3%A1ndez+al+hablar+del+maguey&dq=Observaciones+%C3%A1+los+nombres+aztecas+de+que+usa+Hern%C3%A1ndez+al+hablar+del+maguey&hl=es&sa=X&ved=2ahUKEwjj-ZW2t-DsAhUQGKwKHbZBAUwQ6AEwCHoECAkQAg,,No,Español,Artículo,Ciencias de la vida,1a época,-,10,-,-
"Pineda y Ramiréz, Antonio",Observaciones sobre la yerba llamada del Pollo,1792,-,-,-,-,,Observaciones; Yerba; Pollo,-,,No,Español,-,Ciencias de la vida,-,-,-,-,-
"Piñera y Siles, Bartolomé","Narración histórica de las observaciones ó ensayos prácticos que se han hecho en los hospitales de San Juan de Dios, General y Pasión de esta corte, para examinar y comprobar la virtud antivenérea de los dos simples americanos agave ó pita y begonia; precedido de la noticia botánica de estos vegetales y seguida de reflexiones acerca de las virtudes ciertas é inconvenientes de ellos, y de un plan dietético y medicinal bajo el que se podrán administrar sin riesgo á nuestros naturales; dispuesta y ordenada por",1793,-,1,74,74,,Narración; observaciones; hospitales; comprobar; antivenerea; americanos agave,https://books.google.com.mx/books?id=LUhGTM2lo_0C&printsec=frontcover&source=gbs_ge_summary_r&cad=0#v=onepage&q&f=false,,Sí,Español,Monografía,Ciencias de la vida,-,-,,4,-
"Pirolle, Par",Traité special et didact du Dahlia.,1840,-,1,148,148,,Traité; spécial; Dahlia,https://books.google.com.mx/books?id=nZRhAAAAcAAJ&printsec=frontcover&dq=Trait%C3%A9+special+et+didact.+du+Dahlia.&hl=es&sa=X&ved=2ahUKEwic5-7h6uHsAhXKG80KHTnKBGEQ6AEwAHoECAYQAg#v=onepage&q=Trait%C3%A9%20special%20et%20didact.%20du%20Dahlia.&f=false,,Sí,Francés,Monografía,Ciencias de la vida,-,-,-,-,-
"Piso, William",De Indiae utriusque re naturali et medica libri XIV.,1658,-,1,70,70,,Indiae; naturali; medica,https://books.google.com.mx/books?id=3dndxFdQQfgC&pg=PA133&lpg=PA133&dq=De+Indiae+utriusque+re+naturali+et+medica+libri+XIV&source=bl&ots=dtF_SwWxLx&sig=0tBY8cM9U3eLHI-1Wd_xmWjaesI&hl=es&sa=X&ved=2ahUKEwjpnJbXuNXfAhULDq0KHROhD_8Q6AEwCHoECAAQAQ#v=onepage&q=De%20Indiae%20utriusque%20re%20naturali%20et%20medica%20libri%20XIV&f=false,,Sí,Latín,Monografía,Ciencias de la vida,-,-,-,-,-
"Plumier, Charles","Description des plantes de l'Amérique, avec leurs figures",1693,-,1,94,94,,description; plantes; IÁmeríque,https://gallica.bnf.fr/ark:/12148/bpt6k96921q,,Sí,Francés,Monografía,Ciencias de la vida,-,-,-,-,-
"Plumier, Charles; Tournefort, Joseph Pitton de",Nova Plantarum Amerieanarum Genera.,1703,-,1,52,52,,Nova; plantarum; Americaramum,https://www.biodiversitylibrary.org/bibliography/59135#/summary,,Sí,Francés,Monografía,Ciencias de la vida,-,-,-,-,-
"Plumier, Charles",Traité des Fougères de l'Amérique.,1705,-,1,146,146,,traité; Fougéres; Amérique,https://bibdigital.rjb.csic.es/records/item/10872-redirection,,Sí,Francés,Monografía,Ciencias de la vida,-,-,-,-,-
"Plumier, Charles",Plantarum Americanarum.,1755,-,1,16,16,,Plantarum; Americanarum,https://bibdigital.rjb.csic.es/records/item/14947-redirection,,Sí,Latín,Monografía,Ciencias de la vida,Son 10 fasciculos,-,-,-,-
"Poll, Nicolai","Morbi gallici curandi ratio exquisitissima, : à uariis, ijsdemq[ue] peritissimis medicis conscripta",1536,-,1,299,299,,Nicolás; phisici; cura morbi; guayacanum,https://archive.org/details/morbigallicicura00alme/page/n3/mode/2up,,Sí,Latín,Monografía,Ciencias de la vida,-,-,-,-,-
"Pollini, Cyrus",Flora Veronensis quam IN prodromum floras Italise septentrionalis exhibet.,1822,2,1,754,754,,Fora; veronensis; florae; Italiae,https://books.google.com.mx/books?id=cEdY3B5Jt5UC&hl=es&source=gbs_navlinks_s,,Sí,Latín,Monografía,Ciencias de la vida,Son 3 volumenes en total,-,2,-,-
Pompillan,Contribution à l'étude des tiges de vanille.,1833,,-,-,-,,Contribution; I´étude; tiges; vanille,-,,No,Francés,-,Ciencias de la vida,-,-,-,-,-
"Postello, Guillaume","Des merveilles du monde, et principalemét [""sic""] des admirables choses des Indes, & du nouveau monde : histoire extraicte des escriptz tresdignes de foy, tant de ceulx qui encores sont a present audict pays, come de ceulx qui encores vivantz peu paravat en sont retournez / [par Guillaume Postel]",1553,-,1,96,96,,Maravillas; Nuevo mundo,https://gallica.bnf.fr/ark:/12148/bpt6k108701x.r=Guillaume%20Postel?rk=429186;4,,Sí,Francés,Monografía,Ciencias de la vida,-,15,-,-,-
"Poumian, Abraham","Noticia del Añil en el Departamento de Tonalá, Estado de Chiapas.",1872,4,501,504,3,,Noticia; Añil; Tonalá; Chiapas,https://babel.hathitrust.org/cgi/pt?id=mdp.39015008360607&view=1up&seq=511,,Sí,Español,Artículo,Ciencias de la vida,2a época,-,4,-,-
"Poyet y Calude, Francois","Sur divers végétaux du Mexique dont l'aclimatation pourrait être utilment tentée dans le med. de la France, en Algerie et aux colonies.",1862,-,-,-,-,,Divers; végetaix; Mexique; I´aclimatation; France; Algerie; colonies,-,,No,Francés,Artículo,Ciencias de la vida,-,-,-,-,-
"Poyet y Calude, Francois","Notices géographiques, ethnographiques, statistiques,climatologiques et économiques des différentes localités du Mexique.",1863,-,1,40,40,,Notices; ; geographiques; ethnographiques; climatologiques; economiques; localités; Mexique,https://books.google.com.mx/books/about/Jalapa.html?id=jksKAQAAIAAJ&redir_esc=y,,No,Francés,Monografía,Ciencias de la vida,Extraido de Nouvelles Annales des Voyages,-,4,-,-
"Poco, Zacarías del","Historia de la Goma Indiana contra el Asma, Hidropesía y Gota, y del Michoacán, Musco, y el Ambar.",1624,-,-,-,-,,Historia; Goma Indiana; Asma; Hidropesía ; Gota; Michoacán; Musco; Ambar.,-,,No,Latín,-,Ciencias de la vida,-,-,4,-,-
"Presi, C. B. T.",Reliquias Hsenkeange.,1830,-,-,-,-,,Relique; Hsenkeange,-,,No,Francés,Monografía,Ciencias de la vida,-,-,-,-,-
"Prieto, Alejandro",Proyectos sobre la colonización del Istmo de Tehuantepec.,1884,-,1,126,126,,Proyectos; Colonización; Itsmo de Tehuantepec,https://archive.org/details/proyectossobrel00priegoog/page/n11/mode/2up,,Sí,Español,Monografía,Ciencias de la vida,-,-,,4,-
"Prieto, José María",Breve estudio de la corteza del tallo del Colorín.,1890,-,1,24,24,,Breve; Estudio; corteza; Tallo Colorin,-,,No,Español,Monografía,Ciencias de la vida,-,-,-,4,-
"Puglia, Pedro",Nueva especie de Helianto.,1865,1,335,336,2,,Nueva; Especie; Helianto,https://babel.hathitrust.org/cgi/pt?id=mdp.39015046999424;view=1up;seq=341,,Sí,Español,Artículo,Ciencias de la vida,-,-,1,1,-
"Pursh, Frederick Traugott","Flora Americae Septentrionalis; or, A systematic arrangement and description of the plants of North America. Containing, besides what have been described by preceding authors, many new and rare species, collected during twelve years travels and residence in that country",1814,1,1,358,358,,Flora; Americae; Septentrionalis,https://www.biodiversitylibrary.org/item/1987#page/1/mode/1up,,Sí,Latín,Monografía,Ciencias de la vida,Son 2 volumenes en total,-,-,-,-
"Quer, Jose","Flora Española, ó Historia de las plantas que se crían en España",1762,1,1,1054,1054,,Flora; Española; Historia; crían; España,http://bdh-rd.bne.es/viewer.vm?id=0000042068&page=1,,Sí,Español,Monografía,Ciencias de la vida,Son 4 volumenes en total,-,1,-,-
"R, E.","Horticultura. Propagación de las plantas por acodo, por desgarrado ó por ingerto.",-,1,51,51,1,,Horticultura; porpagación; plantas; acodo; ingerto,-,,No,Español,Artículo,Ciencias de la vida,-,-,1,-,-
"R, E.",Botánica aplicada á la Agricultura. Nociones generales y sencillas sobre las plantas más útiles de México.,-,1,-,-,-,,Botánica; aplicada; Agricultura; nociones; plantas,-,,No,Español,Artículo,Ciencias de la vida,-,-,1,-,-
"Rabasa, Eduardo",Cultivo del Tabaco en Simojovel.,-,1,12,12,1,,Cultivo; tabaco; Simojovel,-,,No,Español,Artículo,Ciencias de la vida,-,-,1,-,-
"Ramirez, Manuel",Estudio de las fiebres intermitentes del Estado de Mo reíos.,1873,-,1,38,38,,Estudio; Fiebres; Estado; Morelos,-,,No,Español,Monografía,Ciencias de la vida,-,-,-,4,-
"Ramirez Prado, Mariano del",Estudio ligero sobre los papilomas cutáneos por el jugo del Euphorbia Splendens.,1887,-,1,19,19,,Tratamiento; papilomas cutaneos; jugo; Euphorbia Splendens,https://collections.nlm.nih.gov/ext/dw/101598891/PDF/101598891.pdf,,Sí,Español,Monografía,Ciencias de la vida,-,-,-,4,-
"Ramirez H., Francisco Xavier",Ramillete de flores de la Medicina para que los pobres se puedan curar sin ocupar otra persona,1890,,1,127,127,,Ramillete; flores; Medicina; curar,-,,No,Español,Monografía,Ciencias de la vida,-,-,-,-,-
"Ramírez Mateos, José Aurelio",La Quina de Michoacán.,1891,4,30,30,1,,Quina; Michoacan,-,,No,Español,Artículo,Ciencias de la vida,-,-,4,-,-
"Ramírez Mateos, José Aurelio",Descripción microscópica de las raíces de las Lobelias laxiflora y fenestratis.,1891,4,9,9,1,,Descripción; microscópica; raíces; Lobelias; Fenestratis,-,,No,Español,Artículo,Ciencias de la vida,-,-,4,-,-
"Ramírez Mateos, José Aurelio","Sinonimia vulgar y científica de varias de las ""Plantas de la Nueva España"" de M. Sessé y José Mocino.",1891,4,220,220,1,,Sinomia; vulgar; científica; plantas; Nueva España,-,,No,Español,Artículo,Ciencias de la vida,-,-,4,-,-
"Ramírez Mateos, José Aurelio",Vegetación de Pátzcuaro.,1894,1,56,61,5,,Vegetación; Pátzcuaro,https://www.biodiversitylibrary.org/item/51260#page/68/mode/1up,,Sí,Español,Articulo,Ciencias de la vida,-,-,1,-,-
"Ramírez Mateos, José Aurelio",La Mocinna heterophylla. Nuevo género de las Papayáceas.,1894,1,205,212,7,,Mocinna hererophylla; nuevo género; papayáceas,https://www.biodiversitylibrary.org/item/51260#page/235/mode/1up,,Sí,Español,Artículo,Ciencias de la vida,-,-,1,-,-
"Ramírez Mateos, José Aurelio",Lista de las plantas que formarán la primera parte de la Materia Médica Nacional.,1894,1,218,218,1,,Plantas; primera parte; materia; médica nacional,https://www.biodiversitylibrary.org/item/51260#page/256/mode/1up,,Sí,Español,Artículo,Ciencias de la vida,-,-,1,-,-
"Ramírez Mateos, José Aurelio",Otros datos para la historia de las Semillas brincadoras.,1897,2,403,404,2,,Otros datos; historia; semillas brincadoras,https://www.biodiversitylibrary.org/item/122571#page/639/mode/1up,,Sí,Español,Artículo,Ciencias de la vida,2a época/1ra parte,-,2,-,-
"Ramírez Mateos, José Aurelio",Nuevos datos para la historia de las Semillas brincadoras.,1897,2,408,410,3,,Nuevos datos; historia; semillas brincadoras,https://www.biodiversitylibrary.org/item/122422#page/16/mode/1up,,Sí,Español,Artículo,Ciencias de la vida,2a época/2da parte,,2,-,-
"Ramírez, Ricardo",Reseña de la expedición de Historia Natural dirigida por Martín Sessé.,1894,-,I,XI,X,,Reseña; expedición; Historia Natural; Martín Sssé,https://www.biodiversitylibrary.org/item/207827#page/9/mode/1up,https://doi.org/10.5962/bhl.title.119200,Sí,Español,Monografia,Ciencias de la vida,-,2,-,1,-
"Ramos, José","Breve estudio sobre la degeneración grasosa del hígado que se observa en México, en sus relaciones con el abuso del Pulque",1881,-,1,138,138,,Breve estudio; degeneración grasosa; higado; observa; México,https://books.google.com.mx/books/about/Breve_estudio_sobre_la_degeneracion_gras.html?id=lFxZAAAAMAAJ&redir_esc=y,,No,Español,Monografía,Ciencias de la vida,-,-,-,4,-
"Ramos Quintana, Pedro",El Arbol del Pochote.,1859,1,429,431,3,,Árbol; Pochote,https://babel.hathitrust.org/cgi/pt?id=nyp.33433007325065&view=1up&seq=447,,Sí,Español,Articulo,Ciencias de la vida,-,-,-,1,-
"Raso, Emilio del",Apuntes para el estudio de la Cicutilla. Tesis. México. 1890. 4° pp. 22.,1890,-,1,22,22,,Apuntes; estudio; Cucutilla,https://archive.org/details/b30468814?q=Emilio+del+Raso,,Sí,Español,Monografía,Ciencias de la vida,-,-,-,4,-
"Ratzel, Friedrich",Aus Mexico; Reiseskizzen aus den Jahren 1874 und 1875,1878,-,1,426,426,,Aus Mexico;M contiene; articulos; plantas; México,https://archive.org/details/ausmexico00ratzgoog/page/n6,,Sí,Alemán,Monografía,Ciencias de la vida,-,-,-,-,-
"Reveill, José Simeón; Reveill Fernando",Cultivo del Henequén.,1859,1,124,138,1,,Cultivo; Henequén,https://babel.hathitrust.org/cgi/pt?id=nyp.33433007325065&view=1up&seq=142,,Sí,Español,Artículo,Ciencias de la vida,-,-,1,-,-
"Reichenbach, Heinrich Gottlieb Ludwig","Flora Germanica excursoria ex affinitate regni vegetabilis naturali disposita, sive principia synopseos plantarum in Germania terrisque in Europa media adjacentibus sponte nascentium cultarumque frequentius / auctore Ludovico Reichenbach, Consil. aul. Reg. Saxon. Dr. Philos. Medic. Chir. Hist. Nat. Prof. Musei Reg. zoolog. et mineralog. praefect. Horti bot. acad. Dresd. direct. Acad. et Societ. plur. sodali. [...] ; Insunt plantae: Acrobastae et Phylloblastae",1830,-,1,438,438,,Frora; Germanica; excursiora,http://bibdigital.rjb.csic.es/ing/Libro.php?Libro=1358,,Sí,Latín,Monografía,Ciencias de la vida,Son 3 volumenes en total,-,-,-,-
"Redouté, Pierre Joseph",Les Liliacées,1802,-,1,387,387,,Liliacées,https://archive.org/details/mobot31753000795747/page/n7,,Sí,Francés,Monografía,Ciencias de la vida,18 vols,-,-,-,-
"Regel, Eduard August von",Die agave arten des kaiserlichen botanischen gartens in Saint Petersbourg,1858,7,310,314,4,,Agave; Botanischen Gartens; Saint-Petersbourg,https://www.biodiversitylibrary.org/item/123933#page/384/mode/1up,,Sí,Alemán,Monografía,Ciencias de la vida,-,-,7,-,-
"Rendon, Luis",Informe sobre el cultivo y cosecha del café en Colima,1870,2,349,351,3,,Informe; cultivo; cosecha; café; Colima,https://babel.hathitrust.org/cgi/pt?id=mdp.39015008360540;view=1up;seq=357,,Sí,Español,Informe,Ciencias de la vida,2a época,-,2,-,-
"Renouard, A.","L'abaca, l'agave et le phormium",-,-,1,24,24,,L´abaca; I´agave; Phormium,-,,No,Francés,Monografía,Ciencias de la vida,-,-,-,8,-
"Retes, Miguel",Santiago Ixcuintla. Cultivo del Algodon en el Distrito de Tepic,1846,1,27,27,1,,Santiago Ixcuintla; Cultivo; algodón; Tepic,-,,No,Español,Artículo,Ciencias de la vida,-,-,1,-,-
"Reyes Bruciaga, Agustin",Estudio comparativo sobre las flores del arnica del país y extranjera,1886,-,-,-,-,,Estudio; comparativo; flores Arnica; páis; extranjera,-,,No,Español,Monografía,Ciencias de la vida,"Reimpreso en Monografias de ""El Estudio""",-,-,4,-
"Reyes, Vicente",Ligeras nociones acerca del Tepehuaje,1872,4,115,119,5,,Ligeras; nociones; Tepehuaje,https://babel.hathitrust.org/cgi/pt?id=mdp.39015008360607&view=1up&seq=121,,Sí,Español,Artículo,Ciencias de la vida,2a época,-,4,-,-
"Reyes, Vicente",Instrucciones para la formación de colecciones de madera de la República,1882,6,114,114,1,,Instrucciones; colecciones; madera; República,-,,No,Español,Artículo,Ciencias de la vida,3a época,-,6,-,-
"Reza, Agustin","Accion fisiologica comparada del cuernecillo de Centeno y el Zihuapatle, druante y después del parto",1887,-,1,49,49,,Acción; fisiológica; comparada; Cuernecillo Centeno; Zihuapatle,-,,No,Español,Monografía,Ciencias de la vida,-,-,-,4,-
"Richard, Achille; Galeotti, Henri Guillaume",Monographie des Orchidees mexicanes :précédée de considérations générales sur la végétation du Mexique et sur les diverses stations où croissent les espèces d'Orchidées mexicaines / par A. Richard et H. Galeotti.,1844,,497,513,16,,Monographie; Orchidées; Mexicaines; considerations; sur; diverses stations,https://catalog.hathitrust.org/Record/009729332,https://books.googleusercontent.com/books/content?req=AKW5Qae8UfJyjLJffAu9fXOksHKjupBaXwCUpCuIu5bEXGxgc5yPfzvO6XbICux-w52r6gUxGApBKXW7zOaBw18RLHL5urTTsWPuicxZBgi239M8lixGw_sR8tC0mLqnu48PWJfhkk27g5Xv6cIbsG93WaOd1CcECJFL08wQLWhckw8byR4JRtHTS4ifzYDqDJmJqcOPDcoQP4inbeOfT9skZkNixHTwqW_otItXzakbrMoPerMFcFkH_EGc9XGL087NUBdfJ8YwpKXc7JLx2HcQNosmWk2R1bYahnbe0BRNLbuOvTHjeNE,Sí,Francés,Monografía,Ciencias de la vida,compte rendu des séances de I´Academie des Sciences,-,XVIII,-,-
"Riley, Carlos V.",Mexican jumping beans and the plansts upon which they are produced,1891,12,552,554,3,,Mexican; jumping beans; plants; produced,https://www.biodiversitylibrary.org/item/162030#page/586/mode/1up,,Sí,Inglés,Artículo,Ciencias de la vida,-,-,-,-,-
"Riley, Carlos V.",The juca moth and juca pollination,1891,3,99,158,60,,Juca; Juca pllination,-,,No,Inglés,Artículo,Ciencias de la vida,-,-,-,-,-
"Riley, Carlos V.",Mexican jumping beans. The determination of the plant,1892,2,178,181,4,,Mexican; jumping beans;determination; plant,https://www.biodiversitylibrary.org/item/19593#page/200/mode/1up,,Sí,Inglés,Artículo,Ciencias de la vida,-,-,-,II,-
"Rincon y Blanco, Leopoldo",Siembra y cultivo del cafetero,1892,1,2,2,1,,Siembra; cultivo; Cafetero,-,,No,Español,Artículo,Ciencias de la vida,,-,1,1,-
"Rio de la Loza, Leopoldo",Liparolado de Estramonio,1838,3,38,38,1,,Liparolado; Estramonio,-,https://babel.hathitrust.org/cgi/pt?id=mdp.39015046999465;view=1up;seq=335 lagoma de archipín,No,Español,Artículo,Ciencias de la vida,Serie 1,-,-,-,-
"Rio de la Loza, Leopoldo",Ajenjo,1844,1,190,191,2,,Ajenjo,https://archive.org/details/escritosdeleopo00riod/page/128,https://archive.org/details/escritosdeleopo00riod/page/128,Sí,Español,Artículo,Ciencias de la vida,"Tomado de ""Periodico de la Sociedad Filoiátrica"", tomo 1, México. 1844.",-,-,-,-
"Rio de la Loza, Leopoldo",Drogas medicinales,1844,1,170,173,4,,Drogas; Medicinales,https://archive.org/details/escritosdeleopo00riod/page/128,https://archive.org/details/escritosdeleopo00riod/page/128,Sí,Español,Artículo,Ciencias de la vida,"Tomado de ""Periodico de la Sociedad Filoiátrica"", tomo 1, México. 1844.",-,1,-,-
"Rio de la Loza, Leopoldo; Craveri, E.",Opúsculo sobre los pozos artesianos y las aguas naturales de más uso en la ciudad de México con algunas noticias relativas al corte geologico del Valle y una lista de plantas que vegetan en las inmediaciones del Desiertp Publicado,1854,6,9,19,20,,Opúsculo; pozos artesianos; aguas naturales; México,https://archive.org/details/escritosdeleopo00riod/page/204/mode/2up?q=opusculo,https://archive.org/details/escritosdeleopo00riod/page/124,Sí,Español,Artículo,Ciencias de la vida,Suplemento al tomo VI,-,-,8,-
"Rio de la Loza, Leopoldo",Cactus Ophoides,1858,6,187,190,4,,Cactus; Ophioides,https://babel.hathitrust.org/cgi/pt?id=umn.31951001470347x&view=1up&seq=199,https://babel.hathitrust.org/cgi/pt?id=mdp.39015046999465;view=1up;seq=335,Sí,Español,Artículo,Ciencias de la vida,1a época,-,6,,-
"Rio de la Loza, Leopoldo",El animal-planta,1863,10,315,318,3,,Animal-planta,https://babel.hathitrust.org/cgi/pt?id=hvd.tz1pqy;view=1up;seq=281,https://babel.hathitrust.org/cgi/pt?id=hvd.tz1pqy;view=1up;seq=281,Sí,Español,Artículo,Ciencias de la vida,1a época,-,10,4,-
"Rio de la Loza, Leopoldo",Apuntes sobre algunos productos del Maguey,1863,10,531,542,11,,Apuntes; productos; Maguey,https://babel.hathitrust.org/cgi/pt?id=uc1.b2941311;view=1up;seq=571,https://babel.hathitrust.org/cgi/pt?id=uc1.b2941311;view=1up;seq=571,Sí,Español,Artículo,Ciencias de la vida,1a época,-,10,-,-
"Rio de la Loza, Leopoldo",Senecio en el tratamento de la epilepsía,1866,2,345,349,5,,Senecio; tratamiento; epilepsía,https://babel.hathitrust.org/cgi/pt?id=mdp.39015046999432&view=1up&seq=361,https://archive.org/details/escritosdeleopo00riod/page/124,Sí,Español,Artículo,Ciencias de la vida,-,-,2,-,-
"Rio de la Loza, Leopoldo",La goma archipín,1870,5,317,322,5,,Goma; Archipín,https://babel.hathitrust.org/cgi/pt?id=mdp.39015046999465;view=1up;seq=335,https://babel.hathitrust.org/cgi/pt?id=mdp.39015046999465;view=1up;seq=335,Sí,Español,Artículo,Ciencias de la vida,-,-,5,-,-
"Rio de la Loza, Leopoldo; Herrera Fernandez, Alfonso; Ramirez, Ricardo",El liquen tintóreo de la Baja California,1873,2,163,172,10,,Liquen tinttóreo; Baja California,https://www.biodiversitylibrary.org/item/120585#page/185/mode/1up,https://babel.hathitrust.org/cgi/pt?id=umn.31951001470347x;view=1up;seq=199 TOMO 6 AÑO 1858,Sí,Español,Artículo,Ciencias de la vida,,-,2,-,-
"Rio de la Loza, Maximino",Yerba de la Puebla. Estudios químico medicos sobre dicha planta,1860,8,418,424,6,,Yerba; Puebla; Estudios; quimico-médicos,https://babel.hathitrust.org/cgi/pt?id=mdp.39015008360490&view=1up&seq=428&q1=yerba%20de%20puebla,https://babel.hathitrust.org/cgi/pt?id=mdp.39015046999507;view=1up;seq=363,Sí,Español,Artículo,Ciencias de la vida,1a época,-,3,-,-
"Rio de la Loza, Maximino",Del senecio en el tratamiento de la epilepsía,1866,2,345,349,4,,Senecio; tratamiento; epilepsía,https://babel.hathitrust.org/cgi/pt?id=mdp.39015046999432&view=1up&seq=361,https://babel.hathitrust.org/cgi/pt?id=mdp.39015046999432;view=1up;seq=361,Sí,Español,Artículo,Ciencias de la vida,-,-,2,-,-
"Rio de la Loza, Maximino",Importancia del jaborandi,1875,10,349,354,5,,Importancia; Jaborandi,https://babel.hathitrust.org/cgi/pt?id=mdp.39015046999507&view=1up&seq=363,,Sí,Español,Artículo,Ciencias de la vida,-,-,10,-,-
"Rio de la Loza, Maximino",Algunas aclaraciones relativas a la Hierba de la Puebla,1888,23,431,431,1,,Algunas; aclaraciones; Hierba; Puebla,,,No,Español,Artículo,Ciencias de la vida,-,-,23,-,-
"Rio de la Loza, Francisco",Estudio sobre el colorín,1877,,1,21,21,,estudio; Colorín,,,No,Español,Monografía,Ciencias de la vida,"Reimpreso en ""El estudio""",-,4,-,-
"Rio de la Loza, Francisco",Preliminares al estudio del Tlalocopetate,1893,4,46,58,12,,Preliminares; estudio; Tlalocopete,https://archive.org/details/elestudio02mexgoog/page/n66,,Sí,Español,Artículo,Ciencias de la vida,-,-,4,-,-
"Rio de la Loza, Francisco","Estudio sobre la ""Cascara amarga""",1893,4,183,191,8,,Estudio; Cascara Amarga,https://archive.org/details/elestudio02mexgoog/page/n214,,Sí,Español,Artículo,Ciencias de la vida,-,-,4,-,-
"Rio de la Loza, Francisco",Conferencia de aniversario,1894,1,156,161,7,,Conferencia; Aniversario,https://www.biodiversitylibrary.org/item/51260#page/180/mode/1up,,Sí,Español,Artículo,Ciencias de la vida,Trata de la Boccotinini y de la Jicama de Aureliano rivera,-,4,-,-
"Riquelme, Felix; Sánchez Ochoa, Gaspar",Manual del magueyero y fabricante de pulques,1890,,1,73,73,,Manual; magueyero; fabricante; pulque,https://books.google.com.mx/books/about/Manual_del_magueyero_y_del_fabricante_de.html?id=m82jGwAACAAJ&redir_esc=y,,No,Español,Monografía,Ciencias de la vida,-,-,-,8,-
"Rivera y Mendoza, A.",Informe sobre el cultivo y producto del café en el Distrito de Jalapa,1870,2,212,217,6,,Informe; cultivo; producto; café; Jalapa,https://babel.hathitrust.org/cgi/pt?id=mdp.39015008360540&view=1up&seq=220,,Sí,Español,Artículo,Ciencias de la vida,2a época,-,2,-,-
"Riviére, Charles Marie",L´Eriodendro anfractuosum,-,,1,19,19,,L´Eriodendron; anfractuosum,-,,No,Francés,Monografía,Ciencias de la vida,-,-,-,8,-
"Robelo, Cecilio Agustín",Geografía del Estado de Morelos para uso de las escuelas.,1885,,1,76,76,,geografía; Estado; Morelos; escuelas; Cuernavaca,-,,No,Español,Monografía,Ciencias de la vida,"Producciones vegetales: contiene sus nombres vulgares y en lengua mexicana, con la clasificación científica",-,-,4,-
"Robles Cornejo, Antonio",De las plantas de la india occidental.,-,,-,-,-,,Plantas; India; Occidental,-,,No,Español,Monografía,Ciencias de la vida,MS del siglo XVI o principios del XVIII,-,-,-,-
"Robles, Santiago",Algunos apuntes sobre el empleo terapéutico de Jaborandi,1876,2,51,52,2,,Apuntes; empleo; terapétucito; Jaborandi,https://archive.org/details/s2685id1388606/page/51/mode/1up,,Sí,Español,Artículo,Ciencias de la vida,-,-,2,-,-
"Robles, José","Análisis cuantitativo de la orina y un ligero estudio sobre la picosa: tésis que para el exámen general de medicina, cirugia y obstetricia presenta al jurado calificador",1885,,1,39,39,,Análisis; orina; estudio; Picosa,https://books.google.com.mx/books/about/An%C3%A1lisis_cuantitativo_de_la_orina_y_un.html?id=NJMOmQEACAAJ&redir_esc=y,,No,Español,Monografía,Ciencias de la vida,--,-,-,4,-
"Robles Pezuela, Luis",Memoria presentada a S.M. el emperador por el ministro de Fomento de los trabajos ejecutados en su ramo el año de 1865,1866,,1,657,657,,Memoria; presentada; Emperador; trabajos; ramo; 1865,https://babel.hathitrust.org/cgi/pt?id=wu.89009417148;view=1up;seq=23,,Sí,Español,Monografía,Ciencias de la vida,"Págs. 43 a 78, lo correspondiente a productos vegetales y agricultura del país",-,-,-,-
"Robredo, Manuel",Cainca,1836,1,106,108,2,,Cainca,https://archive.org/details/peridicodelaacad1183acad/page/106,,Sí,Español,Artículo,Ciencias de la vida,1a serie,-,1,4,-
"Rodati, Luigi Aloysius",Index plantarum quae extant in Horto publico Bononiae anno 1802. Accedunt observationes circa duas species Agaves Necnon continuatio historiae horti ejusdem.,1802,,1,121,121,,Index; Plantarum; horto; publico,https://babel.hathitrust.org/cgi/pt?id=hvd.32044102804507&view=2up&seq=4,,Sí,Latín,Monografía,Ciencias de la vida,-,-,-,-,-
"Rodríguez, Felipe",La flor del cempoalxochitl. Algunas observaciones y experiencias sobre su naturaleza y composición,1844,,1,40,40,,Flor; Cempoalzochitl; observaciones; naturaleza,https://collections.nlm.nih.gov/ext/dw/101600706/PDF/101600706.pdf,,Sí,Español,Monografía,Ciencias de la vida,"Reimpreso en Monografias de ""El Estudio""",-,-,4,-
"Rodriguez, Juan Maria",El cuernecillo de Centeno y el Zihuapatle. Sus indicaciones y contraindicaciones,1869,4,196,200,5,,Cuercenillo Centeno; Zihuapalte,https://babel.hathitrust.org/cgi/pt?id=uc1.$b214450&view=image&seq=216&size=125,,Sí,Español,Artículo,Ciencias de la vida,-,-,4,-,-
"Rodriguez, Juan Maria",El laserpicio y la resina de Thapsia,1871,6,12,15,3,,Laserpicio; resina; Thapsia,https://babel.hathitrust.org/cgi/pt?id=mdp.39015046999473&view=1up&seq=30,,Sí,Español,Artículo,Ciencias de la vida,-,-,6,-,-
"Rodríguez, Jose Manuel",Diccionario botánico Americano,-,,-,-,-,,Diccionario; Botánico Americano,-,,No,Español,Monografía,Ciencias de la vida,-,-,-,-,-
"Rodríguez, Jose Manuel",Traducción del compendio de plantas del doctro Francisco Hernández hecha por orden de IV concilio Mexicano,-,-,-,-,-,,Traducción; plantas; orden; Concilio Mexicano,-,,No,Español,Monografía,Ciencias de la vida,-,-,-,-,-
"Roezl, Benedict",Catalogue des graines de coniferes mexicains en vente,1857,-,1,34,34,,Catalogue; graines; coniferes; mexicains,https://reader.digitale-sammlungen.de/de/fs1/object/goToPage/bsb10298661.html?pageNo=1,,Sí,Francés,Monografía,Ciencias de la vida,-,-,-,-,-
"Rojo, Luis",Historia natural de México,-,-,-,-,-,,Historia; natural; México,-,,No,Español,Monografía,Ciencias de la vida,7 vols. en 4° y 1 en folio,-,-,-,-
"Romero, José",Ligero estudio sobre el empleo de la gomo-resina del Schinus molle (vulgo pirul) en el tratamiento de la blenorragia: te?sis presentada al jurado de calificacion en el examen profesional de medicina y cirujia,1889,-,1,32,32,,Estudio; empleo; gomo-resina; Schinus Molle; tratamiento; Blenorragia,https://collections.nlm.nih.gov/catalog/nlm:nlmuid-101594924-bk,,Sí,Español,Monografía,Ciencias de la vida,-,-,-,4,-
"Romero, Matias",Cultivo del Hule,1873,,88,90,3,,Cultivo; Hule,http://www.hndm.unam.mx/consulta/publicacion/visualizar/558075be7d1e63c9fea1a1ec?intPagina=16&tipo=publicacion&anio=1873&mes=02&dia=01,,Sí,Español,Artículo,Ciencias de la vida,"año 1, 5 artículos en la misma revista",-,-,4,-
"Romero, Matias",El cultivo del Café en la Republica Mexicana,1893,-,1,128,128,,Cultivo; café; República Mexicana,https://books.google.com.mx/books/about/El_cultivo_del_caf%C3%A9_en_la_rep%C3%BAblica_me.html?id=8cNLAAAAYAAJ&redir_esc=y,,No,Español,Monografía,Ciencias de la vida,,-,-,4,-
"Romero Canónigo, José Guadalupe",Noticias estadísticas del partido de coalcomán en 1863,1863,,1,54,54,,Estadísticas; Partido; Coalcaomán,https://books.google.com.mx/books?id=9d2_GXh3OKcC&hl=es&source=gbs_book_other_versions,,No,Español,Monografía,Ciencias de la vida,-,-,-,-,-
"Rosa, Luis de la",Memoria sobre el cultivo del maíz en México. Adornada con una lamina iluminada y una carátula litografiada,1846,,1,43,43,,Memoria; cultivo; maíz; México,https://archive.org/details/Memoriasobreelc00Rosa/page/n7,,Sí,Español,Monografía,Ciencias de la vida,-,-,-,-,
"Rosado Desiderio, Germán",Pequeño tratado sobre un árbol conocido en Tabasco con el nombre de Macallo,1868,,1,11,11,,Tratado; árbol; Tabasco; Macallo,https://archive.org/details/b21496638,,Sí,Español,Monografía,Ciencias de la vida,Dice ser tal plantala Monodesmia decapolinea de Lineo,-,-,8,-
"Rose, Joseph Nelson",List of plants collected by Edward Palmer in 1890 in Wester México and Arizona at. 1 Alamos. 2 Arizona.,1891,1,91,116,26,,List; plants; collected; Western; México; Arizona,https://babel.hathitrust.org/cgi/pt?id=osu.32435030379218&view=image&seq=109&q1=western%20mexico%20and%20arizona,,Sí,Inglés,Articulo,Ciencias de la vida,-,-,-,IV,-
"Rose, Joseph Nelson",List of plants colleted by Edward Palmer in 1890 on Carmen Island,1891,1,129,134,5,,List; plants; collected; Western; México; Arizona,https://babel.hathitrust.org/cgi/pt?id=osu.32435030379218&view=2up&seq=166,,Sí,Inglés,Articulo,Ciencias de la vida,-,-,-,IV,-
"Rothrock, J. T",Varias plantas mexicanas,1877,2,125,126,2,,Varias; plantas; mexicanas,-,,No,Español,Articulo,Ciencias de la vida,-,-,-,II,-
"Roubieu, Guillaume Joseph",Opuscules d´anatomie et d´histoire naturelle,1816,,1,87,87,,Opuscules; anatomie; histoire naturelle,https://books.google.com.mx/books?id=sYxBGwAACAAJ&dq=Opuscules+d%C2%B4anatomie+et+d%C2%B4histoire+naturelle&hl=es&sa=X&ved=2ahUKEwiB2LTexu7sAhUKGKwKHVQPAvYQ6AEwAHoECAUQAQ,,No,Francés,Monografía,Ciencias de la vida,-,-,-,8,-
"Rovirosa, José N",Informe dirigido a la Secretaría de Fomento en 22 de julio 1884 sobre la climatología y condiciones de habilidad de la villa y municipio de Ixtacomitán,1884,,46,46,1,,Informe; Secretaría Fomento; climatología; habitabilidad; Ixtacomitán,http://ahcm.bfm.cinvestav.mx/AHCM/DocumentoController/detalleDocumento/AHCM:MEX0-0101.2.269,,Sí,Español,Monografía,Ciencias de la vida,-,-,-,4,-
"Rovirosa, José N","Vida y trabajos del naturalista belga Augusto B. Ghiesbreth, explorador de México. T. 1",1891,1,211,217,7,,Trabajos; naturaliste; belga; Augusto B.; explorador; México,https://www.biodiversitylibrary.org/item/121657#page/277/mode/1up,,Sí,Español,Artículo,Ciencias de la vida,2a seríe,-,-,1,-
"Rovirosa, José N",Productos vegetales de las paizadas del Grijalva,1891,1,409,414,5,,Productos; vegetales; Grijalva,https://www.biodiversitylibrary.org/item/121657#page/492/mode/1up,,Sí,Español,Articulo,Ciencias de la vida,2a seríe,-,-,1,-
"Rovirosa, José N",Calendario botánico de San Juan Bautista y sus alrededores,1897,2,106,126,20,,Calendario; botánico; San Juan Bautista,https://www.biodiversitylibrary.org/item/122571#page/202/mode/1up,,Sí,Español,Artículo,Ciencias de la vida,2a seríe,-,-,2,-
"Rovirosa, José N",Observaciones sobre algunos Helechos mexicanos de la tribu de las asplenieas,1897,2,179,193,14,,Observaciones; helechos; mexicanos; Asplenieas,https://www.biodiversitylibrary.org/item/122571#page/317/mode/1up,https://archive.org/details/lanatur2118871890mexi/page/210,Sí,Español,Articulo,Ciencias de la vida,2a seríe,-,-,2,-
"Rovirosa, José N",Viaje a Teapa y a las sierras que concurren a la fomración de su Valle,1897,2,269,293,24,,Viaje; Teapa; sierras; formación; Valle,https://www.biodiversitylibrary.org/item/122571#page/429/mode/1up,https://catalog.hathitrust.org/Record/101584567,Sí,Español,Articulo,Ciencias de la vida,2a seríe,-,-,2,-
"Rovirosa, José N",Rasgos biograficos del Dr. Ezaquiel P. Johnson y noticas relativas a su colección botánica,1897,2,426,428,3,,Rasgos bibliográficos; Dr. Ezequiel; colección botánica,https://www.biodiversitylibrary.org/item/122422#page/64/mode/1up,,Sí,Español,Artículo,Ciencias de la vida,2a seríe,-,-,2,-
"Royle, J. Forbes","The fibrous plants of India, fitted for cordage, clothing, and paper. With an account of the cultivation and preparation of flax, hemp, and their substitutes.",1855,,1,403,403,,Fibrous; plants; clothing; paper,https://www.biodiversitylibrary.org/item/115996#page/6/mode/2up,https://ia800205.us.archive.org/34/items/cu31924003319468/cu31924003319468.pdf,Sí,Inglés,Monografía,Ciencias de la vida,-,-,-,8,-
"Ruiz Sandoval, Alberto",Apuntes sobre el cultivo del algodon,1883,,1,4,4,,Apuntes; cultivo; algodón,-,,No,Español,Monografría,Ciencias de la vida,-,-,-,-,-
"Ruiz Sandoval, Alberto",Apuntes sobre el cultivo del almendro,1883,,1,4,4,,Apuntes; cultivo; Almendro,-,,No,Español,Monografría,Ciencias de la vida,-,-,-,-,-
"Ruiz Sandoval, Alberto",Apuntes sobre el cultivo del yute,1883,,502,502,1,,Apuntes; cultivo; Yute,https://books.google.com.mx/books?id=kMo9AQAAMAAJ&q=Apuntes+sobre+el+cultivo+del+yute&dq=Apuntes+sobre+el+cultivo+del+yute&hl=es&sa=X&ved=2ahUKEwjP396jkPHsAhUUVs0KHSYeBwQQ6AEwAXoECAUQAg,,No,Español,Articulo,Ciencias de la vida,-,-,-,-,-
"Ruiz Sandoval, Alberto",El algodón en México,1884,,1,186,186,,Algodón; México,https://www.biodiversitylibrary.org/item/81725#page/5/mode/1up,,Sí,Español,Monografía,Ciencias de la vida,1 vol. en 4°,-,-,-,-
"Ruiz Cabañas, Manuel",El veninillo,1882,,1,22,22,,Venenillo,-,,No,Español,Monografía,Ciencias de la vida,-,-,-,4,-
"Ruis, Luis E.",Nociones de ciencias,1887,,1,399,399,,Nociones; ciencias,-,,No,Español,Artículo,Ciencias de la vida,-,2,-,4,-
"Ruis, Luis E.","Higiene. Análisis de aire, vino, cerveza, pulque, chocolate, café.",1888,23,329,329,1,,Análisis; Aire; vino; cerveza; pujque; chocolate; café,-,,No,Español,Artículo,Ciencias de la vida,Leido en la Academia Nacional de Médicina por el socio LuisE. Ruiz,-,-,4,
"Ruiz, Rafael",Catálogo de varios de los árboles y arbustos que existen en Michoacán,1877,,1,3,3,,Catálogo; árboles; arbustos; Michoacán,https://books.google.com.mx/books?id=cok3AAAAMAAJ&q=Cat%C3%A1logo+de+varios+de+los+%C3%A1rboles+y+arbustos+que+existen+en+Michoac%C3%A1n&dq=Cat%C3%A1logo+de+varios+de+los+%C3%A1rboles+y+arbustos+que+existen+en+Michoac%C3%A1n&hl=es&sa=X&ved=2ahUKEwiqxra5m_HsAhVDKqwKHfycAdoQ6AEwAnoECAkQAg,,No,Español,Monografía,Ciencias de la vida,-,-,-,-,-
"Ruiz, Rafael","Noticias de varias de las resinas, gomas y plantas textiles, curtientes, tintóreas y de semillas oleaginosas que se crían en el Estado de Michoacán",1879,,1,2,2,,Noticia; resinas; plantas textiles; semillas; oleaginosas,-,,No,Español,Monografía,Ciencias de la vida,-,-,-,-,-
"Ruiz, Rafael",Necesidad de que el gobierno de Michoacán proteja las industrias agrícola y fabril.,1887,,-,-,-,,Gobierno; Michoacan; Industrias; agrícola; fabril,-,,No,Español,Artículo,Ciencias de la vida,-,-,-,"3, 5 y 6",-
"Ruiz Olloqui, Agustin",Del uso de la contrayerba Tarumara en las afecciones de origen palúdico,1884,19,501,501,1,,Uso; contrayerba; Tarumara,,,No,Español,Artículo,Ciencias de la vida,-,-,19,-,-
"Ruiz Sandoval, Gustavo",Las quinas y su clasificación,1872,4,101,101,1,,Quinas; clasificación,-,,No,Español,Artículo,Ciencias de la vida,-,-,4,-,-
"Ruiz Sandoval, Gustavo",Nota sobre el simba cedron,1879,14,323,331,2,,Nota; Simaba; Cedrón,https://babel.hathitrust.org/cgi/pt?id=uc1.$b214456&view=1up&seq=1081,,Sí,Español,Artículo,Ciencias de la vida,-,-,14,-,-
"Rümpler, Karl Theodor","Die Sukkulenten (Fettplanzen und Kakteen) : Beschreibung, Abbildung und Kultur derselben",1892,,1,263,263,,Die; Succulenten,https://www.biodiversitylibrary.org/item/251691#page/7/mode/1up,,Sí,Alemán,Monografía,Ciencias de la vida,-,-,-,8,-
"Saccardo, Pier Andrea; Traverso, Giovanni Battista; Trotter Alessandro",Sylloge fungorum omnium hucusque cognitorum,1882,1,1,766,766,,Fungorum; omnium; cognitorum,https://www.biodiversitylibrary.org/item/102968#page/7/mode/1up,https://doi.org/10.5962/bhl.title.5371,Sí,Latín,Monografía,Ciencias de la vida,25 volumenes (1882-1931),-,-,-,-
"Rivera, Bernardo de","Historia general de las cosas de Nueva España, que en doce libros y dos volumenes escribío, el R P. Fr. Bernardino de Sahagun, de la observancia de San Francisco, y unode losprimeros predicadoresdel Santo evangelio en aquellas regiones.",1829,1,1,350,350,,Historia general; Nueva España,https://archive.org/details/historiagenerald01saha/page/n3,,Sí,Español,Monografía,Ciencias de la vida,3 tomos en total,-,1,-,-
"Salazar y Mirphy, Agustin M.",Estudio sobre la acción fisilógica y terapeutica de la narceina,1875,,1,42,42,,Estudio; acción fisiológica; terapéutica; Narceina,https://collections.nlm.nih.gov/catalog/nlm:nlmuid-101596589-bk,,Sí,Español,Monografía,Ciencias de la vida,-,-,-,4,-
"Salcedo Mariaca, Matias de","Notas, adicionales y correcciones al ""Tesoro de médicina""",1674,-,-,-,-,,Notas; correciones; Tesoro de Médicina,-,,No,Español,Monografía,Ciencias de la vida,-,-,-,-,-
"Salm-Reifferscheidt-Dyck, Joseph von","Cacteae in horto Dyckensi cultae anno 1849, secundum tribus et genera digestae : additis adnotationibus botanicis characteribusque specierum in enumeratione diagnostica cactearum Doct. Pfeifferi non descriptarum",1850,,1,266,266,,Caccteae; horto Dyckensi; cultae,https://www.biodiversitylibrary.org/item/210408#page/7/mode/1up,https://doi.org/10.5962/bhl.title.120333,Si,Latín,Monografía,Ciencias de la vida,-,-,-,-,-
"Salm-Reifferscheidt-Dyck, Joseph von",Amaryllis principis,-,-,-,-,-,,Amaryllis Principis,-,,No,-,-,Ciencias de la vida,-,-,-,-,-
"Samano, Camilo",Apuntes sobre el cultivo de la caña,1885,,-,-,-,,Apuntes; cultivo; caña,-,,No,Español,Monografía,Ciencias de la vida,,-,-,-,-
"Sanchez, Manuel",Estudio botánico-quimico del Ponchihuitz,1881,,1,16,16,,Estudio; botánico-químico; Ponchilhuitz,-,,No,Español,Monografía,Ciencias de la vida,-,-,-,4,-
"Sanchez de la Barquera y Morales, Juan María Wenceslao","El mentor mexicano: periódico semanario sobre la ilustración popular en las ciencias económicas, literatura y arte",1811,,1,388,388,,Mentor; Mexicano,https://catalogo.iib.unam.mx/F/-/?func=find-b&find_code=SYS&local_base=bndm&format=999&request=000020611,,Sí,Español,Monografía,Ciencias de la vida,-,-,-,ene-48,-
"Sanchez de la Barquera y Morales, Juan María Wenceslao",Semanario economico de agricultura,-,-,-,-,-,,Semanario; agrcicultura,-,,No,Español,Monografía,Ciencias de la vida,-,-,2,-,-
"Sanchez Ochoa, Gaspar",El maguey,1875,2,278,292,4,,Maguey,https://babel.hathitrust.org/cgi/pt?id=mdp.39015008360334&view=1up&seq=284,,Sí,Español,Artículo,Ciencias de la vida,3a época,-,2,-,-
"Zeschan Noamira, Jose Ramo","Memoria instructiva sobre el Maguey o Agave mexicano : contendrá los nombres con que se conocen treinta y tres variedades en los Llanos de apam, su cultivo, duracion, usos, virtudes medicinales y preparacion de la bebida que de él se saca, llamada pulque, puesto en idioma al alcance de todos",1882,-,1,25,25,,Memoria; Maguey; Agave,https://www.biodiversitylibrary.org/bibliography/113490#/summary,https://doi.org/10.5962/bhl.title.113490,Sí,Español,Monografía,Ciencias de la vida,-,2,-,-,-
"Conrad Sander, Henry Frederick",Reichenbachia. Orchids illustr. a deser.,1888,1,1,110,110,,Reichenbachia; Illustr.,https://www.biodiversitylibrary.org/bibliography/41517#/summary,https://doi.org/10.5962/bhl.title.41517,Sí,Inglés,Monografía,Ciencias de la vida,2 volumenes en total,-,-,--,-
"Sandoval, Miguel",Ligero estudio sobre el Simonillo,1882,,1,16,16,,Ligero; estudio; Simonillo,https://collections.nlm.nih.gov/catalog/nlm:nlmuid-101596624-bk,,Sí,Español,Monografía,Ciencias de la vida,-,-,-,-,-
"Santoyo, Enrique",El sauce considerado bajo su utilidad terapeutica,1884,,1,18,18,,Sauce; terapéutica,https://catalog.hathitrust.org/Record/101525730,,No,Español,Monografía,Ciencias de la vida,-,-,-,4,-
"Sartorius, Carlos",Cera vegetal,1870,2,115,116,2,,Cera; vegetal,https://babel.hathitrust.org/cgi/pt?id=mdp.39015008360334;view=1up;seq=3,,Sí,Español,Artículo,Ciencias de la vida,2a época,-,2,-,-
"Sartorius, Carlos",Memoria sobre el estado de la agricultura en el partido de Huatusco,1870,2,141,197,58,,Memoria; agricultura; Huatusco,https://babel.hathitrust.org/cgi/pt?id=mdp.39015008360540;view=1up;seq=149,,Sí,Español,Artículo,Ciencias de la vida,2a época,-,2,-,-
"Saussure, Henry Louis Frédéric de",De la vegetación sobre las altas montañas de México,1862,7,333,342,9,,Vegetación; montañas; México,https://www.biodiversitylibrary.org/item/121643#page/359/mode/1up,,Sí,Español,Artículo,Ciencias de la vida,1a seríe,-,7,-,-
"Savi, Pietro",Florula Gorgonica,1844,,1,39,39,,Florula; Gorgonica,https://books.google.com.mx/books/about/Florula_gorgonica.html?id=3MkZAAAAYAAJ&redir_esc=y,,Sí,Italiano,Monografía,Ciencias de la vida,-,-,-,-,-
"Scarella, Giambattista.",Breve raggnaglio intorno al flore dell´ Aloe americana,1710,,1,56,56,,Breve; Flore; I´Aloe americana,https://www.biodiversitylibrary.org/bibliography/112513#/summary,https://doi.org/10.5962/bhl.title.112513,Sí,Italiano,Monografía,Ciencias de la vida,,-,-,-,-
"Scopoli, Giovanni Antonio","Deliciae florae et faunae Insubricae seu novae, aut minus cognitae species plantarum et animalium quas in Insubria Austriaca tam spontaneas, qua in exoticas vidit, descripsit, et aeri incidi",1786,1,1,85,85,,Deliciae; florae; faunae,http://bibdigital.rjb.csic.es/ing/Libro.php?Libro=2424,,Sí,Italiano,Monografía,Ciencias de la vida,3 volumenes en total,-,-,-,-
"Scott, John",Remarks on the changes in the inflorescence of zea Mays,1864,19,213,220,7,,Remarks; changes; inflorescence; Zea Mays,https://www.biodiversitylibrary.org/item/164139#page/235/mode/1up,,Sí,Inglés,Articulo,Ciencias de la vida,--,-,-,-,-
"Schaff, Guillermo",Documento que acredita la prioridad en el descubrimiento de la Nietoa Meixcana,1874,3,347,347,1,,Documento; descubrimiento; Nietoa Mexicana,https://www.biodiversitylibrary.org/item/49853#page/371/mode/1up,,Sí,Español,Artículo,Ciencias de la vida,1a serie,-,3,-,-
"Schiede, Christian Julius Wilhelm",Observaciones sobre objetos de materia medica,1836,1,11,15,4,,Observaciones; objetos; materia médica,http://www.hndm.unam.mx/consulta/resultados/visualizar/558075be7d1e63c9fea1a3ab?resultado=1&tipo=publicacion&intPagina=0,,Sí,Español,Artículo,Ciencias de la vida,1a serie,-,1,-,-
"Schiede, Christian Julius Wilhelm",Observaciones de la goma de mezquita comparada con la goma arábiga,1836,1,70,75,5,,Goma mezquite; comparada; goma arábiga,http://www.hndm.unam.mx/consulta/publicacion/visualizar/558075be7d1e63c9fea1a3ab?intPagina=69&tipo=publicacion&anio=1836&mes=07&dia=15,,Sí,Español,Artículo,Ciencias de la vida,1a serie,-,1,-,-
"Schiede, Christian Julius Wilhelm","Sobre las virtudes medicinales de as poligaleas en general, y especialmente la poligala scoparia como succedaneo de la P. Senega",1836,1,193,203,10,,Medicinales; Poligala scoparia; P. Senega,http://www.hndm.unam.mx/consulta/resultados/visualizar/558075be7d1e63c9fea1a3ab?resultado=1&tipo=publicacion&intPagina=2,,Sí,Español,Artículo,Ciencias de la vida,1a serie,-,1,-,-
"Schiede, Christian Julius Wilhelm","Botanische Berichte aus Mexico, excursionen in der Gegendé von Jalapa und Reise von dort nach Mexico",1829,4,212,236,24,,Botanische; México; escursionen; Jalapa,https://www.biodiversitylibrary.org/item/10848#page/264/mode/1up,,Sí,Latín,Artículo,Ciencias de la vida,--,-,-,-,-
"Schiede, Christian Julius Wilhelm",Notanische Berichte aus Mexico. Ueber die gegenden von Papantla und Misantla und über die Reise von Jalapa dorthin und zurrück,1829,4,554,583,29,,Notanische; ; Mexico:Ueber: Papantla; Misantla; riese,https://www.biodiversitylibrary.org/item/10848#page/629/mode/1up,,Sí,Latín,Artículo,Ciencias de la vida,--,-,-,-,-
"Schieller, E.",Grundz d. Cacteenkunde,1886,,-,-,-,,Grundz; Cacteenkunde,-,,No,Alemán,-,Ciencias de la vida,-,-,-,8,-
"Schleiden, Matthias Jakob","Beitr. zur Anat, der Cacteen",1841,,-,-,-,,Beirt; Cacteen,-,,No,Alemán,-,Ciencias de la vida,-,-,-,-,-
"Schlechtendal, Diederich Franz Leonhard von",Plantarum mexicanarum a Cel. viris Schiede et Deppe collectarum,1830,,72,73,1,,Plantarum; mexicanarum; collectarum,https://www.biodiversitylibrary.org/item/109601#page/80/mode/1up,,Sí,Latín,Artículo,Ciencias de la vida,-,-,V,-,-
"Schlechtendal, Diederich Franz Leonhard von",De plantis mexicanis A G. Schiede M. Dre. collectis nuntium adfert D. F. L. de Schlechtendal.,1832,,136,144,,,Plantis; mexicanis; Ehrenbergio; collectis,https://www.biodiversitylibrary.org/item/109602#page/142/mode/1up,,Sí,Latín,Artículo,Ciencias de la vida,-,-,VII,-,-
"Schlechtendal, Diederich Franz Leonhard von",De plantis mexicanis a G. Schiede collectis nuntium adfert,1832,,380,400,20,,Plantis; mexicanis; Ehrenbergio; G. Schiede,https://www.biodiversitylibrary.org/item/109602#page/386/mode/1up,,Sí,Latín,Artículo,Ciencias de la vida,-,-,VII,-,-
"Schlechtendal, Diederich Franz Leonhard von",Vorlanflge Nachricht über die mexicanischen coniferen,1838,,487,496,9,,Vorlanfige; mexicanischen; coniferen,https://www.biodiversitylibrary.org/item/109746#page/494/mode/1up,,Sí,Alemán,Artículo,Ciencias de la vida,-,-,-,-,-
"Schlechtendal, Diederich Franz Leonhard von",De Steviis nonnullis mexicanis,1842,,323,373,51,,Steviis; nonullis; mexicanis,https://www.biodiversitylibrary.org/item/109603#page/331/mode/1up,,Sí,Latín,Artículo,Ciencias de la vida,-,-,-,-,-
"Schlechtendal, Diederich Franz Leonhard von","Ueber eine mexicanische ""Dioscorea""",1843,,889,904,15,,Ueber; Dioscorea,https://books.google.com.mx/books?id=RZkCAAAAYAAJ&pg=PA893&lpg=PA893&dq=Ueber+eine+mexicanische+%22Dioscorea%22+1843&source=bl&ots=6DqPBN-58O&sig=ACfU3U3JS6GnKmnL8E6tV0fsdbBNzeIijw&hl=es&sa=X&ved=2ahUKEwjCjbjKkfntAhUEd6wKHXzBBvYQ6AEwAHoECAEQAg#v=onepage&q=Ueber%20eine%20mexicanische%20%22Dioscorea%22%201843&f=false,,Sí,Alemán,Artículo,Ciencias de la vida,-,-,I,-,-
"Schlechtendal, Diederich Franz Leonhard von",Supplementum ad Dioscoreas mexicanas,1844,,112,112,1,,Supplementum; discorea; mexicana,https://www.biodiversitylibrary.org/item/109742#page/118/mode/1up,,Sí,Latín,Artículo,Ciencias de la vida,-,-,XVIII,-,
"Schlechtendal, Diederich Franz Leonhard von",Supplementum ad Rhamneas mexicanas,1844,,512,516,4,,Rhanmeas; mexicanas,https://www.biodiversitylibrary.org/item/109742#page/230/mode/1up,,Sí,Latín,Artículo,Ciencias de la vida,-,-,XIV,-,-
"Schlechtendal, Diederich Franz Leonhard von",Plantae Leiboldianae: Monocotylae reliquae,1844,,410,456,46,,Plantae; Leiboldianae,https://www.biodiversitylibrary.org/item/109742#page/416/mode/1up,,Sí,Latín,Artículo,Ciencias de la vida,-,-,XVIII,-,-
"Schlechtendal, Diederich Franz Leonhard von",Ueber eine nene Hydrotaenia aus Mexico,1844,,664,666,2,,Ueber; Hidrotoenia; Mexico,https://www.biodiversitylibrary.org/item/109742#page/670/mode/1up,,Sí,Latín,Artículo,Ciencias de la vida,-,-,XVIII,-,-
"Schlechtendal, Diederich Franz Leonhard von",De Hyptidis specie Mexicana,1844,,731,734,3,,Hyptidis; Mexicana,https://www.biodiversitylibrary.org/item/109742#page/738/mode/1up,,Sí,Latín,Artículo,Ciencias de la vida,-,-,XVIII,-,-
"Schlechtendal, Diederich Franz Leonhard von",Bemerkungen über die asplodeleen Mexico´s,1845,,609,615,5,,Bumerjungen; Aplodeleen; Mexico´s,https://www.biodiversitylibrary.org/item/105925#page/325/mode/1up,,Sí,Latín,Artículo,Ciencias de la vida,-,-,III,7,-
"Schlechtendal, Diederich Franz Leonhard von",Plantae Leiboldianae: Dycotyleae,1847,,234,312,8,,Leiboldianae; Dicotyleae,https://www.biodiversitylibrary.org/item/10863#page/237/mode/1up,,Sí,Latín,Artículo,Ciencias de la vida,-,-,XIX,-,-
"Schlechtendal, Diederich Franz Leonhard von",Fuirenae species nova Mexicana,1847,,68,70,2,,Fuirenae; species; nova,https://www.biodiversitylibrary.org/item/10863#page/71/mode/1up,,Sí,Latín,Artículo,Ciencias de la vida,-,-,XIX,-,-
"Schlechtendal, Diederich Franz Leonhard von",Bemerkungen über die mexicanischen Cyperaceen und den Blüthenstand dieser Familie,1849,,26,29,3,,Bemerjungen; mexicanixhen; Bluthenstand; familie,https://www.biodiversitylibrary.org/item/105412#page/27/mode/1up,,Si,Alemán,Articulo,Ciencias de la vida,-,-,VII,-,-
"Schlechtendal, Diederich Franz Leonhard von",Coniferae mexicanae. Roezlianea,1853,,1,904,904,,Coniferae; mexicanae,,https://www.biodiversitylibrary.org/bibliography/4948#/summary,Sí,Alemán,Monografía,Ciencias de la vida,-,-,-,-,-
"Schlechtendal, Diederich Franz Leonhard von",De plantis variis mexicanis,1853,,366,384,18,,Plantis; variis; mexicanis,https://www.biodiversitylibrary.org/item/109557#page/373/mode/1up,,Si,Alemán,Artículo,Ciencias de la vida,-,-,X,-,-
"Schlechtendal, Diederich Franz Leonhard von",De Salviae specia Mexicana,1853,,292,294,2,,Salviae; Mexicana,https://www.biodiversitylibrary.org/item/109557#page/300/mode/1up,,Sí,Latín,Artículo,Ciencias de la vida,-,-,XVII,-,-
"Dominicus Schultze, Johannes","Ueber die grosse amerikanische Aloe, Richtiger Agave, bei Gelegenheit der jetzt un Raths-Apothekergarten blühenden",1782,,1,64,64,,Amerikanische Aloe; gelegenheit; Raths-Apothekergarten,"https://books.google.com.mx/books?id=VR9nAAAAcAAJ&pg=PA1&lpg=PA1&dq=Ueber+die+grosse+amerikanische+Aloe,+Richtiger+Agave,+bei+Gelegenheit+der+jetzt+un+Raths-Apothekergarten+bl%C3%BChenden&source=bl&ots=zqjxo4Km8w&sig=fsaY7NE1mOnxgOwRE90I7DmWNm0&hl=es&sa=X&ved=2ahUKEwjT5eSDmsnfAhVNRK0KHQq5DYgQ6AEwAHoECAkQAQ#v=onepage&q=Ueber%20die%20grosse%20amerikanische%20Aloe%2C%20Richtiger%20Agave%2C%20bei%20Gelegenheit%20der%20jetzt%20un%20Raths-Apothekergarten%20bl%C3%BChenden&f=false",,Sí,Alemán,Monografía,Ciencias de la vida,-,-,-,8,-
"Schlutz y Bipontinus, Carl Heinrich; Seemann, Berthold Carl; Potts, J.",Enumeration of the compositae collected by B. Seemann and J. Potts in north-western Mexico,1825,,1,19,19,,Enumeration; compositae; collected,https://www.biodiversitylibrary.org/bibliography/152159#/summary,https://doi.org/10.5962/bhl.title.152159,Sí,Latín,Monografía,Ciencias de la vida,-,-,-,,-
Smith,"Enumeration of the Filiees, Lycopodiaceae, Marsileaceae of North-Western Mexico",-,,-,,,,Enumeration; Lycopodiaceae; Marsileaceae:,,,No,Inglés,-,Ciencias de la vida,-,-,-,-,-
"Swartz, Olof; Nordstrom; Jac. Swederus, Magnus","Nova géneros y especies plantarum, seu, Prodromus descriptionum vegetabilium: maximam partem incognitorum quæ sub itinere en Indiam Occidentalem annis 1783-87",1788,,1,158,158,,Nova; species; vegetabilium; Indian Occidentalem,https://www.biodiversitylibrary.org/bibliography/433#/summary,https://doi.org/10.5962/bhl.title.433,Sí,Latín,Monografía,Ciencias de la vida,-,-,-,8,-
"Swartz, Olof; Palmii, Jo. Jacobi; B. White","Flora Indiae occidentalis aueta arque illustrata, sive descriptiones plantarum in prodromo recensitarum",1797,1,1,640,640,,Flora; occidentails; descriptiones; plantarum; recensitarum,https://www.biodiversitylibrary.org/bibliography/434#/summary,https://doi.org/10.5962/bhl.title.44876,Sí,Latín,monografía,Ciencias de la vida,3 volumenes en total,-,-,-,-
"Swartz, Olof; Agardh, Carl Adolf; Sprengel, Kurt Polycarp Joachim; Wikström, Johann Emanuel",Adnotationes botanicae,1829,,1,188,188,,Adnotationes; collectae; J.E. WIKSTROM,https://www.biodiversitylibrary.org/bibliography/44876#/summary,https://doi.org/10.5962/bhl.title.44876,Sí,Latín,Monografía,Ciencias de la vida,-,-,1,-,-
"Segura, Adrián",Dos palabras acerca del empleo de la tirtura de arnica en las faringo-laringitis crónicas,1883,18,82,84,3,,Empleo; tintura; arnica; faringo-laringitis,http://www.anmm.org.mx/bgmm/1864_2007/1883-18-5-082-084.pdf,,Sí,Español,Artículo,Ciencias de la vida,-,-,18,-,-
"Segura, José C.",Instrucciones sobre el cultivo del Olivo,1883,2,216,216,1,,Instrucciones; cultivo; Olivo,https://drive.google.com/drive/folders/1TcA1GfSbZNl5-yL_HJ1pjhNxqzxa5EQM,,Sí,Español,Artículo,Ciencias de la vida,-,-,2,15,-
"Segura, José C.",Instrucciones sobre el cultivo de la Vid.,1883,2,125,125,1,,Instrucciones; cultivo; Vid,-,,No,Español,Artículo,Ciencias de la vida,-,-,2,-,-
"Segura, José C.",Informe sobre el cultivo del cacaotero,1883,2,196,197,1,,Informe; cultivo; Cacaotero,https://drive.google.com/drive/folders/1TcA1GfSbZNl5-yL_HJ1pjhNxqzxa5EQM,,Si,Español,Artículo,Ciencias de la vida,-,-,2,-,-
"Segura, José C.",Cultivo de la Quina,1883,2,221,222,1,,Cultivo; Quina,,,No,Español,Artículo,Ciencias de la vida,-,-,2,28,-
"Segura, José C.",Memoria sobre el pulque,1884,,32,32,1,,Memoria; Pulque,http://www.hndm.unam.mx/consulta/resultados/visualizar/558075bf7d1e63c9fea1a480?resultado=1&tipo=publicacion&intPagina=0,,Sí,Español,Artículo,Ciencias de la vida,-,-,-,16,-
"Segura, José C.; Cordero, Manuel D.",Reseña sobre el cultivo de algunas plantas industriales que se explotan o son susceptibles de explotarse en la republica,1884,,1,339,339,,Reseña; cultivo; plantas industriales; explotarse,https://archive.org/details/b28086053/page/n3/mode/2up,,Sí,Español,Monografía,Ciencias de la vida,-,-,-,-,-
"Segura, José C.",El cultivo del maíz,1888,,1,113,113,,Cultivo; maíz,https://archive.org/details/cultivodelmaiz00Segu/page/2/mode/2up,,Si,Español,Monografía,Ciencias de la vida,-,-,-,4,-
"Segura, José C.",Conferencias agrícolas. Influencia de la atmósfera y de sus agentes físicos sobre la vegetación,1889,1,16,16,1,,Conferencias; agrícolas; atmósfera; vegetación,http://www.hndm.unam.mx/consulta/resultados/visualizar/558075bf7d1e63c9fea1a480?resultado=1&tipo=publicacion&intPagina=0,,Sí,Español,Artículo,Ciencias de la vida,-,-,1,2,-
"Segura, José C.",El pulque,1889,1,4,7,3,,Pulque,http://www.hndm.unam.mx/consulta/resultados/visualizar/558075bf7d1e63c9fea1a480?resultado=1&tipo=publicacion&intPagina=0,,Sí,Español,Artículo,Ciencias de la vida,Contiene otras páginas de 1-3,-,-,6 Y 7,-
"Segura, José C.",Arbol del corcho,1889,1,7,9,2,,Árbol; Corcho,http://www.hndm.unam.mx/consulta/resultados/visualizar/558075bf7d1e63c9fea1a480?resultado=1&tipo=publicacion&intPagina=0,,Sí,Español,Artículo,Ciencias de la vida,Contiene otras páginas de 1-3,-,-,8 Y 9,-
"Segura, José C.",El maguey. Memoria sobre el cultivo y beneficio de sus productos,1891,,1,228,228,,Maguey; Memoria; beneficio; productos,https://archive.org/details/61810980R.nlm.nih.gov/page/n7/mode/2up,,Si,Español,Monografía,Ciencias de la vida,-,3,-,4,-
"Segura, José C.",Camote del cerro,-,1,93,93,1,,Camote; cerro,-,,No,Español,Artículo,Ciencias de la vida,-,-,-,--,-
"Segura, José C.",El tizón,-,1,161,161,1,,Tizón,-,,No,Español,Artículo,Ciencias de la vida,-,-,-,--,-
"Segura, José C.",Informe rendido a la dirección de la Escuela de Agricultura sobre una excursión al Estado de Veracruz en diciempre de 1877,-,1,--,-,-,,Informe; Escuela de Agricultura; Escursión; Veracrúz,,,No,Español,Monografía,Ciencias de la vida,-,-,-,--,-
"Segura, José C.",Yerba de la Guinea,-,1,14,14,1,,Yerba; Guinea,-,,No,Español,Artículo,Ciencias de la vida,-,-,1,-,-
"Segura, José C.",Té de milpa,-,1,15,15,1,,Té; Milpa,-,,No,Español,Artículo,Ciencias de la vida,-,-,1,-,-
"Segura, José C.",El café,-,2,8,8,1,,Café,-,,No,Español,Artículo,Ciencias de la vida,-,-,2,-,-
"Seemann, Berthold Carl",Flora of the North-Western Mexico,1857,,-,-,-,,Flora; North-Western; México,-,,No,Inglés,Monografía,Ciencias de la vida,-,-,-,-,-
"Seemann, Berthold Carl",Los nietoa mexicana,1876,3,343,346,4,,Nietoa; Mexicana,https://www.biodiversitylibrary.org/item/49853#page/367/mode/1up,,Sí,Español,Artículo,Ciencias de la vida,1a serie,-,3,-,-
"Seemann, Berthold Carl",The botany of the Voy. of the Herald ( flora of the Pacific Coast of N. America etc.),1852-1857,,1,484,484,,Botany; voyager; Herald,https://www.biodiversitylibrary.org/bibliography/425#/summary,,Sí,Inglés,Monografía,Ciencias de la vida,-,-,-,-,-
Semeleder Federico,Efectos fisiologicos del muriato de cocaína,1885,20,25,25,1,,Efestos; Muriato de Cocaina,-,,No,Español,Artículo,Ciencias de la vida,-,-,20,-,-
"Semmedo, João Curvo","Pugillus return indicarum quo comprehenditur historia variorum simplicium ex India Orientali, America, Allisque orbis terrarum partibus",1822,,-,-,-,,Historia; simlicium; India Orientali; America; terrarum,-,,No,Latín,-,Ciencias de la vida,-,-,-,-,-
Senseve; Jaime,Varios estudios sobre plantas mexicanas,-,-,-,-,-,,Estudios; plantas mexicanas,-,,No,Español,Monografía,Ciencias de la vida,-,-,-,-,-
"Serna, Presibitero Jacinto de",Manual de ministros de indios para el conocimiento de sus idolatrias y extirpación de ellas,1656,,-,-,-,,Manual; Indios; idolatrías; extirpación,https://books.google.com.mx/books/about/Manual_de_ministros_de_Indios_para_el_co.html?id=63M1QwAACAAJ&redir_esc=y,,Sí,Español,Monografía,Ciencias de la vida,-,-,-,-,-
"Sentis, J. M.",De la cera vegetal,1830,3,260,272,12,,Cera; vegetal,http://www.hndm.unam.mx/consulta/publicacion/visualizar/558075be7d1e63c9fea1a38e?intPagina=1&tipo=publicacion&anio=1830&mes=09&dia=22&butIr=Ir,,Sí,Español,Artículo,Ciencias de la vida,2a época,-,-,8,-
"Silva, Gabriel",Apomorfina. Contribución al estudio de la Terapéutica,1788,,1,22,22,,Apomorfina; estudio; terapéutica,-,,No,Español,Monografía,Ciencias de la vida,-,-,-,4,-
"Siricius, Joannes","Historische physische und medizinische Beschreibung derer im Furstlich Gottorpischen Garlen, das Neue-Werck gennant, deyen blühenden Aloen (mit Beyfügung einer Beschreibung der gleichfalls blühenden Yecca gloriosa).",1705,,1,68,68,,Historische; medizinische; FurstlichHistorische; Furstlich,https://books.google.com.mx/books?id=yUy-2jrab48C&lpg=PA1&ots=dHl5rqRlTm&dq=Kurze%20Beantwortung%20derer%20von%20Dr.%20W.V.W.&hl=es&pg=PA1#v=onepage&q=Kurze%20Beantwortung%20derer%20von%20Dr.%20W.V.W.&f=false,,Sí,Alemán,Monografía,Ciencias de la vida,-,-,-,-,
"Siricius, Joannes","Kurze Beantworlung derer von Dr. W.V.W. sehr ungereimten, nichtswurdigen und injurieusen imputationen, wider seine herausgegebene Beschreiburg derer im Hochfurstlichen Gottorpschen Garten serwichenes Jahr 1705 bluhenden Aloen, un dessen Persohn, der Wahrheit zu Neuer, und zur Rettung seines ehrlichen nahmens, allen verstandigen und unpassisnirten zum urtheil umbergeben.",1706,,1,68,68,,Kurze; Beantworlung,-,,No,Alemán,Monografía,Ciencias de la vida,-,-,-,-,-
"Siricius, Joannes","Bajae cimbricae, seu Carmen de Aloe americana",1709,,-,-,-,,Carmen; aloe americana,-,,No,Alemán,Monografía,Ciencias de la vida,-,-,-,-,-
"Soland, Aime de",Nottes sur la gomme de Sonora,-,,-,-,-,,Gomme; Sonora,-,,No,Francés,-,Ciencias de la vida,-,-,-,-,-
"Solms, Laubach H.",Pontederiaceae,1883,4,501,514,13,,Pontederiaceae,https://bibdigital.rjb.csic.es/viewer/13094/?offset=#page=505&viewer=picture&o=bookmark&n=0&q=,,Sí,Alemán,Artículo,Ciencias de la vida,-,-,4,-,-
"Solórzano Arriaga, Franciso",Apuntes relativos a la coca y a la cocaína,-,3,55,55,1,,Apuntes; Coca; Cocaina,-,,No,Español,Artículo,Ciencias de la vida,-,-,3,-,-
"Sonnini de Manoncourt, Charles Nicolas Sigisbert",Traité de l´Arachide eu Pistache de terre. Contenant la description 3 la culture et les usages de cette plante ; avec des Observations générales sur plusieurs sujets.,1808,,1,87,87,,Traite; Arachide; Pistache,https://gallica.bnf.fr/ark:/12148/bpt6k9816405b/f9.item.texteImage.zoom,,Sí,Francés,Monografía,Ciencias de la vida,-,-,-,-,-
"Soriano, Manuel S.",La nicocigrafía,1877,2,176,176,1,,Nicocigrafía,-,,No,Español,Artículo,Ciencias de la vida,-,-,2,-,-
"Soriano, Manuel S.",Algunos apuntes sobre la geografía y estadística médicas de Maravatio,1882,6,43,56,13,,Apuntes; Geogrfía; Estadisticas; Maravatio,-,,No,Español,Artículo,Ciencias de la vida,3a época,-,6,-,-
"Sosa, Secundino E.",Tullidora o Capulincilo,1875,2,35,35,1,,Tilludora; Capulincilo,-,,No,Español,Artículo,Ciencias de la vida,-,-,2,-,-
"Soto, Manuel",Instrucciones sobre el cultivo y aprovechamiento del Algarrono,1884,,4,4,1,,Cultivo; aprocechamiento; Algarrobo,-,,No,Español,Monografía,Ciencias de la vida,-,-,-,-,-
"Soto, Manuel",Cultivo del Pino marítimo,1884,,4,4,1,,Cultivo; Pino; matirimo,-,,No,Español,Monografía,Ciencias de la vida,-,-,-,-,-
"Seyneffer, Johann de","Florilegio medicinal de todas las enfermedades: sacado de varios y clasicos autores para bien de los pobres ... en particular para las Provincias remotas, en donde administran los RR.PP. Missioneros de la Compañia de Jesus : reducido a tres libros, el primero de Medicina, el segundo de Cirugia, con un Appendix ... el tercero contiene un Catalogo de los medicamentos usuales ... con el modo de componerlos",1729,,1,529,529,,Florilegio; medicinal; enfermedades; medicos,https://books.google.com.mx/books/about/Florilegio_medicinal_de_todas_las_enferm.html?id=dSKqiL2GIncC&redir_esc=y,,Sí,Español,Monografía,Ciencias de la vida,-,-,-,-,-
"Suter, Johann Rudolf",Flora Helvetica,1802,1,1,345,345,,Flora; Helvetica,https://books.google.com.mx/books?id=w10-AAAAcAAJ&dq=inauthor:%22Johann+Rudolf+Suter%22&hl=es&source=gbs_navlinks_s,,Sí,Alemán,Monografía,Ciencias de la vida,-,-,-,-,-
"Suter, Johann Rudolf",Flora Helvetica exhibens plantas Helvetiae phanerogamas,1822,1,1,408,408,,Flora; Helvetica; Exhibens; Phanerogamas,https://books.google.com.mx/books?id=w10-AAAAcAAJ&dq=inauthor%3A%22Johann%20Rudolf%20Suter%22&hl=es&pg=PR2#v=onepage&q&f=false,,Sí,Alemán,Monografía,Ciencias de la vida,-,-,-,-,-
T. J. J.,"La montaña de Bacalar, en el departamento de yucatán",1845,1,15,20,6,,Montaña; Bacalar; Yucatán,https://hdl.handle.net/2027/yale.39002085407477?urlappend=%3Bseq=9,,Sí,Español,Artículo,Ciencias de la vida,-,-,1,2,-
"Tabares Ulloa, Francisco de",Observaciones prácticas sobre el cacahuate o maní de america,1800,,1,31,31,,Observaciones; Cachahuate; mani de America,http://bdh-rd.bne.es/viewer.vm?id=0000078168&page=1,,Sí,Español,Monografía,Ciencias de la vida,-,-,,8,-
"Tena, Miguel",Plantas útiles,1892,1,-,-,-,,Plantas; putiles,-,,No,Español,Artículo,Ciencias de la vida,-,-,1,-,-
"Tena, Miguel",Calendario botánico de michoacan,1892,1,2,5,4,,Calendario; Botánico; Michoachan,https://collections.nlm.nih.gov/ext/dw/101282180/PDF/101282180.pdf,,Sí,Español,Artículo,Ciencias de la vida,-,-,1,8,-
"Tenore, Michele","Florae Neapolitanae prodromi appendix quarta : accedunt, de plantis quibusdam in Horto Regio cultis, observationes nonnullae / [Michele Tenore]",1823,,1,36,36,,Florae; neapolitanae; prodrom.,https://bibdigital.rjb.csic.es/records/item/11744-redirection,,Sí,Latín,Monografía,Ciencias de la vida,,-,-,-,-
"Tenore, Michele","Sylloge plantarum vascularium florae neapolitane hucusque detectarum; / auctore Michaele Tenore, in regia Neapolitana studiorum universitate botanices professore etc.",1831,,1,639,639,,Flora; Napolitana,https://bibdigital.rjb.csic.es/records/item/11743-redirection,,Sí,Latín,Monografía,Ciencias de la vida,,-,-,-,-
"Tenore, Vincenzo",Compendio di botanica ordinato specialmente alla conoscenza delle piante medicinali più comuni di V. Tenore e GA Pasquale,1858,,1,407,407,,Compendio; botanica,https://archive.org/details/bub_gb_LeXm2q-LO70C/page/n3,,Sí,Italiano,Monografía,Ciencias de la vida,,2,-,-,-
"Tenore, Vincenzo; Pasquale, Giuseppe Antonio",Atlante di botanica popolare ossia illustrazione di piante notevoli di ogni famiglia,1872,,-,-,-,,Atlante; Botanica; populare,https://books.google.com.mx/books/about/Atlante_di_botanica_popolare_ossia_illus.html?id=h-G3oAEACAAJ&redir_esc=y,,No,Italiano,Monografía,Ciencias de la vida,-,-,-,-,-
"Terracino, A.",Contrib. ad una monogr. de agave,1885,,-,-,-,,Congrib.; monogr. Agave,-,,No,-,Monografía,Ciencias de la vida,,-,-,-,-
"Torreros, Manuel",Cultivo del maíz en México,1880,3,37,37,1,,Cultivo; maiz; México,-,,No,Español,Artículo,Ciencias de la vida,Fue traducido por José C. Segura,-,3,,-
"Terasier, Jose Maria",Frijol,1870,,613,614,2,,Frijol,https://www.biodiversitylibrary.org/item/224105#page/691/mode/1up,,Sí,Español,Artículo,Ciencias de la vida,-,-,-,-,-
"Tirado, J. B.","Apuntes sobre el cultivo de los cafetos en el cafetal ""progreso"" en Tezintlán",1893,,51,51,1,,Apuntes; cafetos; cafetal,-,,No,Español,Artículo,Ciencias de la vida,Año 3,-,-,6,-
"Titford, William Jowit",Sketches towards a Hortus botanicus americanus; or colored plates ... of new and valuable plants from the West Indies and North and South America,1811,,1,132,132,,Sketches; hortus; botanicus,https://www.biodiversitylibrary.org/bibliography/62428#/summary,https://doi.org/10.5962/bhl.title.62428,Sí,Inglés,Monografía,Ciencias de la vida,-,-,-,-,-
"Tovar, Agustin de J.",El Te Nurite,1892,1,6,7,2,,Nurite,https://collections.nlm.nih.gov/ext/dw/101282180/PDF/101282180.pdf,,Sí,Español,Artículo,Ciencias de la vida,-,-,1,8,-
"Torre, Joaquin de la",Estudio acerca de la Lobelia Laxiflora var. angustifolia (Benth. Humb.),1889,,1,14,14,,Estudio; Loelia Laxiflora; angustifolia,-,,No,Español,Monografía,Ciencias de la vida,-,-,-,4,-
"Torres, León Alejo",Instrucción sobre el cultivo del Cacao en el Estado de Tabasco.,1872,4,105,106,1,,Instrucción; cultivo; Cacao; Tabasco,https://archive.org/details/boletndelasocie05estagoog/page/n111?q=Bolet%C3%ADn+de+la+Sociedad+Geogr%C3%A1fica+tomo+iv,,Sí,Español,Artículo,Ciencias de la vida,2a época,-,4,-,-
"Torres Moreno, Juan",Juicio imparcial sobre la disputa suscitada acerca de si es saludable ó perjudicial el Trigo llamado Albillo ó Blanquillo.,1667,,-,-,-,,Juicio; disputa; trigo; Albillo; Blanquillo,-,,No,Español,Monografía,Ciencias de la vida,-,-,-,-,-
"Torres, Ezequiel",Tratamiento de la Ozena por el Marrubium vulgare.,1889,1,417,417,1,,Tratamiento; Ozena; Marrubium vulgare,https://books.google.com.mx/books?id=OEk4AQAAMAAJ&q=Tratamiento+de+la+Ozena+por+el+Marrubium+vulgare.&dq=Tratamiento+de+la+Ozena+por+el+Marrubium+vulgare.&hl=es&sa=X&ved=2ahUKEwi9renhyv3sAhUDVs0KHeQBA8MQ6AEwAHoECAAQAg,,No,Español,Artículo,Ciencias de la vida,-,-,1,-,-
"Torres, Ezequiel",La Jicamilla.,1893,4,227,227,1,,Jicamilla,"https://books.google.com.mx/books?id=F18DAAAAYAAJ&pg=PA227&dq=Torres,+Ezequiel%09La+Jicamilla.&hl=es&sa=X&ved=2ahUKEwidipOhzf3sAhXRQc0KHVauB2wQ6AEwAHoECAAQAg",,No,Español,Artículo,Ciencias de la vida,--,-,4,-,-
"Torres, José T.",Ensayo experimental sobre el Café.,1876,,1,23,23,,Ensayo; experimental; café,https://collections.nlm.nih.gov/catalog/nlm:nlmuid-101592984-bk,,Sí,Español,Monografía,Ciencias de la vida,"Reimpreso en ""El Estudio""",-,-,-,-
"Torres, Mariano Jesús de",El Tamarindo.,1875,1,35,35,1,,Tamarindo,-,,No,Español,Artículo,Ciencias de la vida,-,-,1,-,-
"Torres, Mariano Jesús de",La botánica puesta al alcance de las señoritas,1875,1,39,39,1,,Botánica; alcance; señoritas,-,,No,Español,Artículo,Ciencias de la vida,"Continúa en las páginas 81, 125 y 154",-,1,-,-
"Torrey, John",Botany of the Boundary.,1859,2,29,270,270,,Botany; Boundary,https://www.biodiversitylibrary.org/item/95705#page/28/mode/1up,,Sí,Inglés,Monografía,Ciencias de la vida,Parte 1,-,II,-,-
"Torrey, John",A Revisión ofthe Eriogonae.,1873,8,145,200,65,,Revisión; Eriogonae,https://www.biodiversitylibrary.org/item/22158#page/151/mode/1up,,Sí,Inglés,Artículo,Ciencias de la vida,-,-,-,VIII,-
"Torrey, John; Fre?mont, John Charles","Plantæ frémontianæ, or descriptions of plants collected by Colonel JC Frémont in California",1883,,1,24,24,,Plantas; Fremontianse,https://www.biodiversitylibrary.org/bibliography/42213#/summary,,Sí,Inglés,Monografía,Ciencias de la vida,"Series: Smithsonian contributions to knowledge. v. 6, art. 2",-,-,-,-
"Fort, Jose María",Memoria sobre la Naturaleza de las aguas de Tehuacán y producciones vegetales de sus inmediaciones.,1858,6,33,41,8,,Memoria; Naturaleza; aguas; Tehuacan; vegetales,https://books.google.com.mx/books?id=X9Z-AAAAMAAJ&q=Memoria+sobre+la+Naturaleza+de+las+aguas+de+Tehuac%C3%A1n+y+producciones+vegetales+de+sus+inmediaciones.&dq=Memoria+sobre+la+Naturaleza+de+las+aguas+de+Tehuac%C3%A1n+y+producciones+vegetales+de+sus+inmediaciones.&hl=es&sa=X&ved=2ahUKEwiG1fHJ2_3sAhURDKwKHcC0CkQQ6AEwAXoECAMQAg,,No,Español,Artículo,Ciencias de la vida,1a época,-,8,-,-
"Touraiime, Aug",Notes pour servir a l'histoire de l'Ipéca.,1865,1,153,157,4,,Notes; Histoire; Ipeca,https://babel.hathitrust.org/cgi/pt?id=mdp.39015046999424&view=1up&seq=159,,Sí,Francés,Artículo,Ciencias de la vida,-,-,1,10,-
"Touraiime, Aug",Expériences sur la Tradescantia erecta. (Yerba del Pollo.),1866,2,181,188,7,,Experiences; Tradescantia erecta,https://babel.hathitrust.org/cgi/pt?id=mdp.39015046999432&view=2up&seq=186,,Sí,Francés,Artículo,Ciencias de la vida,-,-,2,11,-
"Tournefort, Joseph Pitton de",Institutiones Rei Herbarias.,1700,,1,697,697,,Institutiones; Herbariae,https://gallica.bnf.fr/ark:/12148/btv1b8454353v/f7.item.r=Institutiones%20Rei%20Herbarias,,Sí,Latín,Monografía,Ciencias de la vida,3 volumenes en total,-,1,-,-
"Toussaint, Manuel","Acción fisiológica de la ""Thevetia yecotli.""",1893,4,158,158,1,,Acción; fisiológica; Thevetia yecotli,https://books.google.com.mx/books?id=F18DAAAAYAAJ&pg=PA462&dq=Observaciones+acerca+de+la+acci%C3%B3n+antit%C3%A9rmica+de+la+Psoralina.&hl=es&sa=X&ved=2ahUKEwiMgbuK5_3sAhVBKKwKHcQEAKsQ6AEwAHoECAMQAg,,No,Español,Artículo,Ciencias de la vida,-,-,4,-,-
"Toussaint, Manuel",Algunos datos experimentales acerca de los efectos producidos por el Senecio canicida.,1893,4,199,199,1,,Datos; efectos; Senecio canicida,https://books.google.com.mx/books?id=F18DAAAAYAAJ&pg=PA462&dq=Observaciones+acerca+de+la+acci%C3%B3n+antit%C3%A9rmica+de+la+Psoralina.&hl=es&sa=X&ved=2ahUKEwiMgbuK5_3sAhVBKKwKHcQEAKsQ6AEwAHoECAMQAg,,No,Español,Artículo,Ciencias de la vida,-,-,4,,-
"Toussaint, Manuel",Observaciones acerca de la acción antitérmica de la Psoralina.,1893,4,462,462,1,,Observaciones; accion; antitérmica; Psoralina,https://books.google.com.mx/books?id=F18DAAAAYAAJ&pg=PA462&dq=Observaciones+acerca+de+la+acci%C3%B3n+antit%C3%A9rmica+de+la+Psoralina.&hl=es&sa=X&ved=2ahUKEwiMgbuK5_3sAhVBKKwKHcQEAKsQ6AEwAHoECAMQAg,,No,Español,Artículo,Ciencias de la vida,-,-,4,-,-
"Tuckermann, Edward",Genera lichenum an arrangement of North American lichens,1872,,1,281,281,,Genera; Lichenum,https://www.biodiversitylibrary.org/item/99661#page/6/mode/1up,,Sí,Inglés,Monografía,Ciencias de la vida,-,-,-,8,-
"Turpin, Pierre Jean Francois",Observations sur la famille des Cactées.,1830,,1,69,69,,Observations; famille; Cactées,https://books.google.com.mx/books/about/Observations_sur_la_famille_des_Cact%C3%A9es.html?id=QqfBuQEACAAJ&redir_esc=y,,No,Francés,Monografía,Ciencias de la vida,-,-,-,-,-
"Turis, Bernardino","Specimen plantarum, quas en agro clavariens; allisque dipartamenti Appenínnorum locis collegit atque exciccavit.",1806,,1,32,32,,Specimen; Plantarum; Clavariens; excicavit,-,,No,Latín,Monografía,Ciencias de la vida,-,-,-,4,-
"Tusquio, Remado","Modo de curar del morbo Hispánico ó Gálico, con el palo de Guayacán.",-,,-,-,-,,Curar; morbo Hispánico; Gálico; Guayacán,-,,No,Español,Monografía,Ciencias de la vida,-,-,-,-,-
"Thielmann, Max von",Vier wege durch Amerika,1879,,1,584,584,,"wege, Amerika; Cuba; Mexico.",https://books.google.com.mx/books?id=H2DYgH8gPy8C&dq=Vier%20wege%20durch%20Amerika&source=gbs_book_other_versions,,No,Alemán,Monografía,Ciencias de la vida,-,-,-,-,-
"Thiéry de Menonville, Nicolas Joseph","Traité de la culture du Nopal et de l'éducation de la cochenille dans les colonnes françaises d'Amérique, précédé d'une voyage à Oaxaca.",1787,2,1,94,94,,Traité; Culture; Nopal; colonnes francaises; Amerique,https://archive.org/details/b29329553_0002/page/n11?q=Thierry+de+Menonville.+J.+N.,,Sí,Francés,Monografía,Ciencias de la vida,2 tomos en total,-,-,8,-
"Trelease, William",The species of Epilobium occurring North of México.,1891,,69,117,58,,Species; Epilobium; north; Mexico,https://archive.org/details/cihm_28028,,Sí,Inglés,Monografía,Ciencias de la vida,Tomado del segundo reporte anual del Missouri Botanical Garden,-,-,-,-
"Treuai, P","Informe sobre el cultivo de la Morera, Tabaco y Yuca en Tacámbaro.",1872,4,62,64,2,,Cultivo; Morera; tabaco; Yuca,https://archive.org/details/boletndelasocie05estagoog/page/n67?q=Bolet%C3%ADn+de+la+Sociedad+Geogr%C3%A1fica+tomo+iv,,Sí,Español,Artículo,Ciencias de la vida,2a época,-,4,-,-
"Trew, D. Christophori Jacobi","Reipublicae Norimbergensis Physici Ordinarii & Academiae Caesareae Naturae Curiosorum Collegae Beschreibung Der Grossen Americanischen Aloe: Theils aus bewährten Autoribus, theils aus eigener Erfahrung zusammen getragen. Wobey das tägliche Wachsthum des Stengels der in 1726.",1727,,1,36,36,,Beschreiburg; amirikanischen Aloe,https://books.google.com.mx/books?id=9G9aAAAAcAAJ&pg=PA8&dq=zu+N%C3%BCrnberg+verbl%C3%BCheten+Aloe+erl%C3%A4utert+wird.+N%C3%BCrnberg&hl=es&sa=X&ved=0ahUKEwiD6fO3-N7fAhVFT6wKHeyCDKoQ6AEIKzAA#v=onepage&q=zu%20N%C3%BCrnberg%20verbl%C3%BCheten%20Aloe%20erl%C3%A4utert%20wird.%20N%C3%BCrnberg&f=false,,Sí,Alemán,Monografía,Ciencias de la vida,-,-,-,4,-
"Troncoso, Francisco Paso del",Estudios sobre la historia de la medicina en México.,1884,3,137,235,103,,Estudios; medicina; México; Botánica; Nahuas,https://mediateca.inah.gob.mx/repositorio/islandora/object/issue:599,,Sí,Español,Artículo,Ciencias de la vida,1a época,-,3,3,-
"Ucria, Bernardino da","Hortus Regius Panhormitanus [sic] aerae vulgaris anno MDCCLXXIX noviter extructus septoque ex indigenis, exoticifque [i.e. exoticisque] plurimas complectens plantas",1789,,1,498,498,,Hortus; Panormitanus;exoticisque; plantas,http://bibdigital.rjb.csic.es/spa/Libro.php?Libro=3294&Hojas=,,Sí,Latín,Monografía,Ciencias de la vida,-,-,-,-,-
"Ugave, Hermano N.","De las virtudes maravillosas de la Contrayerba, llamada Yerba de la Vívora y también la Coronilla.",1737,,48,48,1,,Contrayerba; Yerba Vivora; Coronilla,"https://books.google.com.mx/books?id=Ocw5AQAAMAAJ&q=De+las+virtudes+maravillosas+de+la+Contrayerba,+llamada+Yerba+de+la+V%C3%ADvora+y+tambi%C3%A9n+la+Coronilla.&dq=De+las+virtudes+maravillosas+de+la+Contrayerba,+llamada+Yerba+de+la+V%C3%ADvora+y+tambi%C3%A9n+la+Coronilla.&hl=es&sa=X&ved=2ahUKEwjl4MOsgYDtAhXBGs0KHfdWDNUQ6AEwBXoECAIQAg",,No,Español,Artículo,Ciencias de la vida,-,-,-,52,
"Unda, Jose Santos",La Grana y el Mescal.,1870,6,224,224,1,,Grana; Mescal,https://books.google.com.mx/books?id=NgMhAQAAMAAJ&q=La+Grana+y+el+Mescal.Jose+Santos&dq=La+Grana+y+el+Mescal.Jose+Santos&hl=es&sa=X&ved=2ahUKEwid95aFhIDtAhUGCM0KHRVfABQQ6AEwAHoECAQQAg,,No,Español,Artículo,Ciencias de la vida,"Artículo copiado de la ""Victoria"" periódico oficial del Estado de Oaxaca. edición de la ""Revista Universal"" México. 1870.",-,6,2,
"Underwood, Lucien Marcus",Our native Ferns and their Allies. Con un cuadro sinóptico de las Pteridophytas del Norte de México.,1888,,1,156,156,,Native; Ferns,https://www.biodiversitylibrary.org/item/59184#page/9/mode/1up,,Sí,Inglés,Monografía,Ciencias de la vida,-,-,-,-,-
"Urbina, Manuel",Notas acerca de los Copales de Hernández y las Burseráceas mexicanas,1887,4,98,121,24,,Copales; Hernández; Burseráceas mexicanas,https://www.mna.inah.gob.mx/docs/anales/120.pdf,,Sí,Español,Artículo,Ciencias de la vida,-,-,4,-,-
"Urbina, Manuel",La Chía y sus aplicaciones.,1891,1,27,36,9,,Chia; aplicaciones,https://archive.org/details/lanatur2118871890mexi/page/n59?q=LA+CHIA+Y+SUS+APLICACIONES,,Sí,Español,Artículo,Ciencias de la vida,2a serie,-,1,-,-
"Uribe, Alejandro",Estudio sobre algunos productos del Chico Zapote.,1876,,1,16,16,,Productos; Chico Zapote,https://collections.nlm.nih.gov/catalog/nlm:nlmuid-101592978-bk,,Sí,Español,Monografía,Ciencias de la vida,"Reimpreso en Monografias de ""El Estudio""",-,-,-,-
"Uribe y Toncoso, José",Breve estudio sobre el Lupinus elegans.,1892,,1,26,26,,Estudio; Lupinus elegans,https://books.google.com.mx/books/about/Breve_estudio_sobre_el_lupinus_elegans.html?id=7jFXHQAACAAJ&redir_esc=y,,No,Español,Monografía,Ciencias de la vida,-,-,-,-,-
"Urueta y Siqueiros, Bernardo.",Estudio sobre el Eucaliptos Globulus.,1878,,1,21,21,,estudio; Eucaliptus Globulus,https://collections.nlm.nih.gov/catalog/nlm:nlmuid-101594895-bk,,Sí,Español,Monografía,Ciencias de la vida,"Reimpreso en Monografías de ""El Estudio.""",-,-,-,-
"Uslar, Johann Julius Von",Proposición de un remedio en lugar de la Belladona como profiláctico de la escarlatina.,1837,2,306,308,2,,Remedio; Belladona; Escarlatina,-,,No,Español,Artículo,Ciencias de la vida,1a seríe,-,2,-,-
"Uslar, Johann Julius Von","Reflexiones sobre el uso del Centeno de cuernecíllo, ó polvo ocytocico.",1837,2,369,369,1,,Reflexiones; Centeno de cuernecillo; Polvo ocytocico,-,,No,Español,Artículo,Ciencias de la vida,1a serie,-,2,-,-
"Uslar, Johann Julius Von",Sobre el efecto de la Canela en la Dysenteria.,1838,3,65,65,1,,Efecto; Canela; Dysenteria,-,,No,Español,Artículo,Ciencias de la vida,1a seríe,-,3,-,-
"Uslar, Johann Julius Von","Reflexiones sobre el uso del Centeno de cuernecíllo, ó polvo ocytocico. (continuación)",1838,3,143,143,1,,Continuación; anterior,-,,No,Español,Artículo,Ciencias de la vida,1a serie,-,3,-,-
"Vadillo, Perfecto","Del Cacao, su cultivo y sus aplicaciones.",1869,1,190,192,3,,Cacao; Cultivo; aplicaciones,https://babel.hathitrust.org/cgi/pt?id=mdp.39015008360623&view=2up&seq=204,,No,Español,Artículo,Ciencias de la vida,2a época,-,1,-,-
"Valmont de Bomare, M. Jacques Christophe; Brunet; Pierres, Philippe Denys","Dictionnaire raisonné universel d'histoire naturelle; : contenant l'histoire des animaux, des végétaux et des minéraux",1775,1,1,640,640,,Dictionaire; universale; hostoire naturelle,https://www.biodiversitylibrary.org/item/215839#page/7/mode/1up,,Sí,Francés,Monografía,Ciencias de la vida,9 tomos en total,2,-,-,-
"Valenzuela, Jesus",De los efectos del tabaco.,1883,18,349,354,5,,Efectos; tabaco,https://catalog.hathitrust.org/Record/000635467,,No,Español,Artículo,Ciencias de la vida,-,-,18,-,-
"Valero Olea y, Miguel","Historia del Tabaco, su descubrimiento, usos y propagación, progreso de sus rentas, estanco en la N. E. y utilidades que ha rendido á la Corona desde su establecimiento hasta el año 1792.",-,,-,-,-,,Historia; tabaco; usos; Nueva España,-,,No,Español,Monografía,Ciencias de la vida,-,-,-,-,-
"Siena, Bernardino de","Dioscorides en lengua de Yucatán, con adiciones.",-,-,-,-,-,,Lengua; Yucatán,-,,No,Español,Monografía,Ciencias de la vida,-,-,-,-,-
"López Vallejo, Francisco.",Estudio sobre el Chicalote.,1884,,1,14,14,,Estudio; Chicalote,https://collections.nlm.nih.gov/catalog/nlm:nlmuid-101587084-bk,,Sí,Español,Monografía,Ciencias de la vida,Serie Veterinaria. Núm. 6.,-,-,,-
"Vasey, George",Grasses ofthe South. A reportoncertain Grasses and forrage plants for cultivation in the Sonth and Sonthwest.,1887,,1,63,63,,Grasses; South; cultivation; Snth; Sonthwest,https://www.biodiversitylibrary.org/item/129976#page/3/mode/1up,,Sí,Inglés,Monografía,Ciencias de la vida,-,-,-,,-
"Vasey, George; Rose, Joseph Nelson",Lísts of plants collected by Dr. Edward Palmer in 1889.,1890,1,9,28,19,,List; plants; Edward Palmer; National Herbarium,https://www.biodiversitylibrary.org/item/13761#page/17/mode/1up,,Sí,Inglés,Artículo,Ciencias de la vida,-,-,-,1,-
"Vasey, George; Rose, Joseph Nelson",List of PIants collected by Dr. Edward Palmer in lower California and Western Mexico in 1890,1890,1,63,90,97,,Plants; collected; Lower California; Western,https://www.biodiversitylibrary.org/item/13761#page/73/mode/1up,,Sí,Inglés,Artículo,Ciencias de la vida,-,-,-,1,-
"Varela, Antonio","Ensayo sobre el plantío y cultivo del Maguey ó Agave Mexicano: la elaboración del Pulque y su formación, así como la práctica que debe observarse para su mejora y conservación; fruto de largos años de experimentos prácticos y detenidas meditaciones.",-,,1,56,56,,Ensayo; Maguey; pulque; formación; conservación,-,,No,Español,Monografía,Ciencias de la vida,-,-,-,-,-
"Vandercolme, Édouard",Histoire botanique et thérapeutique des Salsepareilles,1870,,1,136,136,,Histoire; Salsepareilles,https://books.google.com.mx/books/about/Histoire_botanique_et_th%C3%A9rapeutique_des.html?id=-psUAAAAYAAJ&redir_esc=y,,No,Francés,Monografía,Ciencias de la vida,-,-,-,-,-
"Vandendrieche, A",Cultivo del Maguey.,-,,4,4,1,,Culvito; Maguey,-,,No,Español,Artículo,Ciencias de la vida,-,-,3,-,-
"Vargas Machuca, Bernardo de,","Milicia y descripciónde la Indias escrita por el Capitán D. Bernardo de Vargas Machuca Caballero castellano, natural de la villa de Simancas. Reimpresa fielmente, según su primera edición hecha en Madrid en 1599.",1892,,1,270,270,,Milicia; Indias; capitan; Bernardo;,https://archive.org/details/miliciaydescripc01varg/page/n7?q=Bernardo+Vargas+Machuca,,Sí,Español,Monografía,Ciencias de la vida,2 volumenes en total,,1,-,-
"Vaupell, Christian","Note suivante adressée á la Société par M.Chr. Vaupell, Copenhague 1° Septiembre 1857",1857,4,898,899,2,,Nota; septiembre; 1857,https://www.biodiversitylibrary.org/item/8628#page/912/mode/1up,,Sí,Francés,Artículo,Ciencias de la vida,Se ocupa del Maguey,-,IV,-,-
"Vaupell, Christian",Note sur le mode de multiplication de L'Agave americana.,1857,4,43,54,9,,Note; Multiplication; I´Agave americana,https://www.biodiversitylibrary.org/item/8628#page/58/mode/1up,,Sí,Francés,Artículo,Ciencias de la vida,-,,IV,-,-
Vauthier G Z F,Etude sur le ma'is. Acide maizénique.,1880,,1,23,23,,EtudeM maïs; Acide maïzénique,-,,No,Francés,Monografía,Ciencias de la vida,-,-,-,-,-
"Velasco, Ildefonso",Estudio sobre algunos purgantes indígenas.,1869,,1,30,30,,Estudio; purgantes; Indigenas,https://books.google.com.mx/books/about/Estudio_sobre_algunos_purgantes_indigena.html?id=RWvhOgAACAAJ&redir_esc=y,,No,Español,Monografía,Ciencias de la vida,"Reimpreso en ""La Naturaleza,"" 1° serie, vol. 7°, pág. 127 .",-,-,-,-
"Velasco, Ildefonso",Comparación entre el Pan y la Tortilla bajo el punto de vista higiénico.,-,2,75,75,1,,Comparación; Pan; tortilla; punto; higíenico,-,,No,Español,Artículo,Ciencias de la vida,-,-,2,-,-
"Velasco, José María",Flora del Valle de México.,1869,,-,-,-,,Flora; Valle ; México,-,,No,Español,Monografía,Ciencias de la vida,"Obra monográfica teniendo al pie de cada lámina la descripción botánica de la planta representada. Se hicieron tan solo 200 ejemplares, todos ellos coloridos á mano. La obra quedó incompleta, pues solamente 9 entregas ó sean 18 planchas, se dieron á luz.",-,4,-,-
"Velasco, José María",Descripción de una especie de Cactea de México.,1870,1,201,203,2,,Descripción; especie; Cactea; México,https://babel.hathitrust.org/cgi/pt?id=ucm.5329287903&view=1up&seq=217,,Sí,Español,Artículo,Ciencias de la vida,1a seríe,-,1,-,-
"Velasco, José María",Falsa Jalapa de Querétaro.,1870,1,338,342,4,,Falsa; Jalapa; Querétaro,https://babel.hathitrust.org/cgi/pt?id=ucm.5329287903&view=1up&seq=360,,Sí,Español,Artículo,Ciencias de la vida,1a serie,-,1,-,-
"Vélez, Tirso","Tesis inaugural que para el examen profesional de Farmacia, presenta México.",1888,,1,24,24,,Tesís; examen; profesional,https://archive.org/details/101591386.nlm.nih.gov/page/n1,,Sí,Español,Monografía,Ciencias de la vida,"Se ocupa del ""Rabanillo"" (Sencecio Tolucana).",-,-,4,-
"Venegas, Juan Manuel","Compendio de la Medicina ó Medina Práctica en que se declara lacónicamente lo más útil de ella, que el autor tiene observado en estas regiones de Nueva España para casi todas las enfermedades que acometen al cuerpo humano.",1788,,-,-,-,,Compendio; Medicina; Medina práctica; Nueva España,-,,No,Español,Monografía,Ciencias de la vida,"Se ha reimpreso 5 veces esta obra, y una de ellas en Filadelfia., el año 1827",-,-,4,-
"Venegas, P. Miguel",Noticia de la California y de su conquista sacada de la noticia manuscrita formada en México,1739,1,1,194,194,,Noticia; California; conquista; noticia manuscrita; México,http://www.cervantesvirtual.com/obra/noticia-de-la-california-y-de-su-conquista-temporal-y-espiritual-hasta-el-tiempo-presente-sacada-de-la-historia-manuscrita-formada-en-mexico-ano-de-1739-tomo-tercero/,,Sí,Español,Monografía,Ciencias de la vida,3 volumenes en total,-,-,4,-
"Vetancurt, F. Agustin de","Theatro Mexicano. Descripción breve de los sucesos exemplares, históricos, políticos y religiosos del Nuevo Mundo Occidental de las Indias.",1870,,-,-,-,,Theatro; Descripción; sucesos; históricos; plíticos; reliciosos; Indias,"http://bdh.bne.es/bnesearch/biblioteca/Teatro%20mexicano%20%20%20%20:%20%20%20%20%20descripci%C3%B3n%20breve%20de%20los%20sucesos%20ejemplares,%20hist%C3%B3ricos,%20pol%C3%ADticos,%20militares%20y%20religiosos%20del%20Nuevo%20Mundo%20Occidental%20de%20las%20Indias%20%20%20/qls/Vetancurt,%20Agust%C3%ADn%20de%20(1620%201700)/qls/bdh0000049242;jsessionid=20244430F0CECE1E7F5AD062277FB498",,No,Español,Monografía,Ciencias de la vida,"4 volumenes en total. Tomo 1°. trata de las plantas de méxico, sus propiedades y usos",-,-,-,-
"Viadas, Lauro",Cultivo del tabaco en Córdoba y Orizaba.,1893,3,9,9,1,,Cultivo; TabacoM; Córdoba; Orizaba,-,,No,Español,Artículo,Ciencias de la vida,Año 3,,,3,-
"Viale, Octavio",El copal de penea,1892,-,1,17,17,,"Copal, Penca",-,,No,Español,Monografía,Ciencias de la vida,-,-,-,4,-
"Vidales, Fr. Luis",Florilegio medicinal propio de la provincia de Yucatán,-,-,-,-,-,,Florilegio; medicinal; Yucatán,-,,No,Español,Monografía,Ciencias de la vida,MS. Siglo XVII,-,-,-,-
"Vigneaux, Ernest",Viaggio al Messico,1874,-,1,159,159,,Viaggio; Messico,https://archive.org/details/viaggionelmessic00vign/page/n3,,Sí,Italiano,Monografía,Ciencias de la vida,-,-,-,-,-
"Villa, José María",Informe sobre el cultivo de la vid.,1882,2,-,-,-,,Informe; cultivo; Vid,-,,No,Español,Artículo,Ciencias de la vida,-,-,2,4,-
"Villalva, José G.",Cultivo del cacaotero.,1893,3,27,27,1,,Cultivo; Cacaotero,-,,No,Español,Artículo,Ciencias de la vida,Año 3,-,-,3,-
"Villada Peimbert, Manuel María","Estudio sobre la Flora de Pachuca mineral del Chico, Real del Monte.",1865,,193,260,67,,"Estudios; Flora; Pachuca; Mineral el Chico, Real del Monte; Huasca; Barranca Honda",-,,No,Español,Artículo,Ciencias de la vida,-,,-,-,-
"Villada Peimbert, Manuel María",El hule,1876,3,316,330,15,,Hule,https://www.biodiversitylibrary.org/item/49853#page/338/mode/1up,,Sí,Español,Artículo,Ciencias de la vida,1a serie,3,,,-
"Villada Peimbert, Manuel María",Dictamen acerca del nuevo género de las Ramnáceas Bárcena Guanajualensis,1879,4,282,284,3,,Dictamen; nuevo género; Ramnáceas; Barcena Guanajuatensis,https://www.biodiversitylibrary.org/item/121663#page/314/mode/1up,,Sí,Español,Artículo,Ciencias de la vida,1a serie,4,-,,-
"Villada Peimbert, Manuel María","Dictamen acerca del estudio del Dr. Duges ""Clasificación anatómica de los frutos""",1882,5,254,258,5,,Dictamen; nuevo gpenero; Ramnáceas,https://www.biodiversitylibrary.org/item/121642#page/268/mode/1up,,Sí,Español,Artículo,Ciencias de la vida,1a serie,5,,-,-
"Villada Peimbert, Manuel María",Lennoa caerulea (carcillophillum),1882,5,213,215,3,,Lennoa Caerulea; Carcillophillum,https://www.biodiversitylibrary.org/item/121642#page/225/mode/1up,,Sí,Español,Artículo,Ciencias de la vida,1a serie,5,-,,-
"Villada Peimbert, Manuel María",Clasificación cientifíca de los objetos del grupo 8 clase 68 y 79 en la exposición de Toluca,1883,,130,142,13,,Clasificación; objetos; grupo 8°; exposición 1a; Toluca,"https://books.google.com.mx/books?id=k0YyAQAAIAAJ&q=Memoria+de+la+primera+exposici%C3%B3n+de+la+Capital+del+Estado+de+M%C3%A9xico,+Toluca&dq=Memoria+de+la+primera+exposici%C3%B3n+de+la+Capital+del+Estado+de+M%C3%A9xico,+Toluca&hl=es-419&sa=X&ved=2ahUKEwign-uusfTtAhUJ26wKHfA0B78Q6AEwAHoECAAQAg",,No,Español,Artículo,Ciencias de la vida,Continúa en las páginas 160 a 163,,-,-,-
"Villada Peimbert, Manuel María; Herrera Fernandez, Alfonso",Plantas para la fabricación del papel,1884,6,84,88,4,,Plantas; fabricación; papel,https://www.biodiversitylibrary.org/item/121644#page/92/mode/1up,,Sí,Español,Artículo,Ciencias de la vida,1a serie,6,,-,-
"Villada Peimbert, Manuel María",Apuntes acerca de las plantas indigenas de la familia de las compuestas empleadas en medicina,1887,22,351,359,8,,Apuntes; plantas indígenas; empleadas; medicina,,,No,Español,Artículo,Ciencias de la vida,-,22,,-,-
"Villada Peimbert, Manuel María",Apuntes acerca de las plantas indigenas de la familia de las compuestas empleadas en medicina (2da parte),1888,23,351,359,8,,Apuntes; plantas; Indigenas,,,No,Español,Artículo,Ciencias de la vida,-,23,,-,-
"Villada Peimbert, Manuel María",Apuntes de geología y botanica relativos a México,1891,1,419,433,14,,Apuntes; Geología; Botánica; México,https://www.biodiversitylibrary.org/item/121657#page/505/mode/1up,,Sí,Español,Artículo,Ciencias de la vida,2a serie,1,-,-,-
"Villada Peimbert, Manuel María",Relación de un viaje a la caverna de Cacahuamilpa,1891,1,148,156,9,,Relación; Caverna; Cacahuamilpa,https://www.biodiversitylibrary.org/item/121657#page/204/mode/1up,,Sí,Español,Artículo,Ciencias de la vida,2a serie,1,,-,-
"Villada Peimbert, Manuel María",Apuntes acerca de las plantas de la familia de las leguminosas,1894,31,194,194,1,,Apuntes; plantas; familia; Leguminosas,,,No,Español,Artículo,Ciencias de la vida,-,31,,-,-
"Villada Peimbert, Manuel María",Noticia y descripción de una varidad de la Breweria mexicana de Hemsley,1897,2,127,128,2,,Noticia; descripción; variedad; Breweria mexicana; Hemsley,https://www.biodiversitylibrary.org/item/122571#page/235/mode/1up,,Sí,Español,Artículo,Ciencias de la vida,2a serie,2,,,-
"Villada Peimbert, Manuel María",Estudios relativos a la Bocconia Arborea y los alcaloides de la papaveraceas,1897,2,207,212,5,,Estudios; Bocconia Arborea; alcaloides; Papaveraceas,https://www.biodiversitylibrary.org/item/122571#page/357/mode/1up,,Sí,Español,Artículo,Ciencias de la vida,2a serie,2,,-,-
"Villada Peimbert, Manuel María",La goma laca de México,1897,2,383,385,3,,Goma laca; México,https://www.biodiversitylibrary.org/item/122571#page/587/mode/1up,,Sí,Español,Artículo,Ciencias de la vida,2a serie,2,,-,-
"Villada General, José Vicente",Memoria de la administración pública del estado de México presenta a la legislatura por el gobernador constitucional.,1893,,912,912,1,,Memora; Administración Pública; Legislatura; Gobernador,-,,No,Español,Monografía,Ciencias de la vida,Cuatrenio de 1889 a 1893,-,-,-,-
"Villaurrutia, A",Bosques de arbolados,1865,,123,123,1,,Bosques; Arbolados,-,,No,Español,Artículo,Ciencias de la vida,-,-,1,-,-
"Visiani, Roberto de",Flora Dalmatica: sive enumeratio stirpium vascularium quas hactenus in Dalmatia lectas et sibi digessit,1842,1,1,252,252,,Flora Dalmática; enumeratio; vascularum; Dalmatica,https://books.google.com.mx/books?id=7slAAAAAcAAJ&source=gbs_book_other_versions,,Sí,Latín,Monografía,Ciencias de la vida,3 volumenes en total,-,-,-,-
"Visiani, Roberto de",Florae dalmaticae supplementum: opus suum novis curis castigante et augente Roberto De Visiani,1872,,1,189,189,,Flora; Dalmaticae; supllementum,https://books.google.com.mx/books?id=nvPkAnYUMWsC&source=gbs_similarbooks,,No,Latín,Monografía,Ciencias de la vida,-,-,-,4,-
"Vriese, Williem Hendrik de","Voorloopige mededeeling omtrent eene bloeijende Agave americana L. (dusgenaamde honderdjarige aloe??), in den kruidtuin der Leidsche Hoogeschool",1847,,1,25,25,,Floeijende; Agave americana,https://books.google.com.mx/books?id=IUwaAAAAYAAJ&dq=Over+eene+bloeijende.+Agave+americana&hl=es&source=gbs_navlinks_s,,Si,Neerlandés,Monografía,Ciencias de la vida,-,-,-,-,-
Waldschmieldt; Guillermo Ulrich,"Kurtze und gründliche Beschreiburg derer Aloe insgemein, insonderheith aber derer Amerikanischen dur Veranlussung zweier in dem Hoeh fürstlichen Lust-Garten zu Gottorff bald blühenden Amerieanischen Aloen, nebst Joahnn Daniel Majoris. Tractrt von eben dieser Materie",1705,,1,36,36,,Durtze; Beschreiburg; Aloen; Amerikanischen; Veranlussung,-,,No,Alemán,Monografía,Ciencias de la vida,-,-,-,4,-
Waldschmieldt; Guillermo Ulrich,"Americanischen su Gottorff bluhender Aloen fernere beschreiburg, worinnen derselven Blühung und Verblühung, nebst. andern sonderbaharen Anmerkungen Kürtzich cörterf, and einige wieder die herausgegebnene Berchreiburg gemaschte Einwürffe eines guten Freundes bescheidentlich wiederleget werden.",1708,,1,36,36,,Americanischen; Aloen; Beschreiburg; derselben; verblühung,,,No,Alemán,Monografía,Ciencias de la vida,-,-,-,4,-
"Moritz, Wagner","Naturwissenschaftliche Reisen im tropischen Amerika, ausgeführt auf Veranlassung und mit Unterstützung",1870,,1,632,632,,Naturwissenscha; tropishen; Amerika,https://archive.org/details/naturwissenscha00wagngoog/page/n5/mode/2up,,Sí,Alemán,Monografía,Ciencias de la vida,-,-,-,8,-
"Watelet, A.",Sur la floraison d´une agave americana,1859,6,186,187,2,,Sur; floraison; Agave americana,https://www.biodiversitylibrary.org/item/8630#page/192/mode/1up,,Sí,Francés,Artículo,Ciencias de la vida,-,-,6,3,-
"Watson, Sereno",list of plants collected by Dr. Edward Palmer in South- western Chihuhua México,1886,21,414,445,26,,List; plants; South-western; Chihuahua,https://www.biodiversitylibrary.org/item/35733#page/440/mode/1up,,Sí,Inglés,Artículo,Ciencias de la vida,-,-,XXI,,-
"Watson, Sereno",Description of new species of plants chielfly from the pacific states and chihuahua,1886,21,445,455,10,,Description; new Species; pnats; Pacific; Chihuahua,https://www.biodiversitylibrary.org/item/22121#page/497/mode/thumb,,Sí,Inglés,Artículo,Ciencias de la vida,-,-,XXI,,-
"Watson, Sereno",List of plants collected by. Dr. Edward Palmer in the state jalisco mexico,1886,22,396,481,85,,List; Plants; collected; Jalisco,https://www.biodiversitylibrary.org/item/22121#page/418/mode/1up,,Sí,Inglés,Artículo,Ciencias de la vida,-,-,XXII,,-
"Moritz, Wagner",Symbolae ad floram brasiliae cent congnosci.,1878,,19,34,15,,Synbolae; Floram; Brasileae,https://www.biodiversitylibrary.org/bibliography/162877#/summary,,Sí,Latín,Monografía,Ciencias de la vida,40 partes en total,-,-,-,-
"Woeikof, A. von",Reise durch Yucatan und die sudostlichen Provinzen von México 1874,1879,,201,212,11,,Riese; Yucatán; sudostlichen; Provencen; México,https://archive.org/details/petermannsgeogr00langgoog/page/n237,,Sí,Alemán,Artículo,Ciencias de la vida,-,-,-,-,-
"Wedel, Georg Wolfgang","Centuria (duae) exercitation medico-philologicarum sacrarum et profanarum, varias lectiones, experimenta et comentarios curiosos exhibens",1701,,1,80,80,,Centuria duae; medico-philologicarum; lectiones; exhibents,https://reader.digitale-sammlungen.de/de/fs1/object/goToPage/bsb11219709.html?pageNo=1,,Sí,Latín,Monografía,Ciencias de la vida,"Colección de 150 tratados, entre ellos hay tocantes a cosas mexicanas, estos: De Gialapa D. Jenae 1678. 4°; De Añol. Indico. Id. 1689. 4°",-,-,4,-
"Weis, A.",Zur Kenntn de Agave Jacquiniana,1869,,-,-,-,,Kenntn; Agave; Jacquiniana,-,,No,Alemán,Monografía,Ciencias de la vida,-,-,-,-,-
"Wenzing, T. H.",Die Eichenarten Amerika´s,1884,3,175,219,45,,Eichenarten Amerika´s,https://www.biodiversitylibrary.org/item/150896#page/205/mode/1up,,Sí,Alemán,Artículo,Ciencias de la vida,-,-,-,-,-
"Wikstrom, Johan Emanuel",Den amerkanska Agaves eller sa kallade hundrade ariga Aloe´ns natural-historia,1827,,294,308,12,,Amerkanska; Agaves; Kallade; Alo´ns; natural-historia,-,,No,Alemán,Artículo,Ciencias de la vida,-,-,-,-,-
"Wikstrom, Johan Emanuel",Jahresbericht des schwesdischen akademie der Wissenschaften iber die forschritte des botanik in den letzten Jahren von 1820-1837,1846-1847,,1,502,502,,Jahresbericht; akademie; Wissenschaten; Forschritte; Botanik; letzten,https://books.google.com.mx/books?id=kQs0AQAAMAAJ&printsec=frontcover&dq=Jahresbericht+des+schwedischen+akademie+der+Wissenschaften+%C3%BCber+die+fortschritte+des+botanik+in+den+letzten+Jahren&hl=es&sa=X&ved=2ahUKEwixrLm8kIjtAhVLRK0KHa_GBusQ6AEwAHoECAMQAg#v=onepage&q=Jahresbericht%20des%20schwedischen%20akademie%20der%20Wissenschaften%20%C3%BCber%20die%20fortschritte%20des%20botanik%20in%20den%20letzten%20Jahren&f=false,,Sí,Alemán,Monografía,Ciencias de la vida,13 volumenes en total,-,-,-,-
"Williams, John Jay",The isthmus of Tehuantepec. [With] Maps,1852,,1,295,295,,Isthmus of Thehuantepec; maps,"https://books.google.com.mx/books?id=mWV_W8luYckC&q=The+isthmus+of+Tehuantepec+Williams,+John+Jay&dq=The+isthmus+of+Tehuantepec+Williams,+John+Jay&hl=es-419&sa=X&ved=2ahUKEwjDn6We8vTtAhUBcq0KHY75CLUQ6AEwAHoECAMQAg",,No,Inglés,Monografía,Ciencias de la vida,-,-,-,-,-
"Williche, J.","Von d.Ligno Guayaco, v.d china, v.d Sarsa Parilla, v.d Sassafras u.v.d. ligno nephirt",1592,,-,-,-,,Ligno Guayaco; China; Sarza Parrilla; Sassafras,-,,No,Latín,Monografía,Ciencias de la vida,-,-,-,4,-
"Wislizenus, Friedrich Adolph",Memoir of a tour to Northern Mexico concected with col. Doniphan´s expedition in 1846 and 1847.,1848,,1,141,141,,Momoir; tour; Northern; México; expedition,https://ia600503.us.archive.org/35/items/mobot31753000562196/mobot31753000562196.pdf,,Sí,Inglés,Monografía,Ciencias de la vida,,-,-,-,-
"Wolle, Francis",Desmids of the United States and list of American Pediastrums,1848,,1,182,182,,Desmids; Unites States; List; American; Pediastrums,https://www.biodiversitylibrary.org/bibliography/1246#/summary,https://doi.org/10.5962/bhl.title.1246,Sí,Inglés,Monografía,Ciencias de la vida,-,-,-,8,-
"Worp, Juan Ignacio",Del tabaco,-,,-,-,-,,Tabaco,-,,No,Español,Monografía,Ciencias de la vida,-,-,-,-,-
"Xala, San Bartolome de","Discurso físico y político sobre los pulques y sus diversas caidades y beneficios, y sobre su expendio y gravámenes que sufre este ramo importante de agricultura y comercio",-,,-,-,-,,Discurso; político; pulques; cualidades; beneficios; expendio; agricultura; comercio,-,,No,Español,Monografía,Ciencias de la vida,-,-,-,-,-
"Ximenez, Francisco","Quatro libros de la naturaleza y virtudes de las plantas y animales que estan receuidos en el uso de la medicina en la nueva españa y la methodo y corrección y preparación que para administrarllas se requieren con lo que el doctor Francisco Hernandez escriuio en lengua latina. : Muy vtil para todo genero de gente q[ue] viue en esta[n]cias y pueblos, de no ay medicos, ni botica..",1615,,1,203,203,,Quatro; libros plantas; animales; médicina; Nueva España; methodo,https://archive.org/details/quatrolibrosdela00hern/page/n5,,Sí,Español,Monografía,Ciencias de la vida,-,-,-,-,-
"Ximenez, Francisco",Memorial para la salud,-,-,-,-,-,,Memoria; salud,-,,No,Español,Monografía,Ciencias de la vida,-,-,-,-,-
"Yermo, Juan Antonio",Discurso sobre la agricultura en general de la Nueva España,-,,-,-,-,-,Discurso; Agricultura; Nueva España,-,,No,Español,Monografía,Ciencias de la vida,Siglo XVIII,-,-,-,-
"Yorba, J.","Mexican coffea culture. The hystori, proper selection of land, cultivation and preparation y the beau.",1894,,1,72,72,,Mexican; Coffea; Hystori; cultivation; preparation,-,,No,Inglés,Monografía,Ciencias de la vida,-,-,-,8,
"Zanabria, Everardo",Serie veterinaria. Estudio sobre la mazorquilla considerada como planta medicinal,1884,,-,-,-,,Estudio; Mazorquilla; planta; medicinal,-,,No,Español,Monografía,Ciencias de la vida,-,-,-,-,-
"Zaragiza, Luis M.",Algunas consideraciones sobre el cuernecillo de centeno,1875,1,93,95,2,,Consideraciones; Cuernecilllo del Centeno,https://babel.hathitrust.org/cgi/pt?id=mdp.39015076562217;view=1up;seq=95,,Sí,Español,Artículo,Ciencias de la vida,-,-,1,-,-
"Zárate, Mariano",Té mexicano,1876,2,65,65,1,,Té; Mexicano,-,,No,Español,Artículo,Ciencias de la vida,-,-,2,-,-
"Zersi, E.","E., piante vascol. di Brescia",1871,,-,-,-,,Piante; Vasco; Brescia,-,,No,Italiano,Monografía,Ciencias de la vida,,,,,
"Zuccarini, Joseph Gerhard",Monographie der Amerikanicher Oxalisarten,1825,,1,100,100,,Monographie; Amerikanicher; Oxalisarten,http://bibdigital.rjb.csic.es/ing/Libro.php?Libro=5874,,Sí,Alemán,Monografía,Ciencias de la vida,-,-,-,-,-
"Zuccarini, Joseph Gerhard",Nachtras zu der monographie der amerikanicher Oxalisarten,1831,,-,-,-,,Nachtras; Monographie; Amerikanicher,-,,No,Alemán,Monografía,Ciencias de la vida,-,-,-,4,-
"Zuccarini, Joseph Gerhard",Ueber einige pflanze aus den Gattungen Agave und Fourtcroya,1833,,-,-,-,,Pflanze; Gattungen; Agave; Foutcroya,-,,No,Alemán,Monografía,Ciencias de la vida,-,-,-,-,-
"Zuccarini, Joseph Gerhard","Plantarum novarum vel minus cognitaru,, quae in horto botanico herbarioque monacensi servatur",1837,,-,-,-,,Plantarum; novarum; cognitaru; horto botanico; herbarioque; monacensi,-,,No,Alemán,Monografía,Ciencias de la vida,-,-,-,-,-
"Cesi, Federico; Colonna, Fabio; Faber Bamberg de, Johann; Greuter, Johann Friedrich; Mascardi Vitale, floreció; Victor Cruz de la, Felipe Domingo; Stelluti, Francesco; Schreck Terrentius, Johann","Tesoro Mexicano: Rerum medicarum Novae Hispaniae thesaurus, seu, Plantarum animalium mineralium Mexicanorum historia",1651,,,,994,,,https://www.loc.gov/resource/gdcwdl.wdl_19340/?sp=11,https://hdl.loc.gov/loc.wdl/wdl.19340,SÍ,Latín,Monografía,Ciencias de la vida,"Título elaborado, en inglés, por personal de la Biblioteca; ""El Tesoro Messicano se incluye en la Biblioteca Digital Mundial con el apoyo del Instituto para el Léxico Intelectual Europeo y la Historia de las Ideas (ILIESI) -- CNR. ILIESI lidera un proyecto internacional para brindar acceso a ediciones digitales de los principales textos filosóficos, con el fin de facilitar la investigación sobre la historia intercultural de la filosofía. El proyecto rastrea la migración de los conceptos filosóficos de las ediciones originales a las ediciones posteriores y las traducciones de los principales textos"".--Nota extraída de la Biblioteca Digital Mundial; Extensión del recurso original: 950 páginas: ilustraciones, tablas; Referencia extraída de World Digital Library: Luigi Guerrini, The ""Accademia dei Lincei"" and the New World (Berlín: Max Planck Institute for the History of Science, 2008); Recurso original en: Biblioteca de la Academia Nacional de los Lincei y de la Familia Corsini; Contenido en latín; Descripción basada en datos extraídos de la Biblioteca Digital Mundial, que pueden extraerse de instituciones asociadas.",,,,
,Novorum vegetabilium descriptiones,1824,2,1,32,32,,,https://bibdigital.rjb.csic.es/viewer/15614/?offset=#page=10&viewer=picture&o=bookmark&n=0&q=,,SÍ,Latín,Monografía,Ciencias de la vida,,,,,
"Martínez de Lexarza, Juan José",Orchidianum Opusculum,1825,,,,,,,,,No,Latín,Monografía,Ciencias de la vida,,,,,
Urbina y Altamirano Manuel,Los amoles mexicanos. Ensayo botánico,1897,,,,,,Mexicano; Botánico,https://revistas.inah.gob.mx/index.php/anales/article/view/6634,,SÍ,Español,Artículo,Ciencias de la vida,,,,,
